measure_id,expires,commodity,commodity_description,measure_type,geographical_area,additional_code,exporter
20130655,2026-08-30,8712003010,"Consigned from Indonesia, Malaysia, Sri Lanka or Tunisia",552,ID,12386,"P.T. Terang Dunia Internusa, (United Bike), Jl. Anggrek Neli Murni 114 Slipi, 11480, Jakarta Barat, Indonesia"
20130673,2026-08-30,8712003010,"Consigned from Indonesia, Malaysia, Sri Lanka or Tunisia",552,TN,12776,Look Design System S.A.
20130656,2026-08-30,8712007091,"Consigned from Indonesia, Malaysia, Sri Lanka or Tunisia",552,ID,12386,"P.T. Terang Dunia Internusa, (United Bike), Jl. Anggrek Neli Murni 114 Slipi, 11480, Jakarta Barat, Indonesia"
20234489,2027-01-25,8708701015,"fitted with pneumatic tyres, new or retreaded, of rubber, of a kind used for buses or lorries, with a load index exceedi",552,CN,14047,Forged aluminium road wheels
20234493,2027-01-25,8708701015,"fitted with pneumatic tyres, new or retreaded, of rubber, of a kind used for buses or lorries, with a load index exceedi",552,CN,14048,Cast aluminium road wheels
20234490,2027-01-25,8708701050,Other,552,CN,14047,Forged aluminium road wheels
20234494,2027-01-25,8708701050,Other,552,CN,14048,Cast aluminium road wheels
20234491,2027-01-25,8708705015,"fitted with pneumatic tyres, new or retreaded, of rubber, of a kind used for buses or lorries, with a load index exceedi",552,CN,14047,Forged aluminium road wheels
20234495,2027-01-25,8708705015,"fitted with pneumatic tyres, new or retreaded, of rubber, of a kind used for buses or lorries, with a load index exceedi",552,CN,14048,Cast aluminium road wheels
20234492,2027-01-25,8708705050,Other,552,CN,14047,Forged aluminium road wheels
20234496,2027-01-25,8708705050,Other,552,CN,14048,Cast aluminium road wheels
20286560,2027-02-20,8427101010,"Mobile access equipment designed for the lifting of persons, with a maximum working height of 6 meters or more",551,CN,14101,Zhejiang Dingli Machinery Co Ltd
20286575,2027-02-20,8427101010,"Mobile access equipment designed for the lifting of persons, with a maximum working height of 6 meters or more",551,CN,14102,Lingong Heavy Machinery Co Ltd
20286605,2027-02-20,8427101010,"Mobile access equipment designed for the lifting of persons, with a maximum working height of 6 meters or more",551,CN,14103,Fronteq (Changzhou) Machinery Co Ltd.
20286620,2027-02-20,8427101010,"Mobile access equipment designed for the lifting of persons, with a maximum working height of 6 meters or more",551,CN,14104,Sunward Intelligent Equipment Co Ltd
20286635,2027-02-20,8427101010,"Mobile access equipment designed for the lifting of persons, with a maximum working height of 6 meters or more",551,CN,14105,Oshkosh JLG (Tianjin) Equipment Technology Co Ltd (“JLG Tianjin”)
20286650,2027-02-20,8427101010,"Mobile access equipment designed for the lifting of persons, with a maximum working height of 6 meters or more",551,CN,14106,"Jiangsu LiuGong Machinery Co Ltd, a PRC producer"
20286665,2027-02-20,8427101010,"Mobile access equipment designed for the lifting of persons, with a maximum working height of 6 meters or more",551,CN,14107,Terex (Changzhou) Machinery Co Ltd (“Terex Changzhou”)
20286680,2027-02-20,8427101010,"Mobile access equipment designed for the lifting of persons, with a maximum working height of 6 meters or more",551,CN,14108,Zoomlion Intelligent Access Machinery Co Ltd
20286695,2027-02-20,8427101010,"Mobile access equipment designed for the lifting of persons, with a maximum working height of 6 meters or more",551,CN,14109,Hered (Shandong) Intelligent Technology Co Ltd
20286710,2027-02-20,8427101010,"Mobile access equipment designed for the lifting of persons, with a maximum working height of 6 meters or more",551,CN,14110,"XCMG Group, including:<br><br>&amp;bull; XCMG Fire-Fighting Safety Equipment Co Ltd, the PRC producer<br><br>&amp;bull; "
20286725,2027-02-20,8427101010,"Mobile access equipment designed for the lifting of persons, with a maximum working height of 6 meters or more",551,CN,14111,Hunan Sinoboom Intelligent Equipment Co Ltd (“Sinoboom”)
20286740,2027-02-20,8427101010,"Mobile access equipment designed for the lifting of persons, with a maximum working height of 6 meters or more",551,CN,14112,Haulotte Access Equipment Manufacturing (Changzhou) Co Ltd
20286755,2027-02-20,8427101010,"Mobile access equipment designed for the lifting of persons, with a maximum working height of 6 meters or more",551,CN,14113,Shandong Chufeng Heavy Industry Machinery Co Ltd
20286770,2027-02-20,8427101010,"Mobile access equipment designed for the lifting of persons, with a maximum working height of 6 meters or more",551,CN,14114,Joovoo Industries Inc
20286785,2027-02-20,8427101010,"Mobile access equipment designed for the lifting of persons, with a maximum working height of 6 meters or more",551,CN,14115,Jinan Juxin Machinery Co Ltd
20286800,2027-02-20,8427101010,"Mobile access equipment designed for the lifting of persons, with a maximum working height of 6 meters or more",551,CN,14091,Goods which do not fall within the goods description are excluded from the measure<BR><br><br>* These goods are excluded
20286590,2027-02-20,8427101010,"Mobile access equipment designed for the lifting of persons, with a maximum working height of 6 meters or more",551,CN,11386,All other overseas exporters (residual amount)
20286561,2027-02-20,8427101090,Other,551,CN,14101,Zhejiang Dingli Machinery Co Ltd
20286576,2027-02-20,8427101090,Other,551,CN,14102,Lingong Heavy Machinery Co Ltd
20286606,2027-02-20,8427101090,Other,551,CN,14103,Fronteq (Changzhou) Machinery Co Ltd.
20286621,2027-02-20,8427101090,Other,551,CN,14104,Sunward Intelligent Equipment Co Ltd
20286636,2027-02-20,8427101090,Other,551,CN,14105,Oshkosh JLG (Tianjin) Equipment Technology Co Ltd (“JLG Tianjin”)
20286651,2027-02-20,8427101090,Other,551,CN,14106,"Jiangsu LiuGong Machinery Co Ltd, a PRC producer"
20286666,2027-02-20,8427101090,Other,551,CN,14107,Terex (Changzhou) Machinery Co Ltd (“Terex Changzhou”)
20286681,2027-02-20,8427101090,Other,551,CN,14108,Zoomlion Intelligent Access Machinery Co Ltd
20286696,2027-02-20,8427101090,Other,551,CN,14109,Hered (Shandong) Intelligent Technology Co Ltd
20286711,2027-02-20,8427101090,Other,551,CN,14110,"XCMG Group, including:<br><br>&amp;bull; XCMG Fire-Fighting Safety Equipment Co Ltd, the PRC producer<br><br>&amp;bull; "
20286726,2027-02-20,8427101090,Other,551,CN,14111,Hunan Sinoboom Intelligent Equipment Co Ltd (“Sinoboom”)
20286741,2027-02-20,8427101090,Other,551,CN,14112,Haulotte Access Equipment Manufacturing (Changzhou) Co Ltd
20286756,2027-02-20,8427101090,Other,551,CN,14113,Shandong Chufeng Heavy Industry Machinery Co Ltd
20286771,2027-02-20,8427101090,Other,551,CN,14114,Joovoo Industries Inc
20286786,2027-02-20,8427101090,Other,551,CN,14115,Jinan Juxin Machinery Co Ltd
20286801,2027-02-20,8427101090,Other,551,CN,14091,Goods which do not fall within the goods description are excluded from the measure<BR><br><br>* These goods are excluded
20286591,2027-02-20,8427101090,Other,551,CN,11386,All other overseas exporters (residual amount)
20286562,2027-02-20,8427109000,Other,551,CN,14101,Zhejiang Dingli Machinery Co Ltd
20286577,2027-02-20,8427109000,Other,551,CN,14102,Lingong Heavy Machinery Co Ltd
20286607,2027-02-20,8427109000,Other,551,CN,14103,Fronteq (Changzhou) Machinery Co Ltd.
20286622,2027-02-20,8427109000,Other,551,CN,14104,Sunward Intelligent Equipment Co Ltd
20286637,2027-02-20,8427109000,Other,551,CN,14105,Oshkosh JLG (Tianjin) Equipment Technology Co Ltd (“JLG Tianjin”)
20286652,2027-02-20,8427109000,Other,551,CN,14106,"Jiangsu LiuGong Machinery Co Ltd, a PRC producer"
20286667,2027-02-20,8427109000,Other,551,CN,14107,Terex (Changzhou) Machinery Co Ltd (“Terex Changzhou”)
20286682,2027-02-20,8427109000,Other,551,CN,14108,Zoomlion Intelligent Access Machinery Co Ltd
20286697,2027-02-20,8427109000,Other,551,CN,14109,Hered (Shandong) Intelligent Technology Co Ltd
20286712,2027-02-20,8427109000,Other,551,CN,14110,"XCMG Group, including:<br><br>&amp;bull; XCMG Fire-Fighting Safety Equipment Co Ltd, the PRC producer<br><br>&amp;bull; "
20286727,2027-02-20,8427109000,Other,551,CN,14111,Hunan Sinoboom Intelligent Equipment Co Ltd (“Sinoboom”)
20286742,2027-02-20,8427109000,Other,551,CN,14112,Haulotte Access Equipment Manufacturing (Changzhou) Co Ltd
20286757,2027-02-20,8427109000,Other,551,CN,14113,Shandong Chufeng Heavy Industry Machinery Co Ltd
20286772,2027-02-20,8427109000,Other,551,CN,14114,Joovoo Industries Inc
20286787,2027-02-20,8427109000,Other,551,CN,14115,Jinan Juxin Machinery Co Ltd
20286802,2027-02-20,8427109000,Other,551,CN,14091,Goods which do not fall within the goods description are excluded from the measure<BR><br><br>* These goods are excluded
20286592,2027-02-20,8427109000,Other,551,CN,11386,All other overseas exporters (residual amount)
20286563,2027-02-20,8427201910,"Mobile access equipment designed for the lifting of persons, with a maximum working height of 6 meters or more",551,CN,14101,Zhejiang Dingli Machinery Co Ltd
20286578,2027-02-20,8427201910,"Mobile access equipment designed for the lifting of persons, with a maximum working height of 6 meters or more",551,CN,14102,Lingong Heavy Machinery Co Ltd
20286608,2027-02-20,8427201910,"Mobile access equipment designed for the lifting of persons, with a maximum working height of 6 meters or more",551,CN,14103,Fronteq (Changzhou) Machinery Co Ltd.
20286623,2027-02-20,8427201910,"Mobile access equipment designed for the lifting of persons, with a maximum working height of 6 meters or more",551,CN,14104,Sunward Intelligent Equipment Co Ltd
20286638,2027-02-20,8427201910,"Mobile access equipment designed for the lifting of persons, with a maximum working height of 6 meters or more",551,CN,14105,Oshkosh JLG (Tianjin) Equipment Technology Co Ltd (“JLG Tianjin”)
20286653,2027-02-20,8427201910,"Mobile access equipment designed for the lifting of persons, with a maximum working height of 6 meters or more",551,CN,14106,"Jiangsu LiuGong Machinery Co Ltd, a PRC producer"
20286668,2027-02-20,8427201910,"Mobile access equipment designed for the lifting of persons, with a maximum working height of 6 meters or more",551,CN,14107,Terex (Changzhou) Machinery Co Ltd (“Terex Changzhou”)
20286683,2027-02-20,8427201910,"Mobile access equipment designed for the lifting of persons, with a maximum working height of 6 meters or more",551,CN,14108,Zoomlion Intelligent Access Machinery Co Ltd
20286698,2027-02-20,8427201910,"Mobile access equipment designed for the lifting of persons, with a maximum working height of 6 meters or more",551,CN,14109,Hered (Shandong) Intelligent Technology Co Ltd
20286713,2027-02-20,8427201910,"Mobile access equipment designed for the lifting of persons, with a maximum working height of 6 meters or more",551,CN,14110,"XCMG Group, including:<br><br>&amp;bull; XCMG Fire-Fighting Safety Equipment Co Ltd, the PRC producer<br><br>&amp;bull; "
20286728,2027-02-20,8427201910,"Mobile access equipment designed for the lifting of persons, with a maximum working height of 6 meters or more",551,CN,14111,Hunan Sinoboom Intelligent Equipment Co Ltd (“Sinoboom”)
20286743,2027-02-20,8427201910,"Mobile access equipment designed for the lifting of persons, with a maximum working height of 6 meters or more",551,CN,14112,Haulotte Access Equipment Manufacturing (Changzhou) Co Ltd
20286758,2027-02-20,8427201910,"Mobile access equipment designed for the lifting of persons, with a maximum working height of 6 meters or more",551,CN,14113,Shandong Chufeng Heavy Industry Machinery Co Ltd
20286773,2027-02-20,8427201910,"Mobile access equipment designed for the lifting of persons, with a maximum working height of 6 meters or more",551,CN,14114,Joovoo Industries Inc
20286788,2027-02-20,8427201910,"Mobile access equipment designed for the lifting of persons, with a maximum working height of 6 meters or more",551,CN,14115,Jinan Juxin Machinery Co Ltd
20286803,2027-02-20,8427201910,"Mobile access equipment designed for the lifting of persons, with a maximum working height of 6 meters or more",551,CN,14091,Goods which do not fall within the goods description are excluded from the measure<BR><br><br>* These goods are excluded
20286593,2027-02-20,8427201910,"Mobile access equipment designed for the lifting of persons, with a maximum working height of 6 meters or more",551,CN,11386,All other overseas exporters (residual amount)
20286564,2027-02-20,8427201990,Other,551,CN,14101,Zhejiang Dingli Machinery Co Ltd
20286579,2027-02-20,8427201990,Other,551,CN,14102,Lingong Heavy Machinery Co Ltd
20286609,2027-02-20,8427201990,Other,551,CN,14103,Fronteq (Changzhou) Machinery Co Ltd.
20286624,2027-02-20,8427201990,Other,551,CN,14104,Sunward Intelligent Equipment Co Ltd
20286639,2027-02-20,8427201990,Other,551,CN,14105,Oshkosh JLG (Tianjin) Equipment Technology Co Ltd (“JLG Tianjin”)
20286654,2027-02-20,8427201990,Other,551,CN,14106,"Jiangsu LiuGong Machinery Co Ltd, a PRC producer"
20286669,2027-02-20,8427201990,Other,551,CN,14107,Terex (Changzhou) Machinery Co Ltd (“Terex Changzhou”)
20286684,2027-02-20,8427201990,Other,551,CN,14108,Zoomlion Intelligent Access Machinery Co Ltd
20286699,2027-02-20,8427201990,Other,551,CN,14109,Hered (Shandong) Intelligent Technology Co Ltd
20286714,2027-02-20,8427201990,Other,551,CN,14110,"XCMG Group, including:<br><br>&amp;bull; XCMG Fire-Fighting Safety Equipment Co Ltd, the PRC producer<br><br>&amp;bull; "
20286729,2027-02-20,8427201990,Other,551,CN,14111,Hunan Sinoboom Intelligent Equipment Co Ltd (“Sinoboom”)
20286744,2027-02-20,8427201990,Other,551,CN,14112,Haulotte Access Equipment Manufacturing (Changzhou) Co Ltd
20286759,2027-02-20,8427201990,Other,551,CN,14113,Shandong Chufeng Heavy Industry Machinery Co Ltd
20286774,2027-02-20,8427201990,Other,551,CN,14114,Joovoo Industries Inc
20286789,2027-02-20,8427201990,Other,551,CN,14115,Jinan Juxin Machinery Co Ltd
20286804,2027-02-20,8427201990,Other,551,CN,14091,Goods which do not fall within the goods description are excluded from the measure<BR><br><br>* These goods are excluded
20286594,2027-02-20,8427201990,Other,551,CN,11386,All other overseas exporters (residual amount)
20286565,2027-02-20,8427209000,Other,551,CN,14101,Zhejiang Dingli Machinery Co Ltd
20286580,2027-02-20,8427209000,Other,551,CN,14102,Lingong Heavy Machinery Co Ltd
20286610,2027-02-20,8427209000,Other,551,CN,14103,Fronteq (Changzhou) Machinery Co Ltd.
20286625,2027-02-20,8427209000,Other,551,CN,14104,Sunward Intelligent Equipment Co Ltd
20286640,2027-02-20,8427209000,Other,551,CN,14105,Oshkosh JLG (Tianjin) Equipment Technology Co Ltd (“JLG Tianjin”)
20286655,2027-02-20,8427209000,Other,551,CN,14106,"Jiangsu LiuGong Machinery Co Ltd, a PRC producer"
20286670,2027-02-20,8427209000,Other,551,CN,14107,Terex (Changzhou) Machinery Co Ltd (“Terex Changzhou”)
20286685,2027-02-20,8427209000,Other,551,CN,14108,Zoomlion Intelligent Access Machinery Co Ltd
20286700,2027-02-20,8427209000,Other,551,CN,14109,Hered (Shandong) Intelligent Technology Co Ltd
20286715,2027-02-20,8427209000,Other,551,CN,14110,"XCMG Group, including:<br><br>&amp;bull; XCMG Fire-Fighting Safety Equipment Co Ltd, the PRC producer<br><br>&amp;bull; "
20286730,2027-02-20,8427209000,Other,551,CN,14111,Hunan Sinoboom Intelligent Equipment Co Ltd (“Sinoboom”)
20286745,2027-02-20,8427209000,Other,551,CN,14112,Haulotte Access Equipment Manufacturing (Changzhou) Co Ltd
20286760,2027-02-20,8427209000,Other,551,CN,14113,Shandong Chufeng Heavy Industry Machinery Co Ltd
20286775,2027-02-20,8427209000,Other,551,CN,14114,Joovoo Industries Inc
20286790,2027-02-20,8427209000,Other,551,CN,14115,Jinan Juxin Machinery Co Ltd
20286805,2027-02-20,8427209000,Other,551,CN,14091,Goods which do not fall within the goods description are excluded from the measure<BR><br><br>* These goods are excluded
20286595,2027-02-20,8427209000,Other,551,CN,11386,All other overseas exporters (residual amount)
20286566,2027-02-20,8427900080,Other,551,CN,14101,Zhejiang Dingli Machinery Co Ltd
20286581,2027-02-20,8427900080,Other,551,CN,14102,Lingong Heavy Machinery Co Ltd
20286611,2027-02-20,8427900080,Other,551,CN,14103,Fronteq (Changzhou) Machinery Co Ltd.
20286626,2027-02-20,8427900080,Other,551,CN,14104,Sunward Intelligent Equipment Co Ltd
20286641,2027-02-20,8427900080,Other,551,CN,14105,Oshkosh JLG (Tianjin) Equipment Technology Co Ltd (“JLG Tianjin”)
20286656,2027-02-20,8427900080,Other,551,CN,14106,"Jiangsu LiuGong Machinery Co Ltd, a PRC producer"
20286671,2027-02-20,8427900080,Other,551,CN,14107,Terex (Changzhou) Machinery Co Ltd (“Terex Changzhou”)
20286686,2027-02-20,8427900080,Other,551,CN,14108,Zoomlion Intelligent Access Machinery Co Ltd
20286701,2027-02-20,8427900080,Other,551,CN,14109,Hered (Shandong) Intelligent Technology Co Ltd
20286716,2027-02-20,8427900080,Other,551,CN,14110,"XCMG Group, including:<br><br>&amp;bull; XCMG Fire-Fighting Safety Equipment Co Ltd, the PRC producer<br><br>&amp;bull; "
20286731,2027-02-20,8427900080,Other,551,CN,14111,Hunan Sinoboom Intelligent Equipment Co Ltd (“Sinoboom”)
20286746,2027-02-20,8427900080,Other,551,CN,14112,Haulotte Access Equipment Manufacturing (Changzhou) Co Ltd
20286761,2027-02-20,8427900080,Other,551,CN,14113,Shandong Chufeng Heavy Industry Machinery Co Ltd
20286776,2027-02-20,8427900080,Other,551,CN,14114,Joovoo Industries Inc
20286791,2027-02-20,8427900080,Other,551,CN,14115,Jinan Juxin Machinery Co Ltd
20286806,2027-02-20,8427900080,Other,551,CN,14091,Goods which do not fall within the goods description are excluded from the measure<BR><br><br>* These goods are excluded
20286596,2027-02-20,8427900080,Other,551,CN,11386,All other overseas exporters (residual amount)
20286567,2027-02-20,8428102000,Electrically operated,551,CN,14101,Zhejiang Dingli Machinery Co Ltd
20286582,2027-02-20,8428102000,Electrically operated,551,CN,14102,Lingong Heavy Machinery Co Ltd
20286612,2027-02-20,8428102000,Electrically operated,551,CN,14103,Fronteq (Changzhou) Machinery Co Ltd.
20286627,2027-02-20,8428102000,Electrically operated,551,CN,14104,Sunward Intelligent Equipment Co Ltd
20286642,2027-02-20,8428102000,Electrically operated,551,CN,14105,Oshkosh JLG (Tianjin) Equipment Technology Co Ltd (“JLG Tianjin”)
20286657,2027-02-20,8428102000,Electrically operated,551,CN,14106,"Jiangsu LiuGong Machinery Co Ltd, a PRC producer"
20286672,2027-02-20,8428102000,Electrically operated,551,CN,14107,Terex (Changzhou) Machinery Co Ltd (“Terex Changzhou”)
20286687,2027-02-20,8428102000,Electrically operated,551,CN,14108,Zoomlion Intelligent Access Machinery Co Ltd
20286702,2027-02-20,8428102000,Electrically operated,551,CN,14109,Hered (Shandong) Intelligent Technology Co Ltd
20286717,2027-02-20,8428102000,Electrically operated,551,CN,14110,"XCMG Group, including:<br><br>&amp;bull; XCMG Fire-Fighting Safety Equipment Co Ltd, the PRC producer<br><br>&amp;bull; "
20286732,2027-02-20,8428102000,Electrically operated,551,CN,14111,Hunan Sinoboom Intelligent Equipment Co Ltd (“Sinoboom”)
20286747,2027-02-20,8428102000,Electrically operated,551,CN,14112,Haulotte Access Equipment Manufacturing (Changzhou) Co Ltd
20286762,2027-02-20,8428102000,Electrically operated,551,CN,14113,Shandong Chufeng Heavy Industry Machinery Co Ltd
20286777,2027-02-20,8428102000,Electrically operated,551,CN,14114,Joovoo Industries Inc
20286792,2027-02-20,8428102000,Electrically operated,551,CN,14115,Jinan Juxin Machinery Co Ltd
20286807,2027-02-20,8428102000,Electrically operated,551,CN,14091,Goods which do not fall within the goods description are excluded from the measure<BR><br><br>* These goods are excluded
20286597,2027-02-20,8428102000,Electrically operated,551,CN,11386,All other overseas exporters (residual amount)
20286568,2027-02-20,8428108000,Other,551,CN,14101,Zhejiang Dingli Machinery Co Ltd
20286583,2027-02-20,8428108000,Other,551,CN,14102,Lingong Heavy Machinery Co Ltd
20286613,2027-02-20,8428108000,Other,551,CN,14103,Fronteq (Changzhou) Machinery Co Ltd.
20286628,2027-02-20,8428108000,Other,551,CN,14104,Sunward Intelligent Equipment Co Ltd
20286643,2027-02-20,8428108000,Other,551,CN,14105,Oshkosh JLG (Tianjin) Equipment Technology Co Ltd (“JLG Tianjin”)
20286658,2027-02-20,8428108000,Other,551,CN,14106,"Jiangsu LiuGong Machinery Co Ltd, a PRC producer"
20286673,2027-02-20,8428108000,Other,551,CN,14107,Terex (Changzhou) Machinery Co Ltd (“Terex Changzhou”)
20286688,2027-02-20,8428108000,Other,551,CN,14108,Zoomlion Intelligent Access Machinery Co Ltd
20286703,2027-02-20,8428108000,Other,551,CN,14109,Hered (Shandong) Intelligent Technology Co Ltd
20286718,2027-02-20,8428108000,Other,551,CN,14110,"XCMG Group, including:<br><br>&amp;bull; XCMG Fire-Fighting Safety Equipment Co Ltd, the PRC producer<br><br>&amp;bull; "
20286733,2027-02-20,8428108000,Other,551,CN,14111,Hunan Sinoboom Intelligent Equipment Co Ltd (“Sinoboom”)
20286748,2027-02-20,8428108000,Other,551,CN,14112,Haulotte Access Equipment Manufacturing (Changzhou) Co Ltd
20286763,2027-02-20,8428108000,Other,551,CN,14113,Shandong Chufeng Heavy Industry Machinery Co Ltd
20286778,2027-02-20,8428108000,Other,551,CN,14114,Joovoo Industries Inc
20286793,2027-02-20,8428108000,Other,551,CN,14115,Jinan Juxin Machinery Co Ltd
20286808,2027-02-20,8428108000,Other,551,CN,14091,Goods which do not fall within the goods description are excluded from the measure<BR><br><br>* These goods are excluded
20286598,2027-02-20,8428108000,Other,551,CN,11386,All other overseas exporters (residual amount)
20286569,2027-02-20,8428909020,"Mobile access equipment designed for the lifting of persons, self-propelled, with a maximum working height of 6 meters o",551,CN,14101,Zhejiang Dingli Machinery Co Ltd
20286584,2027-02-20,8428909020,"Mobile access equipment designed for the lifting of persons, self-propelled, with a maximum working height of 6 meters o",551,CN,14102,Lingong Heavy Machinery Co Ltd
20286614,2027-02-20,8428909020,"Mobile access equipment designed for the lifting of persons, self-propelled, with a maximum working height of 6 meters o",551,CN,14103,Fronteq (Changzhou) Machinery Co Ltd.
20286629,2027-02-20,8428909020,"Mobile access equipment designed for the lifting of persons, self-propelled, with a maximum working height of 6 meters o",551,CN,14104,Sunward Intelligent Equipment Co Ltd
20286644,2027-02-20,8428909020,"Mobile access equipment designed for the lifting of persons, self-propelled, with a maximum working height of 6 meters o",551,CN,14105,Oshkosh JLG (Tianjin) Equipment Technology Co Ltd (“JLG Tianjin”)
20286659,2027-02-20,8428909020,"Mobile access equipment designed for the lifting of persons, self-propelled, with a maximum working height of 6 meters o",551,CN,14106,"Jiangsu LiuGong Machinery Co Ltd, a PRC producer"
20286674,2027-02-20,8428909020,"Mobile access equipment designed for the lifting of persons, self-propelled, with a maximum working height of 6 meters o",551,CN,14107,Terex (Changzhou) Machinery Co Ltd (“Terex Changzhou”)
20286689,2027-02-20,8428909020,"Mobile access equipment designed for the lifting of persons, self-propelled, with a maximum working height of 6 meters o",551,CN,14108,Zoomlion Intelligent Access Machinery Co Ltd
20286704,2027-02-20,8428909020,"Mobile access equipment designed for the lifting of persons, self-propelled, with a maximum working height of 6 meters o",551,CN,14109,Hered (Shandong) Intelligent Technology Co Ltd
20286719,2027-02-20,8428909020,"Mobile access equipment designed for the lifting of persons, self-propelled, with a maximum working height of 6 meters o",551,CN,14110,"XCMG Group, including:<br><br>&amp;bull; XCMG Fire-Fighting Safety Equipment Co Ltd, the PRC producer<br><br>&amp;bull; "
20286734,2027-02-20,8428909020,"Mobile access equipment designed for the lifting of persons, self-propelled, with a maximum working height of 6 meters o",551,CN,14111,Hunan Sinoboom Intelligent Equipment Co Ltd (“Sinoboom”)
20286749,2027-02-20,8428909020,"Mobile access equipment designed for the lifting of persons, self-propelled, with a maximum working height of 6 meters o",551,CN,14112,Haulotte Access Equipment Manufacturing (Changzhou) Co Ltd
20286764,2027-02-20,8428909020,"Mobile access equipment designed for the lifting of persons, self-propelled, with a maximum working height of 6 meters o",551,CN,14113,Shandong Chufeng Heavy Industry Machinery Co Ltd
20286779,2027-02-20,8428909020,"Mobile access equipment designed for the lifting of persons, self-propelled, with a maximum working height of 6 meters o",551,CN,14114,Joovoo Industries Inc
20286794,2027-02-20,8428909020,"Mobile access equipment designed for the lifting of persons, self-propelled, with a maximum working height of 6 meters o",551,CN,14115,Jinan Juxin Machinery Co Ltd
20286809,2027-02-20,8428909020,"Mobile access equipment designed for the lifting of persons, self-propelled, with a maximum working height of 6 meters o",551,CN,14091,Goods which do not fall within the goods description are excluded from the measure<BR><br><br>* These goods are excluded
20286599,2027-02-20,8428909020,"Mobile access equipment designed for the lifting of persons, self-propelled, with a maximum working height of 6 meters o",551,CN,11386,All other overseas exporters (residual amount)
20286570,2027-02-20,8428909080,Other,551,CN,14101,Zhejiang Dingli Machinery Co Ltd
20286585,2027-02-20,8428909080,Other,551,CN,14102,Lingong Heavy Machinery Co Ltd
20286615,2027-02-20,8428909080,Other,551,CN,14103,Fronteq (Changzhou) Machinery Co Ltd.
20286630,2027-02-20,8428909080,Other,551,CN,14104,Sunward Intelligent Equipment Co Ltd
20286645,2027-02-20,8428909080,Other,551,CN,14105,Oshkosh JLG (Tianjin) Equipment Technology Co Ltd (“JLG Tianjin”)
20286660,2027-02-20,8428909080,Other,551,CN,14106,"Jiangsu LiuGong Machinery Co Ltd, a PRC producer"
20286675,2027-02-20,8428909080,Other,551,CN,14107,Terex (Changzhou) Machinery Co Ltd (“Terex Changzhou”)
20286690,2027-02-20,8428909080,Other,551,CN,14108,Zoomlion Intelligent Access Machinery Co Ltd
20286705,2027-02-20,8428909080,Other,551,CN,14109,Hered (Shandong) Intelligent Technology Co Ltd
20286720,2027-02-20,8428909080,Other,551,CN,14110,"XCMG Group, including:<br><br>&amp;bull; XCMG Fire-Fighting Safety Equipment Co Ltd, the PRC producer<br><br>&amp;bull; "
20286735,2027-02-20,8428909080,Other,551,CN,14111,Hunan Sinoboom Intelligent Equipment Co Ltd (“Sinoboom”)
20286750,2027-02-20,8428909080,Other,551,CN,14112,Haulotte Access Equipment Manufacturing (Changzhou) Co Ltd
20286765,2027-02-20,8428909080,Other,551,CN,14113,Shandong Chufeng Heavy Industry Machinery Co Ltd
20286780,2027-02-20,8428909080,Other,551,CN,14114,Joovoo Industries Inc
20286795,2027-02-20,8428909080,Other,551,CN,14115,Jinan Juxin Machinery Co Ltd
20286810,2027-02-20,8428909080,Other,551,CN,14091,Goods which do not fall within the goods description are excluded from the measure<BR><br><br>* These goods are excluded
20286600,2027-02-20,8428909080,Other,551,CN,11386,All other overseas exporters (residual amount)
20286571,2027-02-20,8431200060,Pre-assembled or ready-to-assemble sections of self-propelled mobile access equipment designed for the lifting of person,551,CN,14101,Zhejiang Dingli Machinery Co Ltd
20286586,2027-02-20,8431200060,Pre-assembled or ready-to-assemble sections of self-propelled mobile access equipment designed for the lifting of person,551,CN,14102,Lingong Heavy Machinery Co Ltd
20286616,2027-02-20,8431200060,Pre-assembled or ready-to-assemble sections of self-propelled mobile access equipment designed for the lifting of person,551,CN,14103,Fronteq (Changzhou) Machinery Co Ltd.
20286631,2027-02-20,8431200060,Pre-assembled or ready-to-assemble sections of self-propelled mobile access equipment designed for the lifting of person,551,CN,14104,Sunward Intelligent Equipment Co Ltd
20286646,2027-02-20,8431200060,Pre-assembled or ready-to-assemble sections of self-propelled mobile access equipment designed for the lifting of person,551,CN,14105,Oshkosh JLG (Tianjin) Equipment Technology Co Ltd (“JLG Tianjin”)
20286661,2027-02-20,8431200060,Pre-assembled or ready-to-assemble sections of self-propelled mobile access equipment designed for the lifting of person,551,CN,14106,"Jiangsu LiuGong Machinery Co Ltd, a PRC producer"
20286676,2027-02-20,8431200060,Pre-assembled or ready-to-assemble sections of self-propelled mobile access equipment designed for the lifting of person,551,CN,14107,Terex (Changzhou) Machinery Co Ltd (“Terex Changzhou”)
20286691,2027-02-20,8431200060,Pre-assembled or ready-to-assemble sections of self-propelled mobile access equipment designed for the lifting of person,551,CN,14108,Zoomlion Intelligent Access Machinery Co Ltd
20286706,2027-02-20,8431200060,Pre-assembled or ready-to-assemble sections of self-propelled mobile access equipment designed for the lifting of person,551,CN,14109,Hered (Shandong) Intelligent Technology Co Ltd
20286721,2027-02-20,8431200060,Pre-assembled or ready-to-assemble sections of self-propelled mobile access equipment designed for the lifting of person,551,CN,14110,"XCMG Group, including:<br><br>&amp;bull; XCMG Fire-Fighting Safety Equipment Co Ltd, the PRC producer<br><br>&amp;bull; "
20286736,2027-02-20,8431200060,Pre-assembled or ready-to-assemble sections of self-propelled mobile access equipment designed for the lifting of person,551,CN,14111,Hunan Sinoboom Intelligent Equipment Co Ltd (“Sinoboom”)
20286751,2027-02-20,8431200060,Pre-assembled or ready-to-assemble sections of self-propelled mobile access equipment designed for the lifting of person,551,CN,14112,Haulotte Access Equipment Manufacturing (Changzhou) Co Ltd
20286766,2027-02-20,8431200060,Pre-assembled or ready-to-assemble sections of self-propelled mobile access equipment designed for the lifting of person,551,CN,14113,Shandong Chufeng Heavy Industry Machinery Co Ltd
20286781,2027-02-20,8431200060,Pre-assembled or ready-to-assemble sections of self-propelled mobile access equipment designed for the lifting of person,551,CN,14114,Joovoo Industries Inc
20286796,2027-02-20,8431200060,Pre-assembled or ready-to-assemble sections of self-propelled mobile access equipment designed for the lifting of person,551,CN,14115,Jinan Juxin Machinery Co Ltd
20286811,2027-02-20,8431200060,Pre-assembled or ready-to-assemble sections of self-propelled mobile access equipment designed for the lifting of person,551,CN,14091,Goods which do not fall within the goods description are excluded from the measure<BR><br><br>* These goods are excluded
20286601,2027-02-20,8431200060,Pre-assembled or ready-to-assemble sections of self-propelled mobile access equipment designed for the lifting of person,551,CN,11386,All other overseas exporters (residual amount)
20286572,2027-02-20,8431310000,"Of lifts, skip hoists or escalators",551,CN,14101,Zhejiang Dingli Machinery Co Ltd
20286587,2027-02-20,8431310000,"Of lifts, skip hoists or escalators",551,CN,14102,Lingong Heavy Machinery Co Ltd
20286617,2027-02-20,8431310000,"Of lifts, skip hoists or escalators",551,CN,14103,Fronteq (Changzhou) Machinery Co Ltd.
20286632,2027-02-20,8431310000,"Of lifts, skip hoists or escalators",551,CN,14104,Sunward Intelligent Equipment Co Ltd
20286647,2027-02-20,8431310000,"Of lifts, skip hoists or escalators",551,CN,14105,Oshkosh JLG (Tianjin) Equipment Technology Co Ltd (“JLG Tianjin”)
20286662,2027-02-20,8431310000,"Of lifts, skip hoists or escalators",551,CN,14106,"Jiangsu LiuGong Machinery Co Ltd, a PRC producer"
20286677,2027-02-20,8431310000,"Of lifts, skip hoists or escalators",551,CN,14107,Terex (Changzhou) Machinery Co Ltd (“Terex Changzhou”)
20286692,2027-02-20,8431310000,"Of lifts, skip hoists or escalators",551,CN,14108,Zoomlion Intelligent Access Machinery Co Ltd
20286707,2027-02-20,8431310000,"Of lifts, skip hoists or escalators",551,CN,14109,Hered (Shandong) Intelligent Technology Co Ltd
20286722,2027-02-20,8431310000,"Of lifts, skip hoists or escalators",551,CN,14110,"XCMG Group, including:<br><br>&amp;bull; XCMG Fire-Fighting Safety Equipment Co Ltd, the PRC producer<br><br>&amp;bull; "
20286737,2027-02-20,8431310000,"Of lifts, skip hoists or escalators",551,CN,14111,Hunan Sinoboom Intelligent Equipment Co Ltd (“Sinoboom”)
20286752,2027-02-20,8431310000,"Of lifts, skip hoists or escalators",551,CN,14112,Haulotte Access Equipment Manufacturing (Changzhou) Co Ltd
20286767,2027-02-20,8431310000,"Of lifts, skip hoists or escalators",551,CN,14113,Shandong Chufeng Heavy Industry Machinery Co Ltd
20286782,2027-02-20,8431310000,"Of lifts, skip hoists or escalators",551,CN,14114,Joovoo Industries Inc
20286797,2027-02-20,8431310000,"Of lifts, skip hoists or escalators",551,CN,14115,Jinan Juxin Machinery Co Ltd
20286812,2027-02-20,8431310000,"Of lifts, skip hoists or escalators",551,CN,14091,Goods which do not fall within the goods description are excluded from the measure<BR><br><br>* These goods are excluded
20286602,2027-02-20,8431310000,"Of lifts, skip hoists or escalators",551,CN,11386,All other overseas exporters (residual amount)
20286573,2027-02-20,8431390010,Pre-assembled or ready-to-assemble sections of self-propelled mobile access equipment designed for the lifting of person,551,CN,14101,Zhejiang Dingli Machinery Co Ltd
20286588,2027-02-20,8431390010,Pre-assembled or ready-to-assemble sections of self-propelled mobile access equipment designed for the lifting of person,551,CN,14102,Lingong Heavy Machinery Co Ltd
20286618,2027-02-20,8431390010,Pre-assembled or ready-to-assemble sections of self-propelled mobile access equipment designed for the lifting of person,551,CN,14103,Fronteq (Changzhou) Machinery Co Ltd.
20286633,2027-02-20,8431390010,Pre-assembled or ready-to-assemble sections of self-propelled mobile access equipment designed for the lifting of person,551,CN,14104,Sunward Intelligent Equipment Co Ltd
20286648,2027-02-20,8431390010,Pre-assembled or ready-to-assemble sections of self-propelled mobile access equipment designed for the lifting of person,551,CN,14105,Oshkosh JLG (Tianjin) Equipment Technology Co Ltd (“JLG Tianjin”)
20286663,2027-02-20,8431390010,Pre-assembled or ready-to-assemble sections of self-propelled mobile access equipment designed for the lifting of person,551,CN,14106,"Jiangsu LiuGong Machinery Co Ltd, a PRC producer"
20286678,2027-02-20,8431390010,Pre-assembled or ready-to-assemble sections of self-propelled mobile access equipment designed for the lifting of person,551,CN,14107,Terex (Changzhou) Machinery Co Ltd (“Terex Changzhou”)
20286693,2027-02-20,8431390010,Pre-assembled or ready-to-assemble sections of self-propelled mobile access equipment designed for the lifting of person,551,CN,14108,Zoomlion Intelligent Access Machinery Co Ltd
20286708,2027-02-20,8431390010,Pre-assembled or ready-to-assemble sections of self-propelled mobile access equipment designed for the lifting of person,551,CN,14109,Hered (Shandong) Intelligent Technology Co Ltd
20286723,2027-02-20,8431390010,Pre-assembled or ready-to-assemble sections of self-propelled mobile access equipment designed for the lifting of person,551,CN,14110,"XCMG Group, including:<br><br>&amp;bull; XCMG Fire-Fighting Safety Equipment Co Ltd, the PRC producer<br><br>&amp;bull; "
20286738,2027-02-20,8431390010,Pre-assembled or ready-to-assemble sections of self-propelled mobile access equipment designed for the lifting of person,551,CN,14111,Hunan Sinoboom Intelligent Equipment Co Ltd (“Sinoboom”)
20286753,2027-02-20,8431390010,Pre-assembled or ready-to-assemble sections of self-propelled mobile access equipment designed for the lifting of person,551,CN,14112,Haulotte Access Equipment Manufacturing (Changzhou) Co Ltd
20286768,2027-02-20,8431390010,Pre-assembled or ready-to-assemble sections of self-propelled mobile access equipment designed for the lifting of person,551,CN,14113,Shandong Chufeng Heavy Industry Machinery Co Ltd
20286783,2027-02-20,8431390010,Pre-assembled or ready-to-assemble sections of self-propelled mobile access equipment designed for the lifting of person,551,CN,14114,Joovoo Industries Inc
20286798,2027-02-20,8431390010,Pre-assembled or ready-to-assemble sections of self-propelled mobile access equipment designed for the lifting of person,551,CN,14115,Jinan Juxin Machinery Co Ltd
20286813,2027-02-20,8431390010,Pre-assembled or ready-to-assemble sections of self-propelled mobile access equipment designed for the lifting of person,551,CN,14091,Goods which do not fall within the goods description are excluded from the measure<BR><br><br>* These goods are excluded
20286603,2027-02-20,8431390010,Pre-assembled or ready-to-assemble sections of self-propelled mobile access equipment designed for the lifting of person,551,CN,11386,All other overseas exporters (residual amount)
20286574,2027-02-20,8431390090,Other,551,CN,14101,Zhejiang Dingli Machinery Co Ltd
20286589,2027-02-20,8431390090,Other,551,CN,14102,Lingong Heavy Machinery Co Ltd
20286619,2027-02-20,8431390090,Other,551,CN,14103,Fronteq (Changzhou) Machinery Co Ltd.
20286634,2027-02-20,8431390090,Other,551,CN,14104,Sunward Intelligent Equipment Co Ltd
20286649,2027-02-20,8431390090,Other,551,CN,14105,Oshkosh JLG (Tianjin) Equipment Technology Co Ltd (“JLG Tianjin”)
20286664,2027-02-20,8431390090,Other,551,CN,14106,"Jiangsu LiuGong Machinery Co Ltd, a PRC producer"
20286679,2027-02-20,8431390090,Other,551,CN,14107,Terex (Changzhou) Machinery Co Ltd (“Terex Changzhou”)
20286694,2027-02-20,8431390090,Other,551,CN,14108,Zoomlion Intelligent Access Machinery Co Ltd
20286709,2027-02-20,8431390090,Other,551,CN,14109,Hered (Shandong) Intelligent Technology Co Ltd
20286724,2027-02-20,8431390090,Other,551,CN,14110,"XCMG Group, including:<br><br>&amp;bull; XCMG Fire-Fighting Safety Equipment Co Ltd, the PRC producer<br><br>&amp;bull; "
20286739,2027-02-20,8431390090,Other,551,CN,14111,Hunan Sinoboom Intelligent Equipment Co Ltd (“Sinoboom”)
20286754,2027-02-20,8431390090,Other,551,CN,14112,Haulotte Access Equipment Manufacturing (Changzhou) Co Ltd
20286769,2027-02-20,8431390090,Other,551,CN,14113,Shandong Chufeng Heavy Industry Machinery Co Ltd
20286784,2027-02-20,8431390090,Other,551,CN,14114,Joovoo Industries Inc
20286799,2027-02-20,8431390090,Other,551,CN,14115,Jinan Juxin Machinery Co Ltd
20286814,2027-02-20,8431390090,Other,551,CN,14091,Goods which do not fall within the goods description are excluded from the measure<BR><br><br>* These goods are excluded
20286604,2027-02-20,8431390090,Other,551,CN,11386,All other overseas exporters (residual amount)
20227239,2027-03-01,7208512010,"Of non-alloy steel, excluding tool steel<br>",552,CN,12697,"Nanjing Iron and Steel Co., Ltd."
20227248,2027-03-01,7208512010,"Of non-alloy steel, excluding tool steel<br>",552,CN,12698,"Minmetals Yingkou Medium Plate Co., Ltd"
20227257,2027-03-01,7208512010,"Of non-alloy steel, excluding tool steel<br>",552,CN,12699,"Wuyang Iron and Steel Co., Ltd and Wuyang New Heavy &amp; Wide Steel Plate Co., Ltd"
20227266,2027-03-01,7208512010,"Of non-alloy steel, excluding tool steel<br>",552,CN,12714,"Zhangjiagang Shajing Heavy Plate Co., Ltd."
20227275,2027-03-01,7208512010,"Of non-alloy steel, excluding tool steel<br>",552,CN,12731,"Jiangyin Xingcheng Special Steel Works Co., Ltd"
20227284,2027-03-01,7208512010,"Of non-alloy steel, excluding tool steel<br>",552,CN,12713,"Xinyu Iron &amp; Steel Co.,Ltd"
20227293,2027-03-01,7208512010,"Of non-alloy steel, excluding tool steel<br>",552,CN,12732,"Shandong Iron &amp; Steel Co., Ltd, Jinan Company"
20227302,2027-03-01,7208512010,"Of non-alloy steel, excluding tool steel<br>",552,CN,12705,Angang Steel Company Limited
20227311,2027-03-01,7208512010,"Of non-alloy steel, excluding tool steel<br>",552,CN,12706,"Inner Mongolia Baotou Steel Union Co.,Ltd"
20227320,2027-03-01,7208512010,"Of non-alloy steel, excluding tool steel<br>",552,CN,12733,"Nanyang Hanye Special Steel Co., Ltd"
20227329,2027-03-01,7208512010,"Of non-alloy steel, excluding tool steel<br>",552,CN,12734,"Qinhuangdao Shouqin Metal Materials Co., Ltd"
20227338,2027-03-01,7208512010,"Of non-alloy steel, excluding tool steel<br>",552,CN,12735,"Laiwu Steel Yinshan Section Co., Ltd"
20227347,2027-03-01,7208512010,"Of non-alloy steel, excluding tool steel<br>",552,CN,12710,Jiangjsu Tiangong Tools Company Limited
20227356,2027-03-01,7208512010,"Of non-alloy steel, excluding tool steel<br>",552,CN,12736,"Wuhan Iron and Steel Co., Ltd"
20227365,2027-03-01,7208512010,"Of non-alloy steel, excluding tool steel<br>",552,CN,12524,All Other Overseas Exporters (Residual Rate)
20227240,2027-03-01,7208519110,"Of non-alloy steel, excluding tool steel<br>",552,CN,12697,"Nanjing Iron and Steel Co., Ltd."
20227249,2027-03-01,7208519110,"Of non-alloy steel, excluding tool steel<br>",552,CN,12698,"Minmetals Yingkou Medium Plate Co., Ltd"
20227258,2027-03-01,7208519110,"Of non-alloy steel, excluding tool steel<br>",552,CN,12699,"Wuyang Iron and Steel Co., Ltd and Wuyang New Heavy &amp; Wide Steel Plate Co., Ltd"
20227267,2027-03-01,7208519110,"Of non-alloy steel, excluding tool steel<br>",552,CN,12714,"Zhangjiagang Shajing Heavy Plate Co., Ltd."
20227276,2027-03-01,7208519110,"Of non-alloy steel, excluding tool steel<br>",552,CN,12731,"Jiangyin Xingcheng Special Steel Works Co., Ltd"
20227285,2027-03-01,7208519110,"Of non-alloy steel, excluding tool steel<br>",552,CN,12713,"Xinyu Iron &amp; Steel Co.,Ltd"
20227294,2027-03-01,7208519110,"Of non-alloy steel, excluding tool steel<br>",552,CN,12732,"Shandong Iron &amp; Steel Co., Ltd, Jinan Company"
20227303,2027-03-01,7208519110,"Of non-alloy steel, excluding tool steel<br>",552,CN,12705,Angang Steel Company Limited
20227312,2027-03-01,7208519110,"Of non-alloy steel, excluding tool steel<br>",552,CN,12706,"Inner Mongolia Baotou Steel Union Co.,Ltd"
20227321,2027-03-01,7208519110,"Of non-alloy steel, excluding tool steel<br>",552,CN,12733,"Nanyang Hanye Special Steel Co., Ltd"
20227330,2027-03-01,7208519110,"Of non-alloy steel, excluding tool steel<br>",552,CN,12734,"Qinhuangdao Shouqin Metal Materials Co., Ltd"
20227339,2027-03-01,7208519110,"Of non-alloy steel, excluding tool steel<br>",552,CN,12735,"Laiwu Steel Yinshan Section Co., Ltd"
20227348,2027-03-01,7208519110,"Of non-alloy steel, excluding tool steel<br>",552,CN,12710,Jiangjsu Tiangong Tools Company Limited
20227357,2027-03-01,7208519110,"Of non-alloy steel, excluding tool steel<br>",552,CN,12736,"Wuhan Iron and Steel Co., Ltd"
20227366,2027-03-01,7208519110,"Of non-alloy steel, excluding tool steel<br>",552,CN,12524,All Other Overseas Exporters (Residual Rate)
20227241,2027-03-01,7208519810,"Of non-alloy steel, excluding tool steel<br>",552,CN,12697,"Nanjing Iron and Steel Co., Ltd."
20227250,2027-03-01,7208519810,"Of non-alloy steel, excluding tool steel<br>",552,CN,12698,"Minmetals Yingkou Medium Plate Co., Ltd"
20227259,2027-03-01,7208519810,"Of non-alloy steel, excluding tool steel<br>",552,CN,12699,"Wuyang Iron and Steel Co., Ltd and Wuyang New Heavy &amp; Wide Steel Plate Co., Ltd"
20227268,2027-03-01,7208519810,"Of non-alloy steel, excluding tool steel<br>",552,CN,12714,"Zhangjiagang Shajing Heavy Plate Co., Ltd."
20227277,2027-03-01,7208519810,"Of non-alloy steel, excluding tool steel<br>",552,CN,12731,"Jiangyin Xingcheng Special Steel Works Co., Ltd"
20227286,2027-03-01,7208519810,"Of non-alloy steel, excluding tool steel<br>",552,CN,12713,"Xinyu Iron &amp; Steel Co.,Ltd"
20227295,2027-03-01,7208519810,"Of non-alloy steel, excluding tool steel<br>",552,CN,12732,"Shandong Iron &amp; Steel Co., Ltd, Jinan Company"
20227304,2027-03-01,7208519810,"Of non-alloy steel, excluding tool steel<br>",552,CN,12705,Angang Steel Company Limited
20227313,2027-03-01,7208519810,"Of non-alloy steel, excluding tool steel<br>",552,CN,12706,"Inner Mongolia Baotou Steel Union Co.,Ltd"
20227322,2027-03-01,7208519810,"Of non-alloy steel, excluding tool steel<br>",552,CN,12733,"Nanyang Hanye Special Steel Co., Ltd"
20227331,2027-03-01,7208519810,"Of non-alloy steel, excluding tool steel<br>",552,CN,12734,"Qinhuangdao Shouqin Metal Materials Co., Ltd"
20227340,2027-03-01,7208519810,"Of non-alloy steel, excluding tool steel<br>",552,CN,12735,"Laiwu Steel Yinshan Section Co., Ltd"
20227349,2027-03-01,7208519810,"Of non-alloy steel, excluding tool steel<br>",552,CN,12710,Jiangjsu Tiangong Tools Company Limited
20227358,2027-03-01,7208519810,"Of non-alloy steel, excluding tool steel<br>",552,CN,12736,"Wuhan Iron and Steel Co., Ltd"
20227367,2027-03-01,7208519810,"Of non-alloy steel, excluding tool steel<br>",552,CN,12524,All Other Overseas Exporters (Residual Rate)
20227242,2027-03-01,7208529110,"Of non-alloy steel, excluding tool steel<br>",552,CN,12697,"Nanjing Iron and Steel Co., Ltd."
20227251,2027-03-01,7208529110,"Of non-alloy steel, excluding tool steel<br>",552,CN,12698,"Minmetals Yingkou Medium Plate Co., Ltd"
20227260,2027-03-01,7208529110,"Of non-alloy steel, excluding tool steel<br>",552,CN,12699,"Wuyang Iron and Steel Co., Ltd and Wuyang New Heavy &amp; Wide Steel Plate Co., Ltd"
20227269,2027-03-01,7208529110,"Of non-alloy steel, excluding tool steel<br>",552,CN,12714,"Zhangjiagang Shajing Heavy Plate Co., Ltd."
20227278,2027-03-01,7208529110,"Of non-alloy steel, excluding tool steel<br>",552,CN,12731,"Jiangyin Xingcheng Special Steel Works Co., Ltd"
20227287,2027-03-01,7208529110,"Of non-alloy steel, excluding tool steel<br>",552,CN,12713,"Xinyu Iron &amp; Steel Co.,Ltd"
20227296,2027-03-01,7208529110,"Of non-alloy steel, excluding tool steel<br>",552,CN,12732,"Shandong Iron &amp; Steel Co., Ltd, Jinan Company"
20227305,2027-03-01,7208529110,"Of non-alloy steel, excluding tool steel<br>",552,CN,12705,Angang Steel Company Limited
20227314,2027-03-01,7208529110,"Of non-alloy steel, excluding tool steel<br>",552,CN,12706,"Inner Mongolia Baotou Steel Union Co.,Ltd"
20227323,2027-03-01,7208529110,"Of non-alloy steel, excluding tool steel<br>",552,CN,12733,"Nanyang Hanye Special Steel Co., Ltd"
20227332,2027-03-01,7208529110,"Of non-alloy steel, excluding tool steel<br>",552,CN,12734,"Qinhuangdao Shouqin Metal Materials Co., Ltd"
20227341,2027-03-01,7208529110,"Of non-alloy steel, excluding tool steel<br>",552,CN,12735,"Laiwu Steel Yinshan Section Co., Ltd"
20227350,2027-03-01,7208529110,"Of non-alloy steel, excluding tool steel<br>",552,CN,12710,Jiangjsu Tiangong Tools Company Limited
20227359,2027-03-01,7208529110,"Of non-alloy steel, excluding tool steel<br>",552,CN,12736,"Wuhan Iron and Steel Co., Ltd"
20227368,2027-03-01,7208529110,"Of non-alloy steel, excluding tool steel<br>",552,CN,12524,All Other Overseas Exporters (Residual Rate)
20227243,2027-03-01,7208902010,"Of non-alloy steel, excluding tool steel, of a thickness exceeding 10 mm or of a thickness of 4,75 mm or more but not ex",552,CN,12697,"Nanjing Iron and Steel Co., Ltd."
20227252,2027-03-01,7208902010,"Of non-alloy steel, excluding tool steel, of a thickness exceeding 10 mm or of a thickness of 4,75 mm or more but not ex",552,CN,12698,"Minmetals Yingkou Medium Plate Co., Ltd"
20227261,2027-03-01,7208902010,"Of non-alloy steel, excluding tool steel, of a thickness exceeding 10 mm or of a thickness of 4,75 mm or more but not ex",552,CN,12699,"Wuyang Iron and Steel Co., Ltd and Wuyang New Heavy &amp; Wide Steel Plate Co., Ltd"
20227270,2027-03-01,7208902010,"Of non-alloy steel, excluding tool steel, of a thickness exceeding 10 mm or of a thickness of 4,75 mm or more but not ex",552,CN,12714,"Zhangjiagang Shajing Heavy Plate Co., Ltd."
20227279,2027-03-01,7208902010,"Of non-alloy steel, excluding tool steel, of a thickness exceeding 10 mm or of a thickness of 4,75 mm or more but not ex",552,CN,12731,"Jiangyin Xingcheng Special Steel Works Co., Ltd"
20227288,2027-03-01,7208902010,"Of non-alloy steel, excluding tool steel, of a thickness exceeding 10 mm or of a thickness of 4,75 mm or more but not ex",552,CN,12713,"Xinyu Iron &amp; Steel Co.,Ltd"
20227297,2027-03-01,7208902010,"Of non-alloy steel, excluding tool steel, of a thickness exceeding 10 mm or of a thickness of 4,75 mm or more but not ex",552,CN,12732,"Shandong Iron &amp; Steel Co., Ltd, Jinan Company"
20227306,2027-03-01,7208902010,"Of non-alloy steel, excluding tool steel, of a thickness exceeding 10 mm or of a thickness of 4,75 mm or more but not ex",552,CN,12705,Angang Steel Company Limited
20227315,2027-03-01,7208902010,"Of non-alloy steel, excluding tool steel, of a thickness exceeding 10 mm or of a thickness of 4,75 mm or more but not ex",552,CN,12706,"Inner Mongolia Baotou Steel Union Co.,Ltd"
20227324,2027-03-01,7208902010,"Of non-alloy steel, excluding tool steel, of a thickness exceeding 10 mm or of a thickness of 4,75 mm or more but not ex",552,CN,12733,"Nanyang Hanye Special Steel Co., Ltd"
20227333,2027-03-01,7208902010,"Of non-alloy steel, excluding tool steel, of a thickness exceeding 10 mm or of a thickness of 4,75 mm or more but not ex",552,CN,12734,"Qinhuangdao Shouqin Metal Materials Co., Ltd"
20227342,2027-03-01,7208902010,"Of non-alloy steel, excluding tool steel, of a thickness exceeding 10 mm or of a thickness of 4,75 mm or more but not ex",552,CN,12735,"Laiwu Steel Yinshan Section Co., Ltd"
20227351,2027-03-01,7208902010,"Of non-alloy steel, excluding tool steel, of a thickness exceeding 10 mm or of a thickness of 4,75 mm or more but not ex",552,CN,12710,Jiangjsu Tiangong Tools Company Limited
20227360,2027-03-01,7208902010,"Of non-alloy steel, excluding tool steel, of a thickness exceeding 10 mm or of a thickness of 4,75 mm or more but not ex",552,CN,12736,"Wuhan Iron and Steel Co., Ltd"
20227369,2027-03-01,7208902010,"Of non-alloy steel, excluding tool steel, of a thickness exceeding 10 mm or of a thickness of 4,75 mm or more but not ex",552,CN,12524,All Other Overseas Exporters (Residual Rate)
20227244,2027-03-01,7208908020,"Of non-alloy steel, excluding tool steel, of a thickness exceeding 10 mm or of a thickness of 4,75 mm or more but not ex",552,CN,12697,"Nanjing Iron and Steel Co., Ltd."
20227253,2027-03-01,7208908020,"Of non-alloy steel, excluding tool steel, of a thickness exceeding 10 mm or of a thickness of 4,75 mm or more but not ex",552,CN,12698,"Minmetals Yingkou Medium Plate Co., Ltd"
20227262,2027-03-01,7208908020,"Of non-alloy steel, excluding tool steel, of a thickness exceeding 10 mm or of a thickness of 4,75 mm or more but not ex",552,CN,12699,"Wuyang Iron and Steel Co., Ltd and Wuyang New Heavy &amp; Wide Steel Plate Co., Ltd"
20227271,2027-03-01,7208908020,"Of non-alloy steel, excluding tool steel, of a thickness exceeding 10 mm or of a thickness of 4,75 mm or more but not ex",552,CN,12714,"Zhangjiagang Shajing Heavy Plate Co., Ltd."
20227280,2027-03-01,7208908020,"Of non-alloy steel, excluding tool steel, of a thickness exceeding 10 mm or of a thickness of 4,75 mm or more but not ex",552,CN,12731,"Jiangyin Xingcheng Special Steel Works Co., Ltd"
20227289,2027-03-01,7208908020,"Of non-alloy steel, excluding tool steel, of a thickness exceeding 10 mm or of a thickness of 4,75 mm or more but not ex",552,CN,12713,"Xinyu Iron &amp; Steel Co.,Ltd"
20227298,2027-03-01,7208908020,"Of non-alloy steel, excluding tool steel, of a thickness exceeding 10 mm or of a thickness of 4,75 mm or more but not ex",552,CN,12732,"Shandong Iron &amp; Steel Co., Ltd, Jinan Company"
20227307,2027-03-01,7208908020,"Of non-alloy steel, excluding tool steel, of a thickness exceeding 10 mm or of a thickness of 4,75 mm or more but not ex",552,CN,12705,Angang Steel Company Limited
20227316,2027-03-01,7208908020,"Of non-alloy steel, excluding tool steel, of a thickness exceeding 10 mm or of a thickness of 4,75 mm or more but not ex",552,CN,12706,"Inner Mongolia Baotou Steel Union Co.,Ltd"
20227325,2027-03-01,7208908020,"Of non-alloy steel, excluding tool steel, of a thickness exceeding 10 mm or of a thickness of 4,75 mm or more but not ex",552,CN,12733,"Nanyang Hanye Special Steel Co., Ltd"
20227334,2027-03-01,7208908020,"Of non-alloy steel, excluding tool steel, of a thickness exceeding 10 mm or of a thickness of 4,75 mm or more but not ex",552,CN,12734,"Qinhuangdao Shouqin Metal Materials Co., Ltd"
20227343,2027-03-01,7208908020,"Of non-alloy steel, excluding tool steel, of a thickness exceeding 10 mm or of a thickness of 4,75 mm or more but not ex",552,CN,12735,"Laiwu Steel Yinshan Section Co., Ltd"
20227352,2027-03-01,7208908020,"Of non-alloy steel, excluding tool steel, of a thickness exceeding 10 mm or of a thickness of 4,75 mm or more but not ex",552,CN,12710,Jiangjsu Tiangong Tools Company Limited
20227361,2027-03-01,7208908020,"Of non-alloy steel, excluding tool steel, of a thickness exceeding 10 mm or of a thickness of 4,75 mm or more but not ex",552,CN,12736,"Wuhan Iron and Steel Co., Ltd"
20227370,2027-03-01,7208908020,"Of non-alloy steel, excluding tool steel, of a thickness exceeding 10 mm or of a thickness of 4,75 mm or more but not ex",552,CN,12524,All Other Overseas Exporters (Residual Rate)
20227245,2027-03-01,7225404000,Of a thickness exceeding 10 mm,552,CN,12697,"Nanjing Iron and Steel Co., Ltd."
20227254,2027-03-01,7225404000,Of a thickness exceeding 10 mm,552,CN,12698,"Minmetals Yingkou Medium Plate Co., Ltd"
20227263,2027-03-01,7225404000,Of a thickness exceeding 10 mm,552,CN,12699,"Wuyang Iron and Steel Co., Ltd and Wuyang New Heavy &amp; Wide Steel Plate Co., Ltd"
20227272,2027-03-01,7225404000,Of a thickness exceeding 10 mm,552,CN,12714,"Zhangjiagang Shajing Heavy Plate Co., Ltd."
20227281,2027-03-01,7225404000,Of a thickness exceeding 10 mm,552,CN,12731,"Jiangyin Xingcheng Special Steel Works Co., Ltd"
20227290,2027-03-01,7225404000,Of a thickness exceeding 10 mm,552,CN,12713,"Xinyu Iron &amp; Steel Co.,Ltd"
20227299,2027-03-01,7225404000,Of a thickness exceeding 10 mm,552,CN,12732,"Shandong Iron &amp; Steel Co., Ltd, Jinan Company"
20227308,2027-03-01,7225404000,Of a thickness exceeding 10 mm,552,CN,12705,Angang Steel Company Limited
20227317,2027-03-01,7225404000,Of a thickness exceeding 10 mm,552,CN,12706,"Inner Mongolia Baotou Steel Union Co.,Ltd"
20227326,2027-03-01,7225404000,Of a thickness exceeding 10 mm,552,CN,12733,"Nanyang Hanye Special Steel Co., Ltd"
20227335,2027-03-01,7225404000,Of a thickness exceeding 10 mm,552,CN,12734,"Qinhuangdao Shouqin Metal Materials Co., Ltd"
20227344,2027-03-01,7225404000,Of a thickness exceeding 10 mm,552,CN,12735,"Laiwu Steel Yinshan Section Co., Ltd"
20227353,2027-03-01,7225404000,Of a thickness exceeding 10 mm,552,CN,12710,Jiangjsu Tiangong Tools Company Limited
20227362,2027-03-01,7225404000,Of a thickness exceeding 10 mm,552,CN,12736,"Wuhan Iron and Steel Co., Ltd"
20227371,2027-03-01,7225404000,Of a thickness exceeding 10 mm,552,CN,12524,All Other Overseas Exporters (Residual Rate)
20227246,2027-03-01,7225406010,Of a width of 2 050 mm or more,552,CN,12697,"Nanjing Iron and Steel Co., Ltd."
20227255,2027-03-01,7225406010,Of a width of 2 050 mm or more,552,CN,12698,"Minmetals Yingkou Medium Plate Co., Ltd"
20227264,2027-03-01,7225406010,Of a width of 2 050 mm or more,552,CN,12699,"Wuyang Iron and Steel Co., Ltd and Wuyang New Heavy &amp; Wide Steel Plate Co., Ltd"
20227273,2027-03-01,7225406010,Of a width of 2 050 mm or more,552,CN,12714,"Zhangjiagang Shajing Heavy Plate Co., Ltd."
20227282,2027-03-01,7225406010,Of a width of 2 050 mm or more,552,CN,12731,"Jiangyin Xingcheng Special Steel Works Co., Ltd"
20227291,2027-03-01,7225406010,Of a width of 2 050 mm or more,552,CN,12713,"Xinyu Iron &amp; Steel Co.,Ltd"
20227300,2027-03-01,7225406010,Of a width of 2 050 mm or more,552,CN,12732,"Shandong Iron &amp; Steel Co., Ltd, Jinan Company"
20227309,2027-03-01,7225406010,Of a width of 2 050 mm or more,552,CN,12705,Angang Steel Company Limited
20227318,2027-03-01,7225406010,Of a width of 2 050 mm or more,552,CN,12706,"Inner Mongolia Baotou Steel Union Co.,Ltd"
20227327,2027-03-01,7225406010,Of a width of 2 050 mm or more,552,CN,12733,"Nanyang Hanye Special Steel Co., Ltd"
20227336,2027-03-01,7225406010,Of a width of 2 050 mm or more,552,CN,12734,"Qinhuangdao Shouqin Metal Materials Co., Ltd"
20227345,2027-03-01,7225406010,Of a width of 2 050 mm or more,552,CN,12735,"Laiwu Steel Yinshan Section Co., Ltd"
20227354,2027-03-01,7225406010,Of a width of 2 050 mm or more,552,CN,12710,Jiangjsu Tiangong Tools Company Limited
20227363,2027-03-01,7225406010,Of a width of 2 050 mm or more,552,CN,12736,"Wuhan Iron and Steel Co., Ltd"
20227372,2027-03-01,7225406010,Of a width of 2 050 mm or more,552,CN,12524,All Other Overseas Exporters (Residual Rate)
20227247,2027-03-01,7225990045,Other,552,CN,12697,"Nanjing Iron and Steel Co., Ltd."
20227256,2027-03-01,7225990045,Other,552,CN,12698,"Minmetals Yingkou Medium Plate Co., Ltd"
20227265,2027-03-01,7225990045,Other,552,CN,12699,"Wuyang Iron and Steel Co., Ltd and Wuyang New Heavy &amp; Wide Steel Plate Co., Ltd"
20227274,2027-03-01,7225990045,Other,552,CN,12714,"Zhangjiagang Shajing Heavy Plate Co., Ltd."
20227283,2027-03-01,7225990045,Other,552,CN,12731,"Jiangyin Xingcheng Special Steel Works Co., Ltd"
20227292,2027-03-01,7225990045,Other,552,CN,12713,"Xinyu Iron &amp; Steel Co.,Ltd"
20227301,2027-03-01,7225990045,Other,552,CN,12732,"Shandong Iron &amp; Steel Co., Ltd, Jinan Company"
20227310,2027-03-01,7225990045,Other,552,CN,12705,Angang Steel Company Limited
20227319,2027-03-01,7225990045,Other,552,CN,12706,"Inner Mongolia Baotou Steel Union Co.,Ltd"
20227328,2027-03-01,7225990045,Other,552,CN,12733,"Nanyang Hanye Special Steel Co., Ltd"
20227337,2027-03-01,7225990045,Other,552,CN,12734,"Qinhuangdao Shouqin Metal Materials Co., Ltd"
20227346,2027-03-01,7225990045,Other,552,CN,12735,"Laiwu Steel Yinshan Section Co., Ltd"
20227355,2027-03-01,7225990045,Other,552,CN,12710,Jiangjsu Tiangong Tools Company Limited
20227364,2027-03-01,7225990045,Other,552,CN,12736,"Wuhan Iron and Steel Co., Ltd"
20227373,2027-03-01,7225990045,Other,552,CN,12524,All Other Overseas Exporters (Residual Rate)
20229084,2027-04-06,7208100000,"In coils, not further worked than hot-rolled, with patterns in relief",552,CN,12731,"Jiangyin Xingcheng Special Steel Works Co., Ltd"
20229123,2027-04-06,7208100000,"In coils, not further worked than hot-rolled, with patterns in relief",552,CN,12705,Angang Steel Company Limited
20229148,2027-04-06,7208100000,"In coils, not further worked than hot-rolled, with patterns in relief",552,CN,12706,"Inner Mongolia Baotou Steel Union Co.,Ltd"
20229173,2027-04-06,7208100000,"In coils, not further worked than hot-rolled, with patterns in relief",552,CN,12736,"Wuhan Iron and Steel Co., Ltd"
20229198,2027-04-06,7208100000,"In coils, not further worked than hot-rolled, with patterns in relief",552,CN,12725,"Bengang Steel Plates Co., Ltd"
20229223,2027-04-06,7208100000,"In coils, not further worked than hot-rolled, with patterns in relief",552,CN,12726,"Handan Iron &amp; Steel Group Han-Bao Co., Ltd"
20229248,2027-04-06,7208100000,"In coils, not further worked than hot-rolled, with patterns in relief",552,CN,12727,"Hesteel Co., Ltd. Tangshan Branch"
20229273,2027-04-06,7208100000,"In coils, not further worked than hot-rolled, with patterns in relief",552,CN,12728,"Hesteel Co., Ltd. Chengde Branch"
20229298,2027-04-06,7208100000,"In coils, not further worked than hot-rolled, with patterns in relief",552,CN,12729,"Zhangjiagang Hongchang Plate Co., Ltd"
20229323,2027-04-06,7208100000,"In coils, not further worked than hot-rolled, with patterns in relief",552,CN,12730,"Zhangjiagang GTA Plate Co., Ltd"
20229348,2027-04-06,7208100000,"In coils, not further worked than hot-rolled, with patterns in relief",552,CN,12719,"Shanxi Taigang Stainless Steel Co., Ltd"
20229373,2027-04-06,7208100000,"In coils, not further worked than hot-rolled, with patterns in relief",552,CN,12720,"Shougang Jingtang United Iron &amp; Steel Co., Ltd"
20229398,2027-04-06,7208100000,"In coils, not further worked than hot-rolled, with patterns in relief",552,CN,12721,"Maanshan Iron &amp; Steel Co., Ltd"
20229423,2027-04-06,7208100000,"In coils, not further worked than hot-rolled, with patterns in relief",552,CN,12722,"Rizhao Steel Wire Co., Ltd"
20229448,2027-04-06,7208100000,"In coils, not further worked than hot-rolled, with patterns in relief",552,CN,12723,"Rizhao Baohua New Material Co., Ltd<br>"
20229473,2027-04-06,7208100000,"In coils, not further worked than hot-rolled, with patterns in relief",552,CN,12724,"Tangshan Yanshan Iron and Steel Co., Ltd"
20229498,2027-04-06,7208100000,"In coils, not further worked than hot-rolled, with patterns in relief",552,CN,12780,"Beijing Shougang Co. Ltd., Qian’an Iron &amp; Steel branch"
20229523,2027-04-06,7208100000,"In coils, not further worked than hot-rolled, with patterns in relief",552,CN,12524,All Other Overseas Exporters (Residual Rate)
20229974,2027-04-06,7208100000,"In coils, not further worked than hot-rolled, with patterns in relief",554,CN,12731,"Jiangyin Xingcheng Special Steel Works Co., Ltd"
20229999,2027-04-06,7208100000,"In coils, not further worked than hot-rolled, with patterns in relief",554,CN,12705,Angang Steel Company Limited
20230024,2027-04-06,7208100000,"In coils, not further worked than hot-rolled, with patterns in relief",554,CN,12706,"Inner Mongolia Baotou Steel Union Co.,Ltd"
20230049,2027-04-06,7208100000,"In coils, not further worked than hot-rolled, with patterns in relief",554,CN,12736,"Wuhan Iron and Steel Co., Ltd"
20230074,2027-04-06,7208100000,"In coils, not further worked than hot-rolled, with patterns in relief",554,CN,12725,"Bengang Steel Plates Co., Ltd"
20230099,2027-04-06,7208100000,"In coils, not further worked than hot-rolled, with patterns in relief",554,CN,12726,"Handan Iron &amp; Steel Group Han-Bao Co., Ltd"
20230124,2027-04-06,7208100000,"In coils, not further worked than hot-rolled, with patterns in relief",554,CN,12727,"Hesteel Co., Ltd. Tangshan Branch"
20230149,2027-04-06,7208100000,"In coils, not further worked than hot-rolled, with patterns in relief",554,CN,12728,"Hesteel Co., Ltd. Chengde Branch"
20230174,2027-04-06,7208100000,"In coils, not further worked than hot-rolled, with patterns in relief",554,CN,12729,"Zhangjiagang Hongchang Plate Co., Ltd"
20230199,2027-04-06,7208100000,"In coils, not further worked than hot-rolled, with patterns in relief",554,CN,12730,"Zhangjiagang GTA Plate Co., Ltd"
20230224,2027-04-06,7208100000,"In coils, not further worked than hot-rolled, with patterns in relief",554,CN,12719,"Shanxi Taigang Stainless Steel Co., Ltd"
20230329,2027-04-06,7208100000,"In coils, not further worked than hot-rolled, with patterns in relief",554,CN,12720,"Shougang Jingtang United Iron &amp; Steel Co., Ltd"
20230354,2027-04-06,7208100000,"In coils, not further worked than hot-rolled, with patterns in relief",554,CN,12721,"Maanshan Iron &amp; Steel Co., Ltd"
20230379,2027-04-06,7208100000,"In coils, not further worked than hot-rolled, with patterns in relief",554,CN,12722,"Rizhao Steel Wire Co., Ltd"
20230404,2027-04-06,7208100000,"In coils, not further worked than hot-rolled, with patterns in relief",554,CN,12723,"Rizhao Baohua New Material Co., Ltd<br>"
20230429,2027-04-06,7208100000,"In coils, not further worked than hot-rolled, with patterns in relief",554,CN,12724,"Tangshan Yanshan Iron and Steel Co., Ltd"
20230454,2027-04-06,7208100000,"In coils, not further worked than hot-rolled, with patterns in relief",554,CN,12780,"Beijing Shougang Co. Ltd., Qian’an Iron &amp; Steel branch"
20230479,2027-04-06,7208100000,"In coils, not further worked than hot-rolled, with patterns in relief",554,CN,12524,All Other Overseas Exporters (Residual Rate)
20229085,2027-04-06,7208250000,"Of a thickness of 4,75 mm or more",552,CN,12731,"Jiangyin Xingcheng Special Steel Works Co., Ltd"
20229124,2027-04-06,7208250000,"Of a thickness of 4,75 mm or more",552,CN,12705,Angang Steel Company Limited
20229149,2027-04-06,7208250000,"Of a thickness of 4,75 mm or more",552,CN,12706,"Inner Mongolia Baotou Steel Union Co.,Ltd"
20229174,2027-04-06,7208250000,"Of a thickness of 4,75 mm or more",552,CN,12736,"Wuhan Iron and Steel Co., Ltd"
20229199,2027-04-06,7208250000,"Of a thickness of 4,75 mm or more",552,CN,12725,"Bengang Steel Plates Co., Ltd"
20229224,2027-04-06,7208250000,"Of a thickness of 4,75 mm or more",552,CN,12726,"Handan Iron &amp; Steel Group Han-Bao Co., Ltd"
20229249,2027-04-06,7208250000,"Of a thickness of 4,75 mm or more",552,CN,12727,"Hesteel Co., Ltd. Tangshan Branch"
20229274,2027-04-06,7208250000,"Of a thickness of 4,75 mm or more",552,CN,12728,"Hesteel Co., Ltd. Chengde Branch"
20229299,2027-04-06,7208250000,"Of a thickness of 4,75 mm or more",552,CN,12729,"Zhangjiagang Hongchang Plate Co., Ltd"
20229324,2027-04-06,7208250000,"Of a thickness of 4,75 mm or more",552,CN,12730,"Zhangjiagang GTA Plate Co., Ltd"
20229349,2027-04-06,7208250000,"Of a thickness of 4,75 mm or more",552,CN,12719,"Shanxi Taigang Stainless Steel Co., Ltd"
20229374,2027-04-06,7208250000,"Of a thickness of 4,75 mm or more",552,CN,12720,"Shougang Jingtang United Iron &amp; Steel Co., Ltd"
20229399,2027-04-06,7208250000,"Of a thickness of 4,75 mm or more",552,CN,12721,"Maanshan Iron &amp; Steel Co., Ltd"
20229424,2027-04-06,7208250000,"Of a thickness of 4,75 mm or more",552,CN,12722,"Rizhao Steel Wire Co., Ltd"
20229449,2027-04-06,7208250000,"Of a thickness of 4,75 mm or more",552,CN,12723,"Rizhao Baohua New Material Co., Ltd<br>"
20229474,2027-04-06,7208250000,"Of a thickness of 4,75 mm or more",552,CN,12724,"Tangshan Yanshan Iron and Steel Co., Ltd"
20229499,2027-04-06,7208250000,"Of a thickness of 4,75 mm or more",552,CN,12780,"Beijing Shougang Co. Ltd., Qian’an Iron &amp; Steel branch"
20229524,2027-04-06,7208250000,"Of a thickness of 4,75 mm or more",552,CN,12524,All Other Overseas Exporters (Residual Rate)
20229975,2027-04-06,7208250000,"Of a thickness of 4,75 mm or more",554,CN,12731,"Jiangyin Xingcheng Special Steel Works Co., Ltd"
20230000,2027-04-06,7208250000,"Of a thickness of 4,75 mm or more",554,CN,12705,Angang Steel Company Limited
20230025,2027-04-06,7208250000,"Of a thickness of 4,75 mm or more",554,CN,12706,"Inner Mongolia Baotou Steel Union Co.,Ltd"
20230050,2027-04-06,7208250000,"Of a thickness of 4,75 mm or more",554,CN,12736,"Wuhan Iron and Steel Co., Ltd"
20230075,2027-04-06,7208250000,"Of a thickness of 4,75 mm or more",554,CN,12725,"Bengang Steel Plates Co., Ltd"
20230100,2027-04-06,7208250000,"Of a thickness of 4,75 mm or more",554,CN,12726,"Handan Iron &amp; Steel Group Han-Bao Co., Ltd"
20230125,2027-04-06,7208250000,"Of a thickness of 4,75 mm or more",554,CN,12727,"Hesteel Co., Ltd. Tangshan Branch"
20230150,2027-04-06,7208250000,"Of a thickness of 4,75 mm or more",554,CN,12728,"Hesteel Co., Ltd. Chengde Branch"
20230175,2027-04-06,7208250000,"Of a thickness of 4,75 mm or more",554,CN,12729,"Zhangjiagang Hongchang Plate Co., Ltd"
20230200,2027-04-06,7208250000,"Of a thickness of 4,75 mm or more",554,CN,12730,"Zhangjiagang GTA Plate Co., Ltd"
20230225,2027-04-06,7208250000,"Of a thickness of 4,75 mm or more",554,CN,12719,"Shanxi Taigang Stainless Steel Co., Ltd"
20230330,2027-04-06,7208250000,"Of a thickness of 4,75 mm or more",554,CN,12720,"Shougang Jingtang United Iron &amp; Steel Co., Ltd"
20230355,2027-04-06,7208250000,"Of a thickness of 4,75 mm or more",554,CN,12721,"Maanshan Iron &amp; Steel Co., Ltd"
20230380,2027-04-06,7208250000,"Of a thickness of 4,75 mm or more",554,CN,12722,"Rizhao Steel Wire Co., Ltd"
20230405,2027-04-06,7208250000,"Of a thickness of 4,75 mm or more",554,CN,12723,"Rizhao Baohua New Material Co., Ltd<br>"
20230430,2027-04-06,7208250000,"Of a thickness of 4,75 mm or more",554,CN,12724,"Tangshan Yanshan Iron and Steel Co., Ltd"
20230455,2027-04-06,7208250000,"Of a thickness of 4,75 mm or more",554,CN,12780,"Beijing Shougang Co. Ltd., Qian’an Iron &amp; Steel branch"
20230480,2027-04-06,7208250000,"Of a thickness of 4,75 mm or more",554,CN,12524,All Other Overseas Exporters (Residual Rate)
20229086,2027-04-06,7208260000,"Of a thickness of 3 mm or more but less than 4,75 mm",552,CN,12731,"Jiangyin Xingcheng Special Steel Works Co., Ltd"
20229125,2027-04-06,7208260000,"Of a thickness of 3 mm or more but less than 4,75 mm",552,CN,12705,Angang Steel Company Limited
20229150,2027-04-06,7208260000,"Of a thickness of 3 mm or more but less than 4,75 mm",552,CN,12706,"Inner Mongolia Baotou Steel Union Co.,Ltd"
20229175,2027-04-06,7208260000,"Of a thickness of 3 mm or more but less than 4,75 mm",552,CN,12736,"Wuhan Iron and Steel Co., Ltd"
20229200,2027-04-06,7208260000,"Of a thickness of 3 mm or more but less than 4,75 mm",552,CN,12725,"Bengang Steel Plates Co., Ltd"
20229225,2027-04-06,7208260000,"Of a thickness of 3 mm or more but less than 4,75 mm",552,CN,12726,"Handan Iron &amp; Steel Group Han-Bao Co., Ltd"
20229250,2027-04-06,7208260000,"Of a thickness of 3 mm or more but less than 4,75 mm",552,CN,12727,"Hesteel Co., Ltd. Tangshan Branch"
20229275,2027-04-06,7208260000,"Of a thickness of 3 mm or more but less than 4,75 mm",552,CN,12728,"Hesteel Co., Ltd. Chengde Branch"
20229300,2027-04-06,7208260000,"Of a thickness of 3 mm or more but less than 4,75 mm",552,CN,12729,"Zhangjiagang Hongchang Plate Co., Ltd"
20229325,2027-04-06,7208260000,"Of a thickness of 3 mm or more but less than 4,75 mm",552,CN,12730,"Zhangjiagang GTA Plate Co., Ltd"
20229350,2027-04-06,7208260000,"Of a thickness of 3 mm or more but less than 4,75 mm",552,CN,12719,"Shanxi Taigang Stainless Steel Co., Ltd"
20229375,2027-04-06,7208260000,"Of a thickness of 3 mm or more but less than 4,75 mm",552,CN,12720,"Shougang Jingtang United Iron &amp; Steel Co., Ltd"
20229400,2027-04-06,7208260000,"Of a thickness of 3 mm or more but less than 4,75 mm",552,CN,12721,"Maanshan Iron &amp; Steel Co., Ltd"
20229425,2027-04-06,7208260000,"Of a thickness of 3 mm or more but less than 4,75 mm",552,CN,12722,"Rizhao Steel Wire Co., Ltd"
20229450,2027-04-06,7208260000,"Of a thickness of 3 mm or more but less than 4,75 mm",552,CN,12723,"Rizhao Baohua New Material Co., Ltd<br>"
20229475,2027-04-06,7208260000,"Of a thickness of 3 mm or more but less than 4,75 mm",552,CN,12724,"Tangshan Yanshan Iron and Steel Co., Ltd"
20229500,2027-04-06,7208260000,"Of a thickness of 3 mm or more but less than 4,75 mm",552,CN,12780,"Beijing Shougang Co. Ltd., Qian’an Iron &amp; Steel branch"
20229525,2027-04-06,7208260000,"Of a thickness of 3 mm or more but less than 4,75 mm",552,CN,12524,All Other Overseas Exporters (Residual Rate)
20229976,2027-04-06,7208260000,"Of a thickness of 3 mm or more but less than 4,75 mm",554,CN,12731,"Jiangyin Xingcheng Special Steel Works Co., Ltd"
20230001,2027-04-06,7208260000,"Of a thickness of 3 mm or more but less than 4,75 mm",554,CN,12705,Angang Steel Company Limited
20230026,2027-04-06,7208260000,"Of a thickness of 3 mm or more but less than 4,75 mm",554,CN,12706,"Inner Mongolia Baotou Steel Union Co.,Ltd"
20230051,2027-04-06,7208260000,"Of a thickness of 3 mm or more but less than 4,75 mm",554,CN,12736,"Wuhan Iron and Steel Co., Ltd"
20230076,2027-04-06,7208260000,"Of a thickness of 3 mm or more but less than 4,75 mm",554,CN,12725,"Bengang Steel Plates Co., Ltd"
20230101,2027-04-06,7208260000,"Of a thickness of 3 mm or more but less than 4,75 mm",554,CN,12726,"Handan Iron &amp; Steel Group Han-Bao Co., Ltd"
20230126,2027-04-06,7208260000,"Of a thickness of 3 mm or more but less than 4,75 mm",554,CN,12727,"Hesteel Co., Ltd. Tangshan Branch"
20230151,2027-04-06,7208260000,"Of a thickness of 3 mm or more but less than 4,75 mm",554,CN,12728,"Hesteel Co., Ltd. Chengde Branch"
20230176,2027-04-06,7208260000,"Of a thickness of 3 mm or more but less than 4,75 mm",554,CN,12729,"Zhangjiagang Hongchang Plate Co., Ltd"
20230201,2027-04-06,7208260000,"Of a thickness of 3 mm or more but less than 4,75 mm",554,CN,12730,"Zhangjiagang GTA Plate Co., Ltd"
20230226,2027-04-06,7208260000,"Of a thickness of 3 mm or more but less than 4,75 mm",554,CN,12719,"Shanxi Taigang Stainless Steel Co., Ltd"
20230331,2027-04-06,7208260000,"Of a thickness of 3 mm or more but less than 4,75 mm",554,CN,12720,"Shougang Jingtang United Iron &amp; Steel Co., Ltd"
20230356,2027-04-06,7208260000,"Of a thickness of 3 mm or more but less than 4,75 mm",554,CN,12721,"Maanshan Iron &amp; Steel Co., Ltd"
20230381,2027-04-06,7208260000,"Of a thickness of 3 mm or more but less than 4,75 mm",554,CN,12722,"Rizhao Steel Wire Co., Ltd"
20230406,2027-04-06,7208260000,"Of a thickness of 3 mm or more but less than 4,75 mm",554,CN,12723,"Rizhao Baohua New Material Co., Ltd<br>"
20230431,2027-04-06,7208260000,"Of a thickness of 3 mm or more but less than 4,75 mm",554,CN,12724,"Tangshan Yanshan Iron and Steel Co., Ltd"
20230456,2027-04-06,7208260000,"Of a thickness of 3 mm or more but less than 4,75 mm",554,CN,12780,"Beijing Shougang Co. Ltd., Qian’an Iron &amp; Steel branch"
20230481,2027-04-06,7208260000,"Of a thickness of 3 mm or more but less than 4,75 mm",554,CN,12524,All Other Overseas Exporters (Residual Rate)
20229087,2027-04-06,7208270000,Of a thickness of less than 3 mm,552,CN,12731,"Jiangyin Xingcheng Special Steel Works Co., Ltd"
20229126,2027-04-06,7208270000,Of a thickness of less than 3 mm,552,CN,12705,Angang Steel Company Limited
20229151,2027-04-06,7208270000,Of a thickness of less than 3 mm,552,CN,12706,"Inner Mongolia Baotou Steel Union Co.,Ltd"
20229176,2027-04-06,7208270000,Of a thickness of less than 3 mm,552,CN,12736,"Wuhan Iron and Steel Co., Ltd"
20229201,2027-04-06,7208270000,Of a thickness of less than 3 mm,552,CN,12725,"Bengang Steel Plates Co., Ltd"
20229226,2027-04-06,7208270000,Of a thickness of less than 3 mm,552,CN,12726,"Handan Iron &amp; Steel Group Han-Bao Co., Ltd"
20229251,2027-04-06,7208270000,Of a thickness of less than 3 mm,552,CN,12727,"Hesteel Co., Ltd. Tangshan Branch"
20229276,2027-04-06,7208270000,Of a thickness of less than 3 mm,552,CN,12728,"Hesteel Co., Ltd. Chengde Branch"
20229301,2027-04-06,7208270000,Of a thickness of less than 3 mm,552,CN,12729,"Zhangjiagang Hongchang Plate Co., Ltd"
20229326,2027-04-06,7208270000,Of a thickness of less than 3 mm,552,CN,12730,"Zhangjiagang GTA Plate Co., Ltd"
20229351,2027-04-06,7208270000,Of a thickness of less than 3 mm,552,CN,12719,"Shanxi Taigang Stainless Steel Co., Ltd"
20229376,2027-04-06,7208270000,Of a thickness of less than 3 mm,552,CN,12720,"Shougang Jingtang United Iron &amp; Steel Co., Ltd"
20229401,2027-04-06,7208270000,Of a thickness of less than 3 mm,552,CN,12721,"Maanshan Iron &amp; Steel Co., Ltd"
20229426,2027-04-06,7208270000,Of a thickness of less than 3 mm,552,CN,12722,"Rizhao Steel Wire Co., Ltd"
20229451,2027-04-06,7208270000,Of a thickness of less than 3 mm,552,CN,12723,"Rizhao Baohua New Material Co., Ltd<br>"
20229476,2027-04-06,7208270000,Of a thickness of less than 3 mm,552,CN,12724,"Tangshan Yanshan Iron and Steel Co., Ltd"
20229501,2027-04-06,7208270000,Of a thickness of less than 3 mm,552,CN,12780,"Beijing Shougang Co. Ltd., Qian’an Iron &amp; Steel branch"
20229526,2027-04-06,7208270000,Of a thickness of less than 3 mm,552,CN,12524,All Other Overseas Exporters (Residual Rate)
20229977,2027-04-06,7208270000,Of a thickness of less than 3 mm,554,CN,12731,"Jiangyin Xingcheng Special Steel Works Co., Ltd"
20230002,2027-04-06,7208270000,Of a thickness of less than 3 mm,554,CN,12705,Angang Steel Company Limited
20230027,2027-04-06,7208270000,Of a thickness of less than 3 mm,554,CN,12706,"Inner Mongolia Baotou Steel Union Co.,Ltd"
20230052,2027-04-06,7208270000,Of a thickness of less than 3 mm,554,CN,12736,"Wuhan Iron and Steel Co., Ltd"
20230077,2027-04-06,7208270000,Of a thickness of less than 3 mm,554,CN,12725,"Bengang Steel Plates Co., Ltd"
20230102,2027-04-06,7208270000,Of a thickness of less than 3 mm,554,CN,12726,"Handan Iron &amp; Steel Group Han-Bao Co., Ltd"
20230127,2027-04-06,7208270000,Of a thickness of less than 3 mm,554,CN,12727,"Hesteel Co., Ltd. Tangshan Branch"
20230152,2027-04-06,7208270000,Of a thickness of less than 3 mm,554,CN,12728,"Hesteel Co., Ltd. Chengde Branch"
20230177,2027-04-06,7208270000,Of a thickness of less than 3 mm,554,CN,12729,"Zhangjiagang Hongchang Plate Co., Ltd"
20230202,2027-04-06,7208270000,Of a thickness of less than 3 mm,554,CN,12730,"Zhangjiagang GTA Plate Co., Ltd"
20230227,2027-04-06,7208270000,Of a thickness of less than 3 mm,554,CN,12719,"Shanxi Taigang Stainless Steel Co., Ltd"
20230332,2027-04-06,7208270000,Of a thickness of less than 3 mm,554,CN,12720,"Shougang Jingtang United Iron &amp; Steel Co., Ltd"
20230357,2027-04-06,7208270000,Of a thickness of less than 3 mm,554,CN,12721,"Maanshan Iron &amp; Steel Co., Ltd"
20230382,2027-04-06,7208270000,Of a thickness of less than 3 mm,554,CN,12722,"Rizhao Steel Wire Co., Ltd"
20230407,2027-04-06,7208270000,Of a thickness of less than 3 mm,554,CN,12723,"Rizhao Baohua New Material Co., Ltd<br>"
20230432,2027-04-06,7208270000,Of a thickness of less than 3 mm,554,CN,12724,"Tangshan Yanshan Iron and Steel Co., Ltd"
20230457,2027-04-06,7208270000,Of a thickness of less than 3 mm,554,CN,12780,"Beijing Shougang Co. Ltd., Qian’an Iron &amp; Steel branch"
20230482,2027-04-06,7208270000,Of a thickness of less than 3 mm,554,CN,12524,All Other Overseas Exporters (Residual Rate)
20229088,2027-04-06,7208360000,Of a thickness exceeding 10 mm,552,CN,12731,"Jiangyin Xingcheng Special Steel Works Co., Ltd"
20229127,2027-04-06,7208360000,Of a thickness exceeding 10 mm,552,CN,12705,Angang Steel Company Limited
20229152,2027-04-06,7208360000,Of a thickness exceeding 10 mm,552,CN,12706,"Inner Mongolia Baotou Steel Union Co.,Ltd"
20229177,2027-04-06,7208360000,Of a thickness exceeding 10 mm,552,CN,12736,"Wuhan Iron and Steel Co., Ltd"
20229202,2027-04-06,7208360000,Of a thickness exceeding 10 mm,552,CN,12725,"Bengang Steel Plates Co., Ltd"
20229227,2027-04-06,7208360000,Of a thickness exceeding 10 mm,552,CN,12726,"Handan Iron &amp; Steel Group Han-Bao Co., Ltd"
20229252,2027-04-06,7208360000,Of a thickness exceeding 10 mm,552,CN,12727,"Hesteel Co., Ltd. Tangshan Branch"
20229277,2027-04-06,7208360000,Of a thickness exceeding 10 mm,552,CN,12728,"Hesteel Co., Ltd. Chengde Branch"
20229302,2027-04-06,7208360000,Of a thickness exceeding 10 mm,552,CN,12729,"Zhangjiagang Hongchang Plate Co., Ltd"
20229327,2027-04-06,7208360000,Of a thickness exceeding 10 mm,552,CN,12730,"Zhangjiagang GTA Plate Co., Ltd"
20229352,2027-04-06,7208360000,Of a thickness exceeding 10 mm,552,CN,12719,"Shanxi Taigang Stainless Steel Co., Ltd"
20229377,2027-04-06,7208360000,Of a thickness exceeding 10 mm,552,CN,12720,"Shougang Jingtang United Iron &amp; Steel Co., Ltd"
20229402,2027-04-06,7208360000,Of a thickness exceeding 10 mm,552,CN,12721,"Maanshan Iron &amp; Steel Co., Ltd"
20229427,2027-04-06,7208360000,Of a thickness exceeding 10 mm,552,CN,12722,"Rizhao Steel Wire Co., Ltd"
20229452,2027-04-06,7208360000,Of a thickness exceeding 10 mm,552,CN,12723,"Rizhao Baohua New Material Co., Ltd<br>"
20229477,2027-04-06,7208360000,Of a thickness exceeding 10 mm,552,CN,12724,"Tangshan Yanshan Iron and Steel Co., Ltd"
20229502,2027-04-06,7208360000,Of a thickness exceeding 10 mm,552,CN,12780,"Beijing Shougang Co. Ltd., Qian’an Iron &amp; Steel branch"
20229527,2027-04-06,7208360000,Of a thickness exceeding 10 mm,552,CN,12524,All Other Overseas Exporters (Residual Rate)
20229978,2027-04-06,7208360000,Of a thickness exceeding 10 mm,554,CN,12731,"Jiangyin Xingcheng Special Steel Works Co., Ltd"
20230003,2027-04-06,7208360000,Of a thickness exceeding 10 mm,554,CN,12705,Angang Steel Company Limited
20230028,2027-04-06,7208360000,Of a thickness exceeding 10 mm,554,CN,12706,"Inner Mongolia Baotou Steel Union Co.,Ltd"
20230053,2027-04-06,7208360000,Of a thickness exceeding 10 mm,554,CN,12736,"Wuhan Iron and Steel Co., Ltd"
20230078,2027-04-06,7208360000,Of a thickness exceeding 10 mm,554,CN,12725,"Bengang Steel Plates Co., Ltd"
20230103,2027-04-06,7208360000,Of a thickness exceeding 10 mm,554,CN,12726,"Handan Iron &amp; Steel Group Han-Bao Co., Ltd"
20230128,2027-04-06,7208360000,Of a thickness exceeding 10 mm,554,CN,12727,"Hesteel Co., Ltd. Tangshan Branch"
20230153,2027-04-06,7208360000,Of a thickness exceeding 10 mm,554,CN,12728,"Hesteel Co., Ltd. Chengde Branch"
20230178,2027-04-06,7208360000,Of a thickness exceeding 10 mm,554,CN,12729,"Zhangjiagang Hongchang Plate Co., Ltd"
20230203,2027-04-06,7208360000,Of a thickness exceeding 10 mm,554,CN,12730,"Zhangjiagang GTA Plate Co., Ltd"
20230228,2027-04-06,7208360000,Of a thickness exceeding 10 mm,554,CN,12719,"Shanxi Taigang Stainless Steel Co., Ltd"
20230333,2027-04-06,7208360000,Of a thickness exceeding 10 mm,554,CN,12720,"Shougang Jingtang United Iron &amp; Steel Co., Ltd"
20230358,2027-04-06,7208360000,Of a thickness exceeding 10 mm,554,CN,12721,"Maanshan Iron &amp; Steel Co., Ltd"
20230383,2027-04-06,7208360000,Of a thickness exceeding 10 mm,554,CN,12722,"Rizhao Steel Wire Co., Ltd"
20230408,2027-04-06,7208360000,Of a thickness exceeding 10 mm,554,CN,12723,"Rizhao Baohua New Material Co., Ltd<br>"
20230433,2027-04-06,7208360000,Of a thickness exceeding 10 mm,554,CN,12724,"Tangshan Yanshan Iron and Steel Co., Ltd"
20230458,2027-04-06,7208360000,Of a thickness exceeding 10 mm,554,CN,12780,"Beijing Shougang Co. Ltd., Qian’an Iron &amp; Steel branch"
20230483,2027-04-06,7208360000,Of a thickness exceeding 10 mm,554,CN,12524,All Other Overseas Exporters (Residual Rate)
20229089,2027-04-06,7208370090,Other,552,CN,12731,"Jiangyin Xingcheng Special Steel Works Co., Ltd"
20229128,2027-04-06,7208370090,Other,552,CN,12705,Angang Steel Company Limited
20229153,2027-04-06,7208370090,Other,552,CN,12706,"Inner Mongolia Baotou Steel Union Co.,Ltd"
20229178,2027-04-06,7208370090,Other,552,CN,12736,"Wuhan Iron and Steel Co., Ltd"
20229203,2027-04-06,7208370090,Other,552,CN,12725,"Bengang Steel Plates Co., Ltd"
20229228,2027-04-06,7208370090,Other,552,CN,12726,"Handan Iron &amp; Steel Group Han-Bao Co., Ltd"
20229253,2027-04-06,7208370090,Other,552,CN,12727,"Hesteel Co., Ltd. Tangshan Branch"
20229278,2027-04-06,7208370090,Other,552,CN,12728,"Hesteel Co., Ltd. Chengde Branch"
20229303,2027-04-06,7208370090,Other,552,CN,12729,"Zhangjiagang Hongchang Plate Co., Ltd"
20229328,2027-04-06,7208370090,Other,552,CN,12730,"Zhangjiagang GTA Plate Co., Ltd"
20229353,2027-04-06,7208370090,Other,552,CN,12719,"Shanxi Taigang Stainless Steel Co., Ltd"
20229378,2027-04-06,7208370090,Other,552,CN,12720,"Shougang Jingtang United Iron &amp; Steel Co., Ltd"
20229403,2027-04-06,7208370090,Other,552,CN,12721,"Maanshan Iron &amp; Steel Co., Ltd"
20229428,2027-04-06,7208370090,Other,552,CN,12722,"Rizhao Steel Wire Co., Ltd"
20229453,2027-04-06,7208370090,Other,552,CN,12723,"Rizhao Baohua New Material Co., Ltd<br>"
20229478,2027-04-06,7208370090,Other,552,CN,12724,"Tangshan Yanshan Iron and Steel Co., Ltd"
20229503,2027-04-06,7208370090,Other,552,CN,12780,"Beijing Shougang Co. Ltd., Qian’an Iron &amp; Steel branch"
20229528,2027-04-06,7208370090,Other,552,CN,12524,All Other Overseas Exporters (Residual Rate)
20229979,2027-04-06,7208370090,Other,554,CN,12731,"Jiangyin Xingcheng Special Steel Works Co., Ltd"
20230004,2027-04-06,7208370090,Other,554,CN,12705,Angang Steel Company Limited
20230029,2027-04-06,7208370090,Other,554,CN,12706,"Inner Mongolia Baotou Steel Union Co.,Ltd"
20230054,2027-04-06,7208370090,Other,554,CN,12736,"Wuhan Iron and Steel Co., Ltd"
20230079,2027-04-06,7208370090,Other,554,CN,12725,"Bengang Steel Plates Co., Ltd"
20230104,2027-04-06,7208370090,Other,554,CN,12726,"Handan Iron &amp; Steel Group Han-Bao Co., Ltd"
20230129,2027-04-06,7208370090,Other,554,CN,12727,"Hesteel Co., Ltd. Tangshan Branch"
20230154,2027-04-06,7208370090,Other,554,CN,12728,"Hesteel Co., Ltd. Chengde Branch"
20230179,2027-04-06,7208370090,Other,554,CN,12729,"Zhangjiagang Hongchang Plate Co., Ltd"
20230204,2027-04-06,7208370090,Other,554,CN,12730,"Zhangjiagang GTA Plate Co., Ltd"
20230229,2027-04-06,7208370090,Other,554,CN,12719,"Shanxi Taigang Stainless Steel Co., Ltd"
20230334,2027-04-06,7208370090,Other,554,CN,12720,"Shougang Jingtang United Iron &amp; Steel Co., Ltd"
20230359,2027-04-06,7208370090,Other,554,CN,12721,"Maanshan Iron &amp; Steel Co., Ltd"
20230384,2027-04-06,7208370090,Other,554,CN,12722,"Rizhao Steel Wire Co., Ltd"
20230409,2027-04-06,7208370090,Other,554,CN,12723,"Rizhao Baohua New Material Co., Ltd<br>"
20230434,2027-04-06,7208370090,Other,554,CN,12724,"Tangshan Yanshan Iron and Steel Co., Ltd"
20230459,2027-04-06,7208370090,Other,554,CN,12780,"Beijing Shougang Co. Ltd., Qian’an Iron &amp; Steel branch"
20230484,2027-04-06,7208370090,Other,554,CN,12524,All Other Overseas Exporters (Residual Rate)
20229090,2027-04-06,7208380090,Other,552,CN,12731,"Jiangyin Xingcheng Special Steel Works Co., Ltd"
20229129,2027-04-06,7208380090,Other,552,CN,12705,Angang Steel Company Limited
20229154,2027-04-06,7208380090,Other,552,CN,12706,"Inner Mongolia Baotou Steel Union Co.,Ltd"
20229179,2027-04-06,7208380090,Other,552,CN,12736,"Wuhan Iron and Steel Co., Ltd"
20229204,2027-04-06,7208380090,Other,552,CN,12725,"Bengang Steel Plates Co., Ltd"
20229229,2027-04-06,7208380090,Other,552,CN,12726,"Handan Iron &amp; Steel Group Han-Bao Co., Ltd"
20229254,2027-04-06,7208380090,Other,552,CN,12727,"Hesteel Co., Ltd. Tangshan Branch"
20229279,2027-04-06,7208380090,Other,552,CN,12728,"Hesteel Co., Ltd. Chengde Branch"
20229304,2027-04-06,7208380090,Other,552,CN,12729,"Zhangjiagang Hongchang Plate Co., Ltd"
20229329,2027-04-06,7208380090,Other,552,CN,12730,"Zhangjiagang GTA Plate Co., Ltd"
20229354,2027-04-06,7208380090,Other,552,CN,12719,"Shanxi Taigang Stainless Steel Co., Ltd"
20229379,2027-04-06,7208380090,Other,552,CN,12720,"Shougang Jingtang United Iron &amp; Steel Co., Ltd"
20229404,2027-04-06,7208380090,Other,552,CN,12721,"Maanshan Iron &amp; Steel Co., Ltd"
20229429,2027-04-06,7208380090,Other,552,CN,12722,"Rizhao Steel Wire Co., Ltd"
20229454,2027-04-06,7208380090,Other,552,CN,12723,"Rizhao Baohua New Material Co., Ltd<br>"
20229479,2027-04-06,7208380090,Other,552,CN,12724,"Tangshan Yanshan Iron and Steel Co., Ltd"
20229504,2027-04-06,7208380090,Other,552,CN,12780,"Beijing Shougang Co. Ltd., Qian’an Iron &amp; Steel branch"
20229529,2027-04-06,7208380090,Other,552,CN,12524,All Other Overseas Exporters (Residual Rate)
20229980,2027-04-06,7208380090,Other,554,CN,12731,"Jiangyin Xingcheng Special Steel Works Co., Ltd"
20230005,2027-04-06,7208380090,Other,554,CN,12705,Angang Steel Company Limited
20230030,2027-04-06,7208380090,Other,554,CN,12706,"Inner Mongolia Baotou Steel Union Co.,Ltd"
20230055,2027-04-06,7208380090,Other,554,CN,12736,"Wuhan Iron and Steel Co., Ltd"
20230080,2027-04-06,7208380090,Other,554,CN,12725,"Bengang Steel Plates Co., Ltd"
20230105,2027-04-06,7208380090,Other,554,CN,12726,"Handan Iron &amp; Steel Group Han-Bao Co., Ltd"
20230130,2027-04-06,7208380090,Other,554,CN,12727,"Hesteel Co., Ltd. Tangshan Branch"
20230155,2027-04-06,7208380090,Other,554,CN,12728,"Hesteel Co., Ltd. Chengde Branch"
20230180,2027-04-06,7208380090,Other,554,CN,12729,"Zhangjiagang Hongchang Plate Co., Ltd"
20230205,2027-04-06,7208380090,Other,554,CN,12730,"Zhangjiagang GTA Plate Co., Ltd"
20230230,2027-04-06,7208380090,Other,554,CN,12719,"Shanxi Taigang Stainless Steel Co., Ltd"
20230335,2027-04-06,7208380090,Other,554,CN,12720,"Shougang Jingtang United Iron &amp; Steel Co., Ltd"
20230360,2027-04-06,7208380090,Other,554,CN,12721,"Maanshan Iron &amp; Steel Co., Ltd"
20230385,2027-04-06,7208380090,Other,554,CN,12722,"Rizhao Steel Wire Co., Ltd"
20230410,2027-04-06,7208380090,Other,554,CN,12723,"Rizhao Baohua New Material Co., Ltd<br>"
20230435,2027-04-06,7208380090,Other,554,CN,12724,"Tangshan Yanshan Iron and Steel Co., Ltd"
20230460,2027-04-06,7208380090,Other,554,CN,12780,"Beijing Shougang Co. Ltd., Qian’an Iron &amp; Steel branch"
20230485,2027-04-06,7208380090,Other,554,CN,12524,All Other Overseas Exporters (Residual Rate)
20229091,2027-04-06,7208390090,Other,552,CN,12731,"Jiangyin Xingcheng Special Steel Works Co., Ltd"
20229130,2027-04-06,7208390090,Other,552,CN,12705,Angang Steel Company Limited
20229155,2027-04-06,7208390090,Other,552,CN,12706,"Inner Mongolia Baotou Steel Union Co.,Ltd"
20229180,2027-04-06,7208390090,Other,552,CN,12736,"Wuhan Iron and Steel Co., Ltd"
20229205,2027-04-06,7208390090,Other,552,CN,12725,"Bengang Steel Plates Co., Ltd"
20229230,2027-04-06,7208390090,Other,552,CN,12726,"Handan Iron &amp; Steel Group Han-Bao Co., Ltd"
20229255,2027-04-06,7208390090,Other,552,CN,12727,"Hesteel Co., Ltd. Tangshan Branch"
20229280,2027-04-06,7208390090,Other,552,CN,12728,"Hesteel Co., Ltd. Chengde Branch"
20229305,2027-04-06,7208390090,Other,552,CN,12729,"Zhangjiagang Hongchang Plate Co., Ltd"
20229330,2027-04-06,7208390090,Other,552,CN,12730,"Zhangjiagang GTA Plate Co., Ltd"
20229355,2027-04-06,7208390090,Other,552,CN,12719,"Shanxi Taigang Stainless Steel Co., Ltd"
20229380,2027-04-06,7208390090,Other,552,CN,12720,"Shougang Jingtang United Iron &amp; Steel Co., Ltd"
20229405,2027-04-06,7208390090,Other,552,CN,12721,"Maanshan Iron &amp; Steel Co., Ltd"
20229430,2027-04-06,7208390090,Other,552,CN,12722,"Rizhao Steel Wire Co., Ltd"
20229455,2027-04-06,7208390090,Other,552,CN,12723,"Rizhao Baohua New Material Co., Ltd<br>"
20229480,2027-04-06,7208390090,Other,552,CN,12724,"Tangshan Yanshan Iron and Steel Co., Ltd"
20229505,2027-04-06,7208390090,Other,552,CN,12780,"Beijing Shougang Co. Ltd., Qian’an Iron &amp; Steel branch"
20229530,2027-04-06,7208390090,Other,552,CN,12524,All Other Overseas Exporters (Residual Rate)
20229981,2027-04-06,7208390090,Other,554,CN,12731,"Jiangyin Xingcheng Special Steel Works Co., Ltd"
20230006,2027-04-06,7208390090,Other,554,CN,12705,Angang Steel Company Limited
20230031,2027-04-06,7208390090,Other,554,CN,12706,"Inner Mongolia Baotou Steel Union Co.,Ltd"
20230056,2027-04-06,7208390090,Other,554,CN,12736,"Wuhan Iron and Steel Co., Ltd"
20230081,2027-04-06,7208390090,Other,554,CN,12725,"Bengang Steel Plates Co., Ltd"
20230106,2027-04-06,7208390090,Other,554,CN,12726,"Handan Iron &amp; Steel Group Han-Bao Co., Ltd"
20230131,2027-04-06,7208390090,Other,554,CN,12727,"Hesteel Co., Ltd. Tangshan Branch"
20230156,2027-04-06,7208390090,Other,554,CN,12728,"Hesteel Co., Ltd. Chengde Branch"
20230181,2027-04-06,7208390090,Other,554,CN,12729,"Zhangjiagang Hongchang Plate Co., Ltd"
20230206,2027-04-06,7208390090,Other,554,CN,12730,"Zhangjiagang GTA Plate Co., Ltd"
20230231,2027-04-06,7208390090,Other,554,CN,12719,"Shanxi Taigang Stainless Steel Co., Ltd"
20230336,2027-04-06,7208390090,Other,554,CN,12720,"Shougang Jingtang United Iron &amp; Steel Co., Ltd"
20230361,2027-04-06,7208390090,Other,554,CN,12721,"Maanshan Iron &amp; Steel Co., Ltd"
20230386,2027-04-06,7208390090,Other,554,CN,12722,"Rizhao Steel Wire Co., Ltd"
20230411,2027-04-06,7208390090,Other,554,CN,12723,"Rizhao Baohua New Material Co., Ltd<br>"
20230436,2027-04-06,7208390090,Other,554,CN,12724,"Tangshan Yanshan Iron and Steel Co., Ltd"
20230461,2027-04-06,7208390090,Other,554,CN,12780,"Beijing Shougang Co. Ltd., Qian’an Iron &amp; Steel branch"
20230486,2027-04-06,7208390090,Other,554,CN,12524,All Other Overseas Exporters (Residual Rate)
20229092,2027-04-06,7208400010,Of a thickness of 2 mm or more,552,CN,12731,"Jiangyin Xingcheng Special Steel Works Co., Ltd"
20229131,2027-04-06,7208400010,Of a thickness of 2 mm or more,552,CN,12705,Angang Steel Company Limited
20229156,2027-04-06,7208400010,Of a thickness of 2 mm or more,552,CN,12706,"Inner Mongolia Baotou Steel Union Co.,Ltd"
20229181,2027-04-06,7208400010,Of a thickness of 2 mm or more,552,CN,12736,"Wuhan Iron and Steel Co., Ltd"
20229206,2027-04-06,7208400010,Of a thickness of 2 mm or more,552,CN,12725,"Bengang Steel Plates Co., Ltd"
20229231,2027-04-06,7208400010,Of a thickness of 2 mm or more,552,CN,12726,"Handan Iron &amp; Steel Group Han-Bao Co., Ltd"
20229256,2027-04-06,7208400010,Of a thickness of 2 mm or more,552,CN,12727,"Hesteel Co., Ltd. Tangshan Branch"
20229281,2027-04-06,7208400010,Of a thickness of 2 mm or more,552,CN,12728,"Hesteel Co., Ltd. Chengde Branch"
20229306,2027-04-06,7208400010,Of a thickness of 2 mm or more,552,CN,12729,"Zhangjiagang Hongchang Plate Co., Ltd"
20229331,2027-04-06,7208400010,Of a thickness of 2 mm or more,552,CN,12730,"Zhangjiagang GTA Plate Co., Ltd"
20229356,2027-04-06,7208400010,Of a thickness of 2 mm or more,552,CN,12719,"Shanxi Taigang Stainless Steel Co., Ltd"
20229381,2027-04-06,7208400010,Of a thickness of 2 mm or more,552,CN,12720,"Shougang Jingtang United Iron &amp; Steel Co., Ltd"
20229406,2027-04-06,7208400010,Of a thickness of 2 mm or more,552,CN,12721,"Maanshan Iron &amp; Steel Co., Ltd"
20229431,2027-04-06,7208400010,Of a thickness of 2 mm or more,552,CN,12722,"Rizhao Steel Wire Co., Ltd"
20229456,2027-04-06,7208400010,Of a thickness of 2 mm or more,552,CN,12723,"Rizhao Baohua New Material Co., Ltd<br>"
20229481,2027-04-06,7208400010,Of a thickness of 2 mm or more,552,CN,12724,"Tangshan Yanshan Iron and Steel Co., Ltd"
20229506,2027-04-06,7208400010,Of a thickness of 2 mm or more,552,CN,12780,"Beijing Shougang Co. Ltd., Qian’an Iron &amp; Steel branch"
20229531,2027-04-06,7208400010,Of a thickness of 2 mm or more,552,CN,12524,All Other Overseas Exporters (Residual Rate)
20229982,2027-04-06,7208400010,Of a thickness of 2 mm or more,554,CN,12731,"Jiangyin Xingcheng Special Steel Works Co., Ltd"
20230007,2027-04-06,7208400010,Of a thickness of 2 mm or more,554,CN,12705,Angang Steel Company Limited
20230032,2027-04-06,7208400010,Of a thickness of 2 mm or more,554,CN,12706,"Inner Mongolia Baotou Steel Union Co.,Ltd"
20230057,2027-04-06,7208400010,Of a thickness of 2 mm or more,554,CN,12736,"Wuhan Iron and Steel Co., Ltd"
20230082,2027-04-06,7208400010,Of a thickness of 2 mm or more,554,CN,12725,"Bengang Steel Plates Co., Ltd"
20230107,2027-04-06,7208400010,Of a thickness of 2 mm or more,554,CN,12726,"Handan Iron &amp; Steel Group Han-Bao Co., Ltd"
20230132,2027-04-06,7208400010,Of a thickness of 2 mm or more,554,CN,12727,"Hesteel Co., Ltd. Tangshan Branch"
20230157,2027-04-06,7208400010,Of a thickness of 2 mm or more,554,CN,12728,"Hesteel Co., Ltd. Chengde Branch"
20230182,2027-04-06,7208400010,Of a thickness of 2 mm or more,554,CN,12729,"Zhangjiagang Hongchang Plate Co., Ltd"
20230207,2027-04-06,7208400010,Of a thickness of 2 mm or more,554,CN,12730,"Zhangjiagang GTA Plate Co., Ltd"
20230232,2027-04-06,7208400010,Of a thickness of 2 mm or more,554,CN,12719,"Shanxi Taigang Stainless Steel Co., Ltd"
20230337,2027-04-06,7208400010,Of a thickness of 2 mm or more,554,CN,12720,"Shougang Jingtang United Iron &amp; Steel Co., Ltd"
20230362,2027-04-06,7208400010,Of a thickness of 2 mm or more,554,CN,12721,"Maanshan Iron &amp; Steel Co., Ltd"
20230387,2027-04-06,7208400010,Of a thickness of 2 mm or more,554,CN,12722,"Rizhao Steel Wire Co., Ltd"
20230412,2027-04-06,7208400010,Of a thickness of 2 mm or more,554,CN,12723,"Rizhao Baohua New Material Co., Ltd<br>"
20230437,2027-04-06,7208400010,Of a thickness of 2 mm or more,554,CN,12724,"Tangshan Yanshan Iron and Steel Co., Ltd"
20230462,2027-04-06,7208400010,Of a thickness of 2 mm or more,554,CN,12780,"Beijing Shougang Co. Ltd., Qian’an Iron &amp; Steel branch"
20230487,2027-04-06,7208400010,Of a thickness of 2 mm or more,554,CN,12524,All Other Overseas Exporters (Residual Rate)
20229093,2027-04-06,7208521000,"Rolled on four faces or in a closed box pass, of a width not exceeding 1 250 mm",552,CN,12731,"Jiangyin Xingcheng Special Steel Works Co., Ltd"
20229132,2027-04-06,7208521000,"Rolled on four faces or in a closed box pass, of a width not exceeding 1 250 mm",552,CN,12705,Angang Steel Company Limited
20229157,2027-04-06,7208521000,"Rolled on four faces or in a closed box pass, of a width not exceeding 1 250 mm",552,CN,12706,"Inner Mongolia Baotou Steel Union Co.,Ltd"
20229182,2027-04-06,7208521000,"Rolled on four faces or in a closed box pass, of a width not exceeding 1 250 mm",552,CN,12736,"Wuhan Iron and Steel Co., Ltd"
20229207,2027-04-06,7208521000,"Rolled on four faces or in a closed box pass, of a width not exceeding 1 250 mm",552,CN,12725,"Bengang Steel Plates Co., Ltd"
20229232,2027-04-06,7208521000,"Rolled on four faces or in a closed box pass, of a width not exceeding 1 250 mm",552,CN,12726,"Handan Iron &amp; Steel Group Han-Bao Co., Ltd"
20229257,2027-04-06,7208521000,"Rolled on four faces or in a closed box pass, of a width not exceeding 1 250 mm",552,CN,12727,"Hesteel Co., Ltd. Tangshan Branch"
20229282,2027-04-06,7208521000,"Rolled on four faces or in a closed box pass, of a width not exceeding 1 250 mm",552,CN,12728,"Hesteel Co., Ltd. Chengde Branch"
20229307,2027-04-06,7208521000,"Rolled on four faces or in a closed box pass, of a width not exceeding 1 250 mm",552,CN,12729,"Zhangjiagang Hongchang Plate Co., Ltd"
20229332,2027-04-06,7208521000,"Rolled on four faces or in a closed box pass, of a width not exceeding 1 250 mm",552,CN,12730,"Zhangjiagang GTA Plate Co., Ltd"
20229357,2027-04-06,7208521000,"Rolled on four faces or in a closed box pass, of a width not exceeding 1 250 mm",552,CN,12719,"Shanxi Taigang Stainless Steel Co., Ltd"
20229382,2027-04-06,7208521000,"Rolled on four faces or in a closed box pass, of a width not exceeding 1 250 mm",552,CN,12720,"Shougang Jingtang United Iron &amp; Steel Co., Ltd"
20229407,2027-04-06,7208521000,"Rolled on four faces or in a closed box pass, of a width not exceeding 1 250 mm",552,CN,12721,"Maanshan Iron &amp; Steel Co., Ltd"
20229432,2027-04-06,7208521000,"Rolled on four faces or in a closed box pass, of a width not exceeding 1 250 mm",552,CN,12722,"Rizhao Steel Wire Co., Ltd"
20229457,2027-04-06,7208521000,"Rolled on four faces or in a closed box pass, of a width not exceeding 1 250 mm",552,CN,12723,"Rizhao Baohua New Material Co., Ltd<br>"
20229482,2027-04-06,7208521000,"Rolled on four faces or in a closed box pass, of a width not exceeding 1 250 mm",552,CN,12724,"Tangshan Yanshan Iron and Steel Co., Ltd"
20229507,2027-04-06,7208521000,"Rolled on four faces or in a closed box pass, of a width not exceeding 1 250 mm",552,CN,12780,"Beijing Shougang Co. Ltd., Qian’an Iron &amp; Steel branch"
20229532,2027-04-06,7208521000,"Rolled on four faces or in a closed box pass, of a width not exceeding 1 250 mm",552,CN,12524,All Other Overseas Exporters (Residual Rate)
20229983,2027-04-06,7208521000,"Rolled on four faces or in a closed box pass, of a width not exceeding 1 250 mm",554,CN,12731,"Jiangyin Xingcheng Special Steel Works Co., Ltd"
20230008,2027-04-06,7208521000,"Rolled on four faces or in a closed box pass, of a width not exceeding 1 250 mm",554,CN,12705,Angang Steel Company Limited
20230033,2027-04-06,7208521000,"Rolled on four faces or in a closed box pass, of a width not exceeding 1 250 mm",554,CN,12706,"Inner Mongolia Baotou Steel Union Co.,Ltd"
20230058,2027-04-06,7208521000,"Rolled on four faces or in a closed box pass, of a width not exceeding 1 250 mm",554,CN,12736,"Wuhan Iron and Steel Co., Ltd"
20230083,2027-04-06,7208521000,"Rolled on four faces or in a closed box pass, of a width not exceeding 1 250 mm",554,CN,12725,"Bengang Steel Plates Co., Ltd"
20230108,2027-04-06,7208521000,"Rolled on four faces or in a closed box pass, of a width not exceeding 1 250 mm",554,CN,12726,"Handan Iron &amp; Steel Group Han-Bao Co., Ltd"
20230133,2027-04-06,7208521000,"Rolled on four faces or in a closed box pass, of a width not exceeding 1 250 mm",554,CN,12727,"Hesteel Co., Ltd. Tangshan Branch"
20230158,2027-04-06,7208521000,"Rolled on four faces or in a closed box pass, of a width not exceeding 1 250 mm",554,CN,12728,"Hesteel Co., Ltd. Chengde Branch"
20230183,2027-04-06,7208521000,"Rolled on four faces or in a closed box pass, of a width not exceeding 1 250 mm",554,CN,12729,"Zhangjiagang Hongchang Plate Co., Ltd"
20230208,2027-04-06,7208521000,"Rolled on four faces or in a closed box pass, of a width not exceeding 1 250 mm",554,CN,12730,"Zhangjiagang GTA Plate Co., Ltd"
20230233,2027-04-06,7208521000,"Rolled on four faces or in a closed box pass, of a width not exceeding 1 250 mm",554,CN,12719,"Shanxi Taigang Stainless Steel Co., Ltd"
20230338,2027-04-06,7208521000,"Rolled on four faces or in a closed box pass, of a width not exceeding 1 250 mm",554,CN,12720,"Shougang Jingtang United Iron &amp; Steel Co., Ltd"
20230363,2027-04-06,7208521000,"Rolled on four faces or in a closed box pass, of a width not exceeding 1 250 mm",554,CN,12721,"Maanshan Iron &amp; Steel Co., Ltd"
20230388,2027-04-06,7208521000,"Rolled on four faces or in a closed box pass, of a width not exceeding 1 250 mm",554,CN,12722,"Rizhao Steel Wire Co., Ltd"
20230413,2027-04-06,7208521000,"Rolled on four faces or in a closed box pass, of a width not exceeding 1 250 mm",554,CN,12723,"Rizhao Baohua New Material Co., Ltd<br>"
20230438,2027-04-06,7208521000,"Rolled on four faces or in a closed box pass, of a width not exceeding 1 250 mm",554,CN,12724,"Tangshan Yanshan Iron and Steel Co., Ltd"
20230463,2027-04-06,7208521000,"Rolled on four faces or in a closed box pass, of a width not exceeding 1 250 mm",554,CN,12780,"Beijing Shougang Co. Ltd., Qian’an Iron &amp; Steel branch"
20230488,2027-04-06,7208521000,"Rolled on four faces or in a closed box pass, of a width not exceeding 1 250 mm",554,CN,12524,All Other Overseas Exporters (Residual Rate)
20229094,2027-04-06,7208529900,Less than 2 050 mm,552,CN,12731,"Jiangyin Xingcheng Special Steel Works Co., Ltd"
20229133,2027-04-06,7208529900,Less than 2 050 mm,552,CN,12705,Angang Steel Company Limited
20229158,2027-04-06,7208529900,Less than 2 050 mm,552,CN,12706,"Inner Mongolia Baotou Steel Union Co.,Ltd"
20229183,2027-04-06,7208529900,Less than 2 050 mm,552,CN,12736,"Wuhan Iron and Steel Co., Ltd"
20229208,2027-04-06,7208529900,Less than 2 050 mm,552,CN,12725,"Bengang Steel Plates Co., Ltd"
20229233,2027-04-06,7208529900,Less than 2 050 mm,552,CN,12726,"Handan Iron &amp; Steel Group Han-Bao Co., Ltd"
20229258,2027-04-06,7208529900,Less than 2 050 mm,552,CN,12727,"Hesteel Co., Ltd. Tangshan Branch"
20229283,2027-04-06,7208529900,Less than 2 050 mm,552,CN,12728,"Hesteel Co., Ltd. Chengde Branch"
20229308,2027-04-06,7208529900,Less than 2 050 mm,552,CN,12729,"Zhangjiagang Hongchang Plate Co., Ltd"
20229333,2027-04-06,7208529900,Less than 2 050 mm,552,CN,12730,"Zhangjiagang GTA Plate Co., Ltd"
20229358,2027-04-06,7208529900,Less than 2 050 mm,552,CN,12719,"Shanxi Taigang Stainless Steel Co., Ltd"
20229383,2027-04-06,7208529900,Less than 2 050 mm,552,CN,12720,"Shougang Jingtang United Iron &amp; Steel Co., Ltd"
20229408,2027-04-06,7208529900,Less than 2 050 mm,552,CN,12721,"Maanshan Iron &amp; Steel Co., Ltd"
20229433,2027-04-06,7208529900,Less than 2 050 mm,552,CN,12722,"Rizhao Steel Wire Co., Ltd"
20229458,2027-04-06,7208529900,Less than 2 050 mm,552,CN,12723,"Rizhao Baohua New Material Co., Ltd<br>"
20229483,2027-04-06,7208529900,Less than 2 050 mm,552,CN,12724,"Tangshan Yanshan Iron and Steel Co., Ltd"
20229508,2027-04-06,7208529900,Less than 2 050 mm,552,CN,12780,"Beijing Shougang Co. Ltd., Qian’an Iron &amp; Steel branch"
20229533,2027-04-06,7208529900,Less than 2 050 mm,552,CN,12524,All Other Overseas Exporters (Residual Rate)
20229984,2027-04-06,7208529900,Less than 2 050 mm,554,CN,12731,"Jiangyin Xingcheng Special Steel Works Co., Ltd"
20230009,2027-04-06,7208529900,Less than 2 050 mm,554,CN,12705,Angang Steel Company Limited
20230034,2027-04-06,7208529900,Less than 2 050 mm,554,CN,12706,"Inner Mongolia Baotou Steel Union Co.,Ltd"
20230059,2027-04-06,7208529900,Less than 2 050 mm,554,CN,12736,"Wuhan Iron and Steel Co., Ltd"
20230084,2027-04-06,7208529900,Less than 2 050 mm,554,CN,12725,"Bengang Steel Plates Co., Ltd"
20230109,2027-04-06,7208529900,Less than 2 050 mm,554,CN,12726,"Handan Iron &amp; Steel Group Han-Bao Co., Ltd"
20230134,2027-04-06,7208529900,Less than 2 050 mm,554,CN,12727,"Hesteel Co., Ltd. Tangshan Branch"
20230159,2027-04-06,7208529900,Less than 2 050 mm,554,CN,12728,"Hesteel Co., Ltd. Chengde Branch"
20230184,2027-04-06,7208529900,Less than 2 050 mm,554,CN,12729,"Zhangjiagang Hongchang Plate Co., Ltd"
20230209,2027-04-06,7208529900,Less than 2 050 mm,554,CN,12730,"Zhangjiagang GTA Plate Co., Ltd"
20230234,2027-04-06,7208529900,Less than 2 050 mm,554,CN,12719,"Shanxi Taigang Stainless Steel Co., Ltd"
20230339,2027-04-06,7208529900,Less than 2 050 mm,554,CN,12720,"Shougang Jingtang United Iron &amp; Steel Co., Ltd"
20230364,2027-04-06,7208529900,Less than 2 050 mm,554,CN,12721,"Maanshan Iron &amp; Steel Co., Ltd"
20230389,2027-04-06,7208529900,Less than 2 050 mm,554,CN,12722,"Rizhao Steel Wire Co., Ltd"
20230414,2027-04-06,7208529900,Less than 2 050 mm,554,CN,12723,"Rizhao Baohua New Material Co., Ltd<br>"
20230439,2027-04-06,7208529900,Less than 2 050 mm,554,CN,12724,"Tangshan Yanshan Iron and Steel Co., Ltd"
20230464,2027-04-06,7208529900,Less than 2 050 mm,554,CN,12780,"Beijing Shougang Co. Ltd., Qian’an Iron &amp; Steel branch"
20230489,2027-04-06,7208529900,Less than 2 050 mm,554,CN,12524,All Other Overseas Exporters (Residual Rate)
20229095,2027-04-06,7208531000,"Rolled on four faces or in a closed box pass, of a width not exceeding 1 250 mm and of a thickness of 4 mm or more",552,CN,12731,"Jiangyin Xingcheng Special Steel Works Co., Ltd"
20229134,2027-04-06,7208531000,"Rolled on four faces or in a closed box pass, of a width not exceeding 1 250 mm and of a thickness of 4 mm or more",552,CN,12705,Angang Steel Company Limited
20229159,2027-04-06,7208531000,"Rolled on four faces or in a closed box pass, of a width not exceeding 1 250 mm and of a thickness of 4 mm or more",552,CN,12706,"Inner Mongolia Baotou Steel Union Co.,Ltd"
20229184,2027-04-06,7208531000,"Rolled on four faces or in a closed box pass, of a width not exceeding 1 250 mm and of a thickness of 4 mm or more",552,CN,12736,"Wuhan Iron and Steel Co., Ltd"
20229209,2027-04-06,7208531000,"Rolled on four faces or in a closed box pass, of a width not exceeding 1 250 mm and of a thickness of 4 mm or more",552,CN,12725,"Bengang Steel Plates Co., Ltd"
20229234,2027-04-06,7208531000,"Rolled on four faces or in a closed box pass, of a width not exceeding 1 250 mm and of a thickness of 4 mm or more",552,CN,12726,"Handan Iron &amp; Steel Group Han-Bao Co., Ltd"
20229259,2027-04-06,7208531000,"Rolled on four faces or in a closed box pass, of a width not exceeding 1 250 mm and of a thickness of 4 mm or more",552,CN,12727,"Hesteel Co., Ltd. Tangshan Branch"
20229284,2027-04-06,7208531000,"Rolled on four faces or in a closed box pass, of a width not exceeding 1 250 mm and of a thickness of 4 mm or more",552,CN,12728,"Hesteel Co., Ltd. Chengde Branch"
20229309,2027-04-06,7208531000,"Rolled on four faces or in a closed box pass, of a width not exceeding 1 250 mm and of a thickness of 4 mm or more",552,CN,12729,"Zhangjiagang Hongchang Plate Co., Ltd"
20229334,2027-04-06,7208531000,"Rolled on four faces or in a closed box pass, of a width not exceeding 1 250 mm and of a thickness of 4 mm or more",552,CN,12730,"Zhangjiagang GTA Plate Co., Ltd"
20229359,2027-04-06,7208531000,"Rolled on four faces or in a closed box pass, of a width not exceeding 1 250 mm and of a thickness of 4 mm or more",552,CN,12719,"Shanxi Taigang Stainless Steel Co., Ltd"
20229384,2027-04-06,7208531000,"Rolled on four faces or in a closed box pass, of a width not exceeding 1 250 mm and of a thickness of 4 mm or more",552,CN,12720,"Shougang Jingtang United Iron &amp; Steel Co., Ltd"
20229409,2027-04-06,7208531000,"Rolled on four faces or in a closed box pass, of a width not exceeding 1 250 mm and of a thickness of 4 mm or more",552,CN,12721,"Maanshan Iron &amp; Steel Co., Ltd"
20229434,2027-04-06,7208531000,"Rolled on four faces or in a closed box pass, of a width not exceeding 1 250 mm and of a thickness of 4 mm or more",552,CN,12722,"Rizhao Steel Wire Co., Ltd"
20229459,2027-04-06,7208531000,"Rolled on four faces or in a closed box pass, of a width not exceeding 1 250 mm and of a thickness of 4 mm or more",552,CN,12723,"Rizhao Baohua New Material Co., Ltd<br>"
20229484,2027-04-06,7208531000,"Rolled on four faces or in a closed box pass, of a width not exceeding 1 250 mm and of a thickness of 4 mm or more",552,CN,12724,"Tangshan Yanshan Iron and Steel Co., Ltd"
20229509,2027-04-06,7208531000,"Rolled on four faces or in a closed box pass, of a width not exceeding 1 250 mm and of a thickness of 4 mm or more",552,CN,12780,"Beijing Shougang Co. Ltd., Qian’an Iron &amp; Steel branch"
20229534,2027-04-06,7208531000,"Rolled on four faces or in a closed box pass, of a width not exceeding 1 250 mm and of a thickness of 4 mm or more",552,CN,12524,All Other Overseas Exporters (Residual Rate)
20229985,2027-04-06,7208531000,"Rolled on four faces or in a closed box pass, of a width not exceeding 1 250 mm and of a thickness of 4 mm or more",554,CN,12731,"Jiangyin Xingcheng Special Steel Works Co., Ltd"
20230010,2027-04-06,7208531000,"Rolled on four faces or in a closed box pass, of a width not exceeding 1 250 mm and of a thickness of 4 mm or more",554,CN,12705,Angang Steel Company Limited
20230035,2027-04-06,7208531000,"Rolled on four faces or in a closed box pass, of a width not exceeding 1 250 mm and of a thickness of 4 mm or more",554,CN,12706,"Inner Mongolia Baotou Steel Union Co.,Ltd"
20230060,2027-04-06,7208531000,"Rolled on four faces or in a closed box pass, of a width not exceeding 1 250 mm and of a thickness of 4 mm or more",554,CN,12736,"Wuhan Iron and Steel Co., Ltd"
20230085,2027-04-06,7208531000,"Rolled on four faces or in a closed box pass, of a width not exceeding 1 250 mm and of a thickness of 4 mm or more",554,CN,12725,"Bengang Steel Plates Co., Ltd"
20230110,2027-04-06,7208531000,"Rolled on four faces or in a closed box pass, of a width not exceeding 1 250 mm and of a thickness of 4 mm or more",554,CN,12726,"Handan Iron &amp; Steel Group Han-Bao Co., Ltd"
20230135,2027-04-06,7208531000,"Rolled on four faces or in a closed box pass, of a width not exceeding 1 250 mm and of a thickness of 4 mm or more",554,CN,12727,"Hesteel Co., Ltd. Tangshan Branch"
20230160,2027-04-06,7208531000,"Rolled on four faces or in a closed box pass, of a width not exceeding 1 250 mm and of a thickness of 4 mm or more",554,CN,12728,"Hesteel Co., Ltd. Chengde Branch"
20230185,2027-04-06,7208531000,"Rolled on four faces or in a closed box pass, of a width not exceeding 1 250 mm and of a thickness of 4 mm or more",554,CN,12729,"Zhangjiagang Hongchang Plate Co., Ltd"
20230210,2027-04-06,7208531000,"Rolled on four faces or in a closed box pass, of a width not exceeding 1 250 mm and of a thickness of 4 mm or more",554,CN,12730,"Zhangjiagang GTA Plate Co., Ltd"
20230235,2027-04-06,7208531000,"Rolled on four faces or in a closed box pass, of a width not exceeding 1 250 mm and of a thickness of 4 mm or more",554,CN,12719,"Shanxi Taigang Stainless Steel Co., Ltd"
20230340,2027-04-06,7208531000,"Rolled on four faces or in a closed box pass, of a width not exceeding 1 250 mm and of a thickness of 4 mm or more",554,CN,12720,"Shougang Jingtang United Iron &amp; Steel Co., Ltd"
20230365,2027-04-06,7208531000,"Rolled on four faces or in a closed box pass, of a width not exceeding 1 250 mm and of a thickness of 4 mm or more",554,CN,12721,"Maanshan Iron &amp; Steel Co., Ltd"
20230390,2027-04-06,7208531000,"Rolled on four faces or in a closed box pass, of a width not exceeding 1 250 mm and of a thickness of 4 mm or more",554,CN,12722,"Rizhao Steel Wire Co., Ltd"
20230415,2027-04-06,7208531000,"Rolled on four faces or in a closed box pass, of a width not exceeding 1 250 mm and of a thickness of 4 mm or more",554,CN,12723,"Rizhao Baohua New Material Co., Ltd<br>"
20230440,2027-04-06,7208531000,"Rolled on four faces or in a closed box pass, of a width not exceeding 1 250 mm and of a thickness of 4 mm or more",554,CN,12724,"Tangshan Yanshan Iron and Steel Co., Ltd"
20230465,2027-04-06,7208531000,"Rolled on four faces or in a closed box pass, of a width not exceeding 1 250 mm and of a thickness of 4 mm or more",554,CN,12780,"Beijing Shougang Co. Ltd., Qian’an Iron &amp; Steel branch"
20230490,2027-04-06,7208531000,"Rolled on four faces or in a closed box pass, of a width not exceeding 1 250 mm and of a thickness of 4 mm or more",554,CN,12524,All Other Overseas Exporters (Residual Rate)
20229096,2027-04-06,7208539000,Other,552,CN,12731,"Jiangyin Xingcheng Special Steel Works Co., Ltd"
20229135,2027-04-06,7208539000,Other,552,CN,12705,Angang Steel Company Limited
20229160,2027-04-06,7208539000,Other,552,CN,12706,"Inner Mongolia Baotou Steel Union Co.,Ltd"
20229185,2027-04-06,7208539000,Other,552,CN,12736,"Wuhan Iron and Steel Co., Ltd"
20229210,2027-04-06,7208539000,Other,552,CN,12725,"Bengang Steel Plates Co., Ltd"
20229235,2027-04-06,7208539000,Other,552,CN,12726,"Handan Iron &amp; Steel Group Han-Bao Co., Ltd"
20229260,2027-04-06,7208539000,Other,552,CN,12727,"Hesteel Co., Ltd. Tangshan Branch"
20229285,2027-04-06,7208539000,Other,552,CN,12728,"Hesteel Co., Ltd. Chengde Branch"
20229310,2027-04-06,7208539000,Other,552,CN,12729,"Zhangjiagang Hongchang Plate Co., Ltd"
20229335,2027-04-06,7208539000,Other,552,CN,12730,"Zhangjiagang GTA Plate Co., Ltd"
20229360,2027-04-06,7208539000,Other,552,CN,12719,"Shanxi Taigang Stainless Steel Co., Ltd"
20229385,2027-04-06,7208539000,Other,552,CN,12720,"Shougang Jingtang United Iron &amp; Steel Co., Ltd"
20229410,2027-04-06,7208539000,Other,552,CN,12721,"Maanshan Iron &amp; Steel Co., Ltd"
20229435,2027-04-06,7208539000,Other,552,CN,12722,"Rizhao Steel Wire Co., Ltd"
20229460,2027-04-06,7208539000,Other,552,CN,12723,"Rizhao Baohua New Material Co., Ltd<br>"
20229485,2027-04-06,7208539000,Other,552,CN,12724,"Tangshan Yanshan Iron and Steel Co., Ltd"
20229510,2027-04-06,7208539000,Other,552,CN,12780,"Beijing Shougang Co. Ltd., Qian’an Iron &amp; Steel branch"
20229535,2027-04-06,7208539000,Other,552,CN,12524,All Other Overseas Exporters (Residual Rate)
20229986,2027-04-06,7208539000,Other,554,CN,12731,"Jiangyin Xingcheng Special Steel Works Co., Ltd"
20230011,2027-04-06,7208539000,Other,554,CN,12705,Angang Steel Company Limited
20230036,2027-04-06,7208539000,Other,554,CN,12706,"Inner Mongolia Baotou Steel Union Co.,Ltd"
20230061,2027-04-06,7208539000,Other,554,CN,12736,"Wuhan Iron and Steel Co., Ltd"
20230086,2027-04-06,7208539000,Other,554,CN,12725,"Bengang Steel Plates Co., Ltd"
20230111,2027-04-06,7208539000,Other,554,CN,12726,"Handan Iron &amp; Steel Group Han-Bao Co., Ltd"
20230136,2027-04-06,7208539000,Other,554,CN,12727,"Hesteel Co., Ltd. Tangshan Branch"
20230161,2027-04-06,7208539000,Other,554,CN,12728,"Hesteel Co., Ltd. Chengde Branch"
20230186,2027-04-06,7208539000,Other,554,CN,12729,"Zhangjiagang Hongchang Plate Co., Ltd"
20230211,2027-04-06,7208539000,Other,554,CN,12730,"Zhangjiagang GTA Plate Co., Ltd"
20230236,2027-04-06,7208539000,Other,554,CN,12719,"Shanxi Taigang Stainless Steel Co., Ltd"
20230341,2027-04-06,7208539000,Other,554,CN,12720,"Shougang Jingtang United Iron &amp; Steel Co., Ltd"
20230366,2027-04-06,7208539000,Other,554,CN,12721,"Maanshan Iron &amp; Steel Co., Ltd"
20230391,2027-04-06,7208539000,Other,554,CN,12722,"Rizhao Steel Wire Co., Ltd"
20230416,2027-04-06,7208539000,Other,554,CN,12723,"Rizhao Baohua New Material Co., Ltd<br>"
20230441,2027-04-06,7208539000,Other,554,CN,12724,"Tangshan Yanshan Iron and Steel Co., Ltd"
20230466,2027-04-06,7208539000,Other,554,CN,12780,"Beijing Shougang Co. Ltd., Qian’an Iron &amp; Steel branch"
20230491,2027-04-06,7208539000,Other,554,CN,12524,All Other Overseas Exporters (Residual Rate)
20229097,2027-04-06,7208540000,Of a thickness of less than 3 mm,552,CN,12731,"Jiangyin Xingcheng Special Steel Works Co., Ltd"
20229136,2027-04-06,7208540000,Of a thickness of less than 3 mm,552,CN,12705,Angang Steel Company Limited
20229161,2027-04-06,7208540000,Of a thickness of less than 3 mm,552,CN,12706,"Inner Mongolia Baotou Steel Union Co.,Ltd"
20229186,2027-04-06,7208540000,Of a thickness of less than 3 mm,552,CN,12736,"Wuhan Iron and Steel Co., Ltd"
20229211,2027-04-06,7208540000,Of a thickness of less than 3 mm,552,CN,12725,"Bengang Steel Plates Co., Ltd"
20229236,2027-04-06,7208540000,Of a thickness of less than 3 mm,552,CN,12726,"Handan Iron &amp; Steel Group Han-Bao Co., Ltd"
20229261,2027-04-06,7208540000,Of a thickness of less than 3 mm,552,CN,12727,"Hesteel Co., Ltd. Tangshan Branch"
20229286,2027-04-06,7208540000,Of a thickness of less than 3 mm,552,CN,12728,"Hesteel Co., Ltd. Chengde Branch"
20229311,2027-04-06,7208540000,Of a thickness of less than 3 mm,552,CN,12729,"Zhangjiagang Hongchang Plate Co., Ltd"
20229336,2027-04-06,7208540000,Of a thickness of less than 3 mm,552,CN,12730,"Zhangjiagang GTA Plate Co., Ltd"
20229361,2027-04-06,7208540000,Of a thickness of less than 3 mm,552,CN,12719,"Shanxi Taigang Stainless Steel Co., Ltd"
20229386,2027-04-06,7208540000,Of a thickness of less than 3 mm,552,CN,12720,"Shougang Jingtang United Iron &amp; Steel Co., Ltd"
20229411,2027-04-06,7208540000,Of a thickness of less than 3 mm,552,CN,12721,"Maanshan Iron &amp; Steel Co., Ltd"
20229436,2027-04-06,7208540000,Of a thickness of less than 3 mm,552,CN,12722,"Rizhao Steel Wire Co., Ltd"
20229461,2027-04-06,7208540000,Of a thickness of less than 3 mm,552,CN,12723,"Rizhao Baohua New Material Co., Ltd<br>"
20229486,2027-04-06,7208540000,Of a thickness of less than 3 mm,552,CN,12724,"Tangshan Yanshan Iron and Steel Co., Ltd"
20229511,2027-04-06,7208540000,Of a thickness of less than 3 mm,552,CN,12780,"Beijing Shougang Co. Ltd., Qian’an Iron &amp; Steel branch"
20229536,2027-04-06,7208540000,Of a thickness of less than 3 mm,552,CN,12524,All Other Overseas Exporters (Residual Rate)
20229987,2027-04-06,7208540000,Of a thickness of less than 3 mm,554,CN,12731,"Jiangyin Xingcheng Special Steel Works Co., Ltd"
20230012,2027-04-06,7208540000,Of a thickness of less than 3 mm,554,CN,12705,Angang Steel Company Limited
20230037,2027-04-06,7208540000,Of a thickness of less than 3 mm,554,CN,12706,"Inner Mongolia Baotou Steel Union Co.,Ltd"
20230062,2027-04-06,7208540000,Of a thickness of less than 3 mm,554,CN,12736,"Wuhan Iron and Steel Co., Ltd"
20230087,2027-04-06,7208540000,Of a thickness of less than 3 mm,554,CN,12725,"Bengang Steel Plates Co., Ltd"
20230112,2027-04-06,7208540000,Of a thickness of less than 3 mm,554,CN,12726,"Handan Iron &amp; Steel Group Han-Bao Co., Ltd"
20230137,2027-04-06,7208540000,Of a thickness of less than 3 mm,554,CN,12727,"Hesteel Co., Ltd. Tangshan Branch"
20230162,2027-04-06,7208540000,Of a thickness of less than 3 mm,554,CN,12728,"Hesteel Co., Ltd. Chengde Branch"
20230187,2027-04-06,7208540000,Of a thickness of less than 3 mm,554,CN,12729,"Zhangjiagang Hongchang Plate Co., Ltd"
20230212,2027-04-06,7208540000,Of a thickness of less than 3 mm,554,CN,12730,"Zhangjiagang GTA Plate Co., Ltd"
20230237,2027-04-06,7208540000,Of a thickness of less than 3 mm,554,CN,12719,"Shanxi Taigang Stainless Steel Co., Ltd"
20230342,2027-04-06,7208540000,Of a thickness of less than 3 mm,554,CN,12720,"Shougang Jingtang United Iron &amp; Steel Co., Ltd"
20230367,2027-04-06,7208540000,Of a thickness of less than 3 mm,554,CN,12721,"Maanshan Iron &amp; Steel Co., Ltd"
20230392,2027-04-06,7208540000,Of a thickness of less than 3 mm,554,CN,12722,"Rizhao Steel Wire Co., Ltd"
20230417,2027-04-06,7208540000,Of a thickness of less than 3 mm,554,CN,12723,"Rizhao Baohua New Material Co., Ltd<br>"
20230442,2027-04-06,7208540000,Of a thickness of less than 3 mm,554,CN,12724,"Tangshan Yanshan Iron and Steel Co., Ltd"
20230467,2027-04-06,7208540000,Of a thickness of less than 3 mm,554,CN,12780,"Beijing Shougang Co. Ltd., Qian’an Iron &amp; Steel branch"
20230492,2027-04-06,7208540000,Of a thickness of less than 3 mm,554,CN,12524,All Other Overseas Exporters (Residual Rate)
20229098,2027-04-06,7211130011,Of a width not exceeding 350 mm and of a thickness of 50 mm or more,552,CN,12731,"Jiangyin Xingcheng Special Steel Works Co., Ltd"
20229137,2027-04-06,7211130011,Of a width not exceeding 350 mm and of a thickness of 50 mm or more,552,CN,12705,Angang Steel Company Limited
20229162,2027-04-06,7211130011,Of a width not exceeding 350 mm and of a thickness of 50 mm or more,552,CN,12706,"Inner Mongolia Baotou Steel Union Co.,Ltd"
20229187,2027-04-06,7211130011,Of a width not exceeding 350 mm and of a thickness of 50 mm or more,552,CN,12736,"Wuhan Iron and Steel Co., Ltd"
20229212,2027-04-06,7211130011,Of a width not exceeding 350 mm and of a thickness of 50 mm or more,552,CN,12725,"Bengang Steel Plates Co., Ltd"
20229237,2027-04-06,7211130011,Of a width not exceeding 350 mm and of a thickness of 50 mm or more,552,CN,12726,"Handan Iron &amp; Steel Group Han-Bao Co., Ltd"
20229262,2027-04-06,7211130011,Of a width not exceeding 350 mm and of a thickness of 50 mm or more,552,CN,12727,"Hesteel Co., Ltd. Tangshan Branch"
20229287,2027-04-06,7211130011,Of a width not exceeding 350 mm and of a thickness of 50 mm or more,552,CN,12728,"Hesteel Co., Ltd. Chengde Branch"
20229312,2027-04-06,7211130011,Of a width not exceeding 350 mm and of a thickness of 50 mm or more,552,CN,12729,"Zhangjiagang Hongchang Plate Co., Ltd"
20229337,2027-04-06,7211130011,Of a width not exceeding 350 mm and of a thickness of 50 mm or more,552,CN,12730,"Zhangjiagang GTA Plate Co., Ltd"
20229362,2027-04-06,7211130011,Of a width not exceeding 350 mm and of a thickness of 50 mm or more,552,CN,12719,"Shanxi Taigang Stainless Steel Co., Ltd"
20229387,2027-04-06,7211130011,Of a width not exceeding 350 mm and of a thickness of 50 mm or more,552,CN,12720,"Shougang Jingtang United Iron &amp; Steel Co., Ltd"
20229412,2027-04-06,7211130011,Of a width not exceeding 350 mm and of a thickness of 50 mm or more,552,CN,12721,"Maanshan Iron &amp; Steel Co., Ltd"
20229437,2027-04-06,7211130011,Of a width not exceeding 350 mm and of a thickness of 50 mm or more,552,CN,12722,"Rizhao Steel Wire Co., Ltd"
20229462,2027-04-06,7211130011,Of a width not exceeding 350 mm and of a thickness of 50 mm or more,552,CN,12723,"Rizhao Baohua New Material Co., Ltd<br>"
20229487,2027-04-06,7211130011,Of a width not exceeding 350 mm and of a thickness of 50 mm or more,552,CN,12724,"Tangshan Yanshan Iron and Steel Co., Ltd"
20229512,2027-04-06,7211130011,Of a width not exceeding 350 mm and of a thickness of 50 mm or more,552,CN,12780,"Beijing Shougang Co. Ltd., Qian’an Iron &amp; Steel branch"
20229537,2027-04-06,7211130011,Of a width not exceeding 350 mm and of a thickness of 50 mm or more,552,CN,12524,All Other Overseas Exporters (Residual Rate)
20229988,2027-04-06,7211130011,Of a width not exceeding 350 mm and of a thickness of 50 mm or more,554,CN,12731,"Jiangyin Xingcheng Special Steel Works Co., Ltd"
20230013,2027-04-06,7211130011,Of a width not exceeding 350 mm and of a thickness of 50 mm or more,554,CN,12705,Angang Steel Company Limited
20230038,2027-04-06,7211130011,Of a width not exceeding 350 mm and of a thickness of 50 mm or more,554,CN,12706,"Inner Mongolia Baotou Steel Union Co.,Ltd"
20230063,2027-04-06,7211130011,Of a width not exceeding 350 mm and of a thickness of 50 mm or more,554,CN,12736,"Wuhan Iron and Steel Co., Ltd"
20230088,2027-04-06,7211130011,Of a width not exceeding 350 mm and of a thickness of 50 mm or more,554,CN,12725,"Bengang Steel Plates Co., Ltd"
20230113,2027-04-06,7211130011,Of a width not exceeding 350 mm and of a thickness of 50 mm or more,554,CN,12726,"Handan Iron &amp; Steel Group Han-Bao Co., Ltd"
20230138,2027-04-06,7211130011,Of a width not exceeding 350 mm and of a thickness of 50 mm or more,554,CN,12727,"Hesteel Co., Ltd. Tangshan Branch"
20230163,2027-04-06,7211130011,Of a width not exceeding 350 mm and of a thickness of 50 mm or more,554,CN,12728,"Hesteel Co., Ltd. Chengde Branch"
20230188,2027-04-06,7211130011,Of a width not exceeding 350 mm and of a thickness of 50 mm or more,554,CN,12729,"Zhangjiagang Hongchang Plate Co., Ltd"
20230213,2027-04-06,7211130011,Of a width not exceeding 350 mm and of a thickness of 50 mm or more,554,CN,12730,"Zhangjiagang GTA Plate Co., Ltd"
20230238,2027-04-06,7211130011,Of a width not exceeding 350 mm and of a thickness of 50 mm or more,554,CN,12719,"Shanxi Taigang Stainless Steel Co., Ltd"
20230343,2027-04-06,7211130011,Of a width not exceeding 350 mm and of a thickness of 50 mm or more,554,CN,12720,"Shougang Jingtang United Iron &amp; Steel Co., Ltd"
20230368,2027-04-06,7211130011,Of a width not exceeding 350 mm and of a thickness of 50 mm or more,554,CN,12721,"Maanshan Iron &amp; Steel Co., Ltd"
20230393,2027-04-06,7211130011,Of a width not exceeding 350 mm and of a thickness of 50 mm or more,554,CN,12722,"Rizhao Steel Wire Co., Ltd"
20230418,2027-04-06,7211130011,Of a width not exceeding 350 mm and of a thickness of 50 mm or more,554,CN,12723,"Rizhao Baohua New Material Co., Ltd<br>"
20230443,2027-04-06,7211130011,Of a width not exceeding 350 mm and of a thickness of 50 mm or more,554,CN,12724,"Tangshan Yanshan Iron and Steel Co., Ltd"
20230468,2027-04-06,7211130011,Of a width not exceeding 350 mm and of a thickness of 50 mm or more,554,CN,12780,"Beijing Shougang Co. Ltd., Qian’an Iron &amp; Steel branch"
20230493,2027-04-06,7211130011,Of a width not exceeding 350 mm and of a thickness of 50 mm or more,554,CN,12524,All Other Overseas Exporters (Residual Rate)
20229099,2027-04-06,7211140091,Of a width not exceeding 350 mm and of a thickness of 50 mm or more,552,CN,12731,"Jiangyin Xingcheng Special Steel Works Co., Ltd"
20229138,2027-04-06,7211140091,Of a width not exceeding 350 mm and of a thickness of 50 mm or more,552,CN,12705,Angang Steel Company Limited
20229163,2027-04-06,7211140091,Of a width not exceeding 350 mm and of a thickness of 50 mm or more,552,CN,12706,"Inner Mongolia Baotou Steel Union Co.,Ltd"
20229188,2027-04-06,7211140091,Of a width not exceeding 350 mm and of a thickness of 50 mm or more,552,CN,12736,"Wuhan Iron and Steel Co., Ltd"
20229213,2027-04-06,7211140091,Of a width not exceeding 350 mm and of a thickness of 50 mm or more,552,CN,12725,"Bengang Steel Plates Co., Ltd"
20229238,2027-04-06,7211140091,Of a width not exceeding 350 mm and of a thickness of 50 mm or more,552,CN,12726,"Handan Iron &amp; Steel Group Han-Bao Co., Ltd"
20229263,2027-04-06,7211140091,Of a width not exceeding 350 mm and of a thickness of 50 mm or more,552,CN,12727,"Hesteel Co., Ltd. Tangshan Branch"
20229288,2027-04-06,7211140091,Of a width not exceeding 350 mm and of a thickness of 50 mm or more,552,CN,12728,"Hesteel Co., Ltd. Chengde Branch"
20229313,2027-04-06,7211140091,Of a width not exceeding 350 mm and of a thickness of 50 mm or more,552,CN,12729,"Zhangjiagang Hongchang Plate Co., Ltd"
20229338,2027-04-06,7211140091,Of a width not exceeding 350 mm and of a thickness of 50 mm or more,552,CN,12730,"Zhangjiagang GTA Plate Co., Ltd"
20229363,2027-04-06,7211140091,Of a width not exceeding 350 mm and of a thickness of 50 mm or more,552,CN,12719,"Shanxi Taigang Stainless Steel Co., Ltd"
20229388,2027-04-06,7211140091,Of a width not exceeding 350 mm and of a thickness of 50 mm or more,552,CN,12720,"Shougang Jingtang United Iron &amp; Steel Co., Ltd"
20229413,2027-04-06,7211140091,Of a width not exceeding 350 mm and of a thickness of 50 mm or more,552,CN,12721,"Maanshan Iron &amp; Steel Co., Ltd"
20229438,2027-04-06,7211140091,Of a width not exceeding 350 mm and of a thickness of 50 mm or more,552,CN,12722,"Rizhao Steel Wire Co., Ltd"
20229463,2027-04-06,7211140091,Of a width not exceeding 350 mm and of a thickness of 50 mm or more,552,CN,12723,"Rizhao Baohua New Material Co., Ltd<br>"
20229488,2027-04-06,7211140091,Of a width not exceeding 350 mm and of a thickness of 50 mm or more,552,CN,12724,"Tangshan Yanshan Iron and Steel Co., Ltd"
20229513,2027-04-06,7211140091,Of a width not exceeding 350 mm and of a thickness of 50 mm or more,552,CN,12780,"Beijing Shougang Co. Ltd., Qian’an Iron &amp; Steel branch"
20229538,2027-04-06,7211140091,Of a width not exceeding 350 mm and of a thickness of 50 mm or more,552,CN,12524,All Other Overseas Exporters (Residual Rate)
20229989,2027-04-06,7211140091,Of a width not exceeding 350 mm and of a thickness of 50 mm or more,554,CN,12731,"Jiangyin Xingcheng Special Steel Works Co., Ltd"
20230014,2027-04-06,7211140091,Of a width not exceeding 350 mm and of a thickness of 50 mm or more,554,CN,12705,Angang Steel Company Limited
20230039,2027-04-06,7211140091,Of a width not exceeding 350 mm and of a thickness of 50 mm or more,554,CN,12706,"Inner Mongolia Baotou Steel Union Co.,Ltd"
20230064,2027-04-06,7211140091,Of a width not exceeding 350 mm and of a thickness of 50 mm or more,554,CN,12736,"Wuhan Iron and Steel Co., Ltd"
20230089,2027-04-06,7211140091,Of a width not exceeding 350 mm and of a thickness of 50 mm or more,554,CN,12725,"Bengang Steel Plates Co., Ltd"
20230114,2027-04-06,7211140091,Of a width not exceeding 350 mm and of a thickness of 50 mm or more,554,CN,12726,"Handan Iron &amp; Steel Group Han-Bao Co., Ltd"
20230139,2027-04-06,7211140091,Of a width not exceeding 350 mm and of a thickness of 50 mm or more,554,CN,12727,"Hesteel Co., Ltd. Tangshan Branch"
20230164,2027-04-06,7211140091,Of a width not exceeding 350 mm and of a thickness of 50 mm or more,554,CN,12728,"Hesteel Co., Ltd. Chengde Branch"
20230189,2027-04-06,7211140091,Of a width not exceeding 350 mm and of a thickness of 50 mm or more,554,CN,12729,"Zhangjiagang Hongchang Plate Co., Ltd"
20230214,2027-04-06,7211140091,Of a width not exceeding 350 mm and of a thickness of 50 mm or more,554,CN,12730,"Zhangjiagang GTA Plate Co., Ltd"
20230239,2027-04-06,7211140091,Of a width not exceeding 350 mm and of a thickness of 50 mm or more,554,CN,12719,"Shanxi Taigang Stainless Steel Co., Ltd"
20230344,2027-04-06,7211140091,Of a width not exceeding 350 mm and of a thickness of 50 mm or more,554,CN,12720,"Shougang Jingtang United Iron &amp; Steel Co., Ltd"
20230369,2027-04-06,7211140091,Of a width not exceeding 350 mm and of a thickness of 50 mm or more,554,CN,12721,"Maanshan Iron &amp; Steel Co., Ltd"
20230394,2027-04-06,7211140091,Of a width not exceeding 350 mm and of a thickness of 50 mm or more,554,CN,12722,"Rizhao Steel Wire Co., Ltd"
20230419,2027-04-06,7211140091,Of a width not exceeding 350 mm and of a thickness of 50 mm or more,554,CN,12723,"Rizhao Baohua New Material Co., Ltd<br>"
20230444,2027-04-06,7211140091,Of a width not exceeding 350 mm and of a thickness of 50 mm or more,554,CN,12724,"Tangshan Yanshan Iron and Steel Co., Ltd"
20230469,2027-04-06,7211140091,Of a width not exceeding 350 mm and of a thickness of 50 mm or more,554,CN,12780,"Beijing Shougang Co. Ltd., Qian’an Iron &amp; Steel branch"
20230494,2027-04-06,7211140091,Of a width not exceeding 350 mm and of a thickness of 50 mm or more,554,CN,12524,All Other Overseas Exporters (Residual Rate)
20229100,2027-04-06,7211190010,Of a width exceeding 500 mm,552,CN,12731,"Jiangyin Xingcheng Special Steel Works Co., Ltd"
20229139,2027-04-06,7211190010,Of a width exceeding 500 mm,552,CN,12705,Angang Steel Company Limited
20229164,2027-04-06,7211190010,Of a width exceeding 500 mm,552,CN,12706,"Inner Mongolia Baotou Steel Union Co.,Ltd"
20229189,2027-04-06,7211190010,Of a width exceeding 500 mm,552,CN,12736,"Wuhan Iron and Steel Co., Ltd"
20229214,2027-04-06,7211190010,Of a width exceeding 500 mm,552,CN,12725,"Bengang Steel Plates Co., Ltd"
20229239,2027-04-06,7211190010,Of a width exceeding 500 mm,552,CN,12726,"Handan Iron &amp; Steel Group Han-Bao Co., Ltd"
20229264,2027-04-06,7211190010,Of a width exceeding 500 mm,552,CN,12727,"Hesteel Co., Ltd. Tangshan Branch"
20229289,2027-04-06,7211190010,Of a width exceeding 500 mm,552,CN,12728,"Hesteel Co., Ltd. Chengde Branch"
20229314,2027-04-06,7211190010,Of a width exceeding 500 mm,552,CN,12729,"Zhangjiagang Hongchang Plate Co., Ltd"
20229339,2027-04-06,7211190010,Of a width exceeding 500 mm,552,CN,12730,"Zhangjiagang GTA Plate Co., Ltd"
20229364,2027-04-06,7211190010,Of a width exceeding 500 mm,552,CN,12719,"Shanxi Taigang Stainless Steel Co., Ltd"
20229389,2027-04-06,7211190010,Of a width exceeding 500 mm,552,CN,12720,"Shougang Jingtang United Iron &amp; Steel Co., Ltd"
20229414,2027-04-06,7211190010,Of a width exceeding 500 mm,552,CN,12721,"Maanshan Iron &amp; Steel Co., Ltd"
20229439,2027-04-06,7211190010,Of a width exceeding 500 mm,552,CN,12722,"Rizhao Steel Wire Co., Ltd"
20229464,2027-04-06,7211190010,Of a width exceeding 500 mm,552,CN,12723,"Rizhao Baohua New Material Co., Ltd<br>"
20229489,2027-04-06,7211190010,Of a width exceeding 500 mm,552,CN,12724,"Tangshan Yanshan Iron and Steel Co., Ltd"
20229514,2027-04-06,7211190010,Of a width exceeding 500 mm,552,CN,12780,"Beijing Shougang Co. Ltd., Qian’an Iron &amp; Steel branch"
20229539,2027-04-06,7211190010,Of a width exceeding 500 mm,552,CN,12524,All Other Overseas Exporters (Residual Rate)
20229990,2027-04-06,7211190010,Of a width exceeding 500 mm,554,CN,12731,"Jiangyin Xingcheng Special Steel Works Co., Ltd"
20230015,2027-04-06,7211190010,Of a width exceeding 500 mm,554,CN,12705,Angang Steel Company Limited
20230040,2027-04-06,7211190010,Of a width exceeding 500 mm,554,CN,12706,"Inner Mongolia Baotou Steel Union Co.,Ltd"
20230065,2027-04-06,7211190010,Of a width exceeding 500 mm,554,CN,12736,"Wuhan Iron and Steel Co., Ltd"
20230090,2027-04-06,7211190010,Of a width exceeding 500 mm,554,CN,12725,"Bengang Steel Plates Co., Ltd"
20230115,2027-04-06,7211190010,Of a width exceeding 500 mm,554,CN,12726,"Handan Iron &amp; Steel Group Han-Bao Co., Ltd"
20230140,2027-04-06,7211190010,Of a width exceeding 500 mm,554,CN,12727,"Hesteel Co., Ltd. Tangshan Branch"
20230165,2027-04-06,7211190010,Of a width exceeding 500 mm,554,CN,12728,"Hesteel Co., Ltd. Chengde Branch"
20230190,2027-04-06,7211190010,Of a width exceeding 500 mm,554,CN,12729,"Zhangjiagang Hongchang Plate Co., Ltd"
20230215,2027-04-06,7211190010,Of a width exceeding 500 mm,554,CN,12730,"Zhangjiagang GTA Plate Co., Ltd"
20230240,2027-04-06,7211190010,Of a width exceeding 500 mm,554,CN,12719,"Shanxi Taigang Stainless Steel Co., Ltd"
20230345,2027-04-06,7211190010,Of a width exceeding 500 mm,554,CN,12720,"Shougang Jingtang United Iron &amp; Steel Co., Ltd"
20230370,2027-04-06,7211190010,Of a width exceeding 500 mm,554,CN,12721,"Maanshan Iron &amp; Steel Co., Ltd"
20230395,2027-04-06,7211190010,Of a width exceeding 500 mm,554,CN,12722,"Rizhao Steel Wire Co., Ltd"
20230420,2027-04-06,7211190010,Of a width exceeding 500 mm,554,CN,12723,"Rizhao Baohua New Material Co., Ltd<br>"
20230445,2027-04-06,7211190010,Of a width exceeding 500 mm,554,CN,12724,"Tangshan Yanshan Iron and Steel Co., Ltd"
20230470,2027-04-06,7211190010,Of a width exceeding 500 mm,554,CN,12780,"Beijing Shougang Co. Ltd., Qian’an Iron &amp; Steel branch"
20230495,2027-04-06,7211190010,Of a width exceeding 500 mm,554,CN,12524,All Other Overseas Exporters (Residual Rate)
20229101,2027-04-06,7225191090,Other,552,CN,12731,"Jiangyin Xingcheng Special Steel Works Co., Ltd"
20229140,2027-04-06,7225191090,Other,552,CN,12705,Angang Steel Company Limited
20229165,2027-04-06,7225191090,Other,552,CN,12706,"Inner Mongolia Baotou Steel Union Co.,Ltd"
20229190,2027-04-06,7225191090,Other,552,CN,12736,"Wuhan Iron and Steel Co., Ltd"
20229215,2027-04-06,7225191090,Other,552,CN,12725,"Bengang Steel Plates Co., Ltd"
20229240,2027-04-06,7225191090,Other,552,CN,12726,"Handan Iron &amp; Steel Group Han-Bao Co., Ltd"
20229265,2027-04-06,7225191090,Other,552,CN,12727,"Hesteel Co., Ltd. Tangshan Branch"
20229290,2027-04-06,7225191090,Other,552,CN,12728,"Hesteel Co., Ltd. Chengde Branch"
20229315,2027-04-06,7225191090,Other,552,CN,12729,"Zhangjiagang Hongchang Plate Co., Ltd"
20229340,2027-04-06,7225191090,Other,552,CN,12730,"Zhangjiagang GTA Plate Co., Ltd"
20229365,2027-04-06,7225191090,Other,552,CN,12719,"Shanxi Taigang Stainless Steel Co., Ltd"
20229390,2027-04-06,7225191090,Other,552,CN,12720,"Shougang Jingtang United Iron &amp; Steel Co., Ltd"
20229415,2027-04-06,7225191090,Other,552,CN,12721,"Maanshan Iron &amp; Steel Co., Ltd"
20229440,2027-04-06,7225191090,Other,552,CN,12722,"Rizhao Steel Wire Co., Ltd"
20229465,2027-04-06,7225191090,Other,552,CN,12723,"Rizhao Baohua New Material Co., Ltd<br>"
20229490,2027-04-06,7225191090,Other,552,CN,12724,"Tangshan Yanshan Iron and Steel Co., Ltd"
20229515,2027-04-06,7225191090,Other,552,CN,12780,"Beijing Shougang Co. Ltd., Qian’an Iron &amp; Steel branch"
20229540,2027-04-06,7225191090,Other,552,CN,12524,All Other Overseas Exporters (Residual Rate)
20229991,2027-04-06,7225191090,Other,554,CN,12731,"Jiangyin Xingcheng Special Steel Works Co., Ltd"
20230016,2027-04-06,7225191090,Other,554,CN,12705,Angang Steel Company Limited
20230041,2027-04-06,7225191090,Other,554,CN,12706,"Inner Mongolia Baotou Steel Union Co.,Ltd"
20230066,2027-04-06,7225191090,Other,554,CN,12736,"Wuhan Iron and Steel Co., Ltd"
20230091,2027-04-06,7225191090,Other,554,CN,12725,"Bengang Steel Plates Co., Ltd"
20230116,2027-04-06,7225191090,Other,554,CN,12726,"Handan Iron &amp; Steel Group Han-Bao Co., Ltd"
20230141,2027-04-06,7225191090,Other,554,CN,12727,"Hesteel Co., Ltd. Tangshan Branch"
20230166,2027-04-06,7225191090,Other,554,CN,12728,"Hesteel Co., Ltd. Chengde Branch"
20230191,2027-04-06,7225191090,Other,554,CN,12729,"Zhangjiagang Hongchang Plate Co., Ltd"
20230216,2027-04-06,7225191090,Other,554,CN,12730,"Zhangjiagang GTA Plate Co., Ltd"
20230241,2027-04-06,7225191090,Other,554,CN,12719,"Shanxi Taigang Stainless Steel Co., Ltd"
20230346,2027-04-06,7225191090,Other,554,CN,12720,"Shougang Jingtang United Iron &amp; Steel Co., Ltd"
20230371,2027-04-06,7225191090,Other,554,CN,12721,"Maanshan Iron &amp; Steel Co., Ltd"
20230396,2027-04-06,7225191090,Other,554,CN,12722,"Rizhao Steel Wire Co., Ltd"
20230421,2027-04-06,7225191090,Other,554,CN,12723,"Rizhao Baohua New Material Co., Ltd<br>"
20230446,2027-04-06,7225191090,Other,554,CN,12724,"Tangshan Yanshan Iron and Steel Co., Ltd"
20230471,2027-04-06,7225191090,Other,554,CN,12780,"Beijing Shougang Co. Ltd., Qian’an Iron &amp; Steel branch"
20230496,2027-04-06,7225191090,Other,554,CN,12524,All Other Overseas Exporters (Residual Rate)
20229102,2027-04-06,7225309000,Other,552,CN,12731,"Jiangyin Xingcheng Special Steel Works Co., Ltd"
20229141,2027-04-06,7225309000,Other,552,CN,12705,Angang Steel Company Limited
20229166,2027-04-06,7225309000,Other,552,CN,12706,"Inner Mongolia Baotou Steel Union Co.,Ltd"
20229191,2027-04-06,7225309000,Other,552,CN,12736,"Wuhan Iron and Steel Co., Ltd"
20229216,2027-04-06,7225309000,Other,552,CN,12725,"Bengang Steel Plates Co., Ltd"
20229241,2027-04-06,7225309000,Other,552,CN,12726,"Handan Iron &amp; Steel Group Han-Bao Co., Ltd"
20229266,2027-04-06,7225309000,Other,552,CN,12727,"Hesteel Co., Ltd. Tangshan Branch"
20229291,2027-04-06,7225309000,Other,552,CN,12728,"Hesteel Co., Ltd. Chengde Branch"
20229316,2027-04-06,7225309000,Other,552,CN,12729,"Zhangjiagang Hongchang Plate Co., Ltd"
20229341,2027-04-06,7225309000,Other,552,CN,12730,"Zhangjiagang GTA Plate Co., Ltd"
20229366,2027-04-06,7225309000,Other,552,CN,12719,"Shanxi Taigang Stainless Steel Co., Ltd"
20229391,2027-04-06,7225309000,Other,552,CN,12720,"Shougang Jingtang United Iron &amp; Steel Co., Ltd"
20229416,2027-04-06,7225309000,Other,552,CN,12721,"Maanshan Iron &amp; Steel Co., Ltd"
20229441,2027-04-06,7225309000,Other,552,CN,12722,"Rizhao Steel Wire Co., Ltd"
20229466,2027-04-06,7225309000,Other,552,CN,12723,"Rizhao Baohua New Material Co., Ltd<br>"
20229491,2027-04-06,7225309000,Other,552,CN,12724,"Tangshan Yanshan Iron and Steel Co., Ltd"
20229516,2027-04-06,7225309000,Other,552,CN,12780,"Beijing Shougang Co. Ltd., Qian’an Iron &amp; Steel branch"
20229541,2027-04-06,7225309000,Other,552,CN,12524,All Other Overseas Exporters (Residual Rate)
20229992,2027-04-06,7225309000,Other,554,CN,12731,"Jiangyin Xingcheng Special Steel Works Co., Ltd"
20230017,2027-04-06,7225309000,Other,554,CN,12705,Angang Steel Company Limited
20230042,2027-04-06,7225309000,Other,554,CN,12706,"Inner Mongolia Baotou Steel Union Co.,Ltd"
20230067,2027-04-06,7225309000,Other,554,CN,12736,"Wuhan Iron and Steel Co., Ltd"
20230092,2027-04-06,7225309000,Other,554,CN,12725,"Bengang Steel Plates Co., Ltd"
20230117,2027-04-06,7225309000,Other,554,CN,12726,"Handan Iron &amp; Steel Group Han-Bao Co., Ltd"
20230142,2027-04-06,7225309000,Other,554,CN,12727,"Hesteel Co., Ltd. Tangshan Branch"
20230167,2027-04-06,7225309000,Other,554,CN,12728,"Hesteel Co., Ltd. Chengde Branch"
20230192,2027-04-06,7225309000,Other,554,CN,12729,"Zhangjiagang Hongchang Plate Co., Ltd"
20230217,2027-04-06,7225309000,Other,554,CN,12730,"Zhangjiagang GTA Plate Co., Ltd"
20230242,2027-04-06,7225309000,Other,554,CN,12719,"Shanxi Taigang Stainless Steel Co., Ltd"
20230347,2027-04-06,7225309000,Other,554,CN,12720,"Shougang Jingtang United Iron &amp; Steel Co., Ltd"
20230372,2027-04-06,7225309000,Other,554,CN,12721,"Maanshan Iron &amp; Steel Co., Ltd"
20230397,2027-04-06,7225309000,Other,554,CN,12722,"Rizhao Steel Wire Co., Ltd"
20230422,2027-04-06,7225309000,Other,554,CN,12723,"Rizhao Baohua New Material Co., Ltd<br>"
20230447,2027-04-06,7225309000,Other,554,CN,12724,"Tangshan Yanshan Iron and Steel Co., Ltd"
20230472,2027-04-06,7225309000,Other,554,CN,12780,"Beijing Shougang Co. Ltd., Qian’an Iron &amp; Steel branch"
20230497,2027-04-06,7225309000,Other,554,CN,12524,All Other Overseas Exporters (Residual Rate)
20229103,2027-04-06,7225406090,Other,552,CN,12731,"Jiangyin Xingcheng Special Steel Works Co., Ltd"
20229142,2027-04-06,7225406090,Other,552,CN,12705,Angang Steel Company Limited
20229167,2027-04-06,7225406090,Other,552,CN,12706,"Inner Mongolia Baotou Steel Union Co.,Ltd"
20229192,2027-04-06,7225406090,Other,552,CN,12736,"Wuhan Iron and Steel Co., Ltd"
20229217,2027-04-06,7225406090,Other,552,CN,12725,"Bengang Steel Plates Co., Ltd"
20229242,2027-04-06,7225406090,Other,552,CN,12726,"Handan Iron &amp; Steel Group Han-Bao Co., Ltd"
20229267,2027-04-06,7225406090,Other,552,CN,12727,"Hesteel Co., Ltd. Tangshan Branch"
20229292,2027-04-06,7225406090,Other,552,CN,12728,"Hesteel Co., Ltd. Chengde Branch"
20229317,2027-04-06,7225406090,Other,552,CN,12729,"Zhangjiagang Hongchang Plate Co., Ltd"
20229342,2027-04-06,7225406090,Other,552,CN,12730,"Zhangjiagang GTA Plate Co., Ltd"
20229367,2027-04-06,7225406090,Other,552,CN,12719,"Shanxi Taigang Stainless Steel Co., Ltd"
20229392,2027-04-06,7225406090,Other,552,CN,12720,"Shougang Jingtang United Iron &amp; Steel Co., Ltd"
20229417,2027-04-06,7225406090,Other,552,CN,12721,"Maanshan Iron &amp; Steel Co., Ltd"
20229442,2027-04-06,7225406090,Other,552,CN,12722,"Rizhao Steel Wire Co., Ltd"
20229467,2027-04-06,7225406090,Other,552,CN,12723,"Rizhao Baohua New Material Co., Ltd<br>"
20229492,2027-04-06,7225406090,Other,552,CN,12724,"Tangshan Yanshan Iron and Steel Co., Ltd"
20229517,2027-04-06,7225406090,Other,552,CN,12780,"Beijing Shougang Co. Ltd., Qian’an Iron &amp; Steel branch"
20229542,2027-04-06,7225406090,Other,552,CN,12524,All Other Overseas Exporters (Residual Rate)
20229993,2027-04-06,7225406090,Other,554,CN,12731,"Jiangyin Xingcheng Special Steel Works Co., Ltd"
20230018,2027-04-06,7225406090,Other,554,CN,12705,Angang Steel Company Limited
20230043,2027-04-06,7225406090,Other,554,CN,12706,"Inner Mongolia Baotou Steel Union Co.,Ltd"
20230068,2027-04-06,7225406090,Other,554,CN,12736,"Wuhan Iron and Steel Co., Ltd"
20230093,2027-04-06,7225406090,Other,554,CN,12725,"Bengang Steel Plates Co., Ltd"
20230118,2027-04-06,7225406090,Other,554,CN,12726,"Handan Iron &amp; Steel Group Han-Bao Co., Ltd"
20230143,2027-04-06,7225406090,Other,554,CN,12727,"Hesteel Co., Ltd. Tangshan Branch"
20230168,2027-04-06,7225406090,Other,554,CN,12728,"Hesteel Co., Ltd. Chengde Branch"
20230193,2027-04-06,7225406090,Other,554,CN,12729,"Zhangjiagang Hongchang Plate Co., Ltd"
20230218,2027-04-06,7225406090,Other,554,CN,12730,"Zhangjiagang GTA Plate Co., Ltd"
20230243,2027-04-06,7225406090,Other,554,CN,12719,"Shanxi Taigang Stainless Steel Co., Ltd"
20230348,2027-04-06,7225406090,Other,554,CN,12720,"Shougang Jingtang United Iron &amp; Steel Co., Ltd"
20230373,2027-04-06,7225406090,Other,554,CN,12721,"Maanshan Iron &amp; Steel Co., Ltd"
20230398,2027-04-06,7225406090,Other,554,CN,12722,"Rizhao Steel Wire Co., Ltd"
20230423,2027-04-06,7225406090,Other,554,CN,12723,"Rizhao Baohua New Material Co., Ltd<br>"
20230448,2027-04-06,7225406090,Other,554,CN,12724,"Tangshan Yanshan Iron and Steel Co., Ltd"
20230473,2027-04-06,7225406090,Other,554,CN,12780,"Beijing Shougang Co. Ltd., Qian’an Iron &amp; Steel branch"
20230498,2027-04-06,7225406090,Other,554,CN,12524,All Other Overseas Exporters (Residual Rate)
20229104,2027-04-06,7225409000,"Of a thickness of less than 4,75 mm",552,CN,12731,"Jiangyin Xingcheng Special Steel Works Co., Ltd"
20229143,2027-04-06,7225409000,"Of a thickness of less than 4,75 mm",552,CN,12705,Angang Steel Company Limited
20229168,2027-04-06,7225409000,"Of a thickness of less than 4,75 mm",552,CN,12706,"Inner Mongolia Baotou Steel Union Co.,Ltd"
20229193,2027-04-06,7225409000,"Of a thickness of less than 4,75 mm",552,CN,12736,"Wuhan Iron and Steel Co., Ltd"
20229218,2027-04-06,7225409000,"Of a thickness of less than 4,75 mm",552,CN,12725,"Bengang Steel Plates Co., Ltd"
20229243,2027-04-06,7225409000,"Of a thickness of less than 4,75 mm",552,CN,12726,"Handan Iron &amp; Steel Group Han-Bao Co., Ltd"
20229268,2027-04-06,7225409000,"Of a thickness of less than 4,75 mm",552,CN,12727,"Hesteel Co., Ltd. Tangshan Branch"
20229293,2027-04-06,7225409000,"Of a thickness of less than 4,75 mm",552,CN,12728,"Hesteel Co., Ltd. Chengde Branch"
20229318,2027-04-06,7225409000,"Of a thickness of less than 4,75 mm",552,CN,12729,"Zhangjiagang Hongchang Plate Co., Ltd"
20229343,2027-04-06,7225409000,"Of a thickness of less than 4,75 mm",552,CN,12730,"Zhangjiagang GTA Plate Co., Ltd"
20229368,2027-04-06,7225409000,"Of a thickness of less than 4,75 mm",552,CN,12719,"Shanxi Taigang Stainless Steel Co., Ltd"
20229393,2027-04-06,7225409000,"Of a thickness of less than 4,75 mm",552,CN,12720,"Shougang Jingtang United Iron &amp; Steel Co., Ltd"
20229418,2027-04-06,7225409000,"Of a thickness of less than 4,75 mm",552,CN,12721,"Maanshan Iron &amp; Steel Co., Ltd"
20229443,2027-04-06,7225409000,"Of a thickness of less than 4,75 mm",552,CN,12722,"Rizhao Steel Wire Co., Ltd"
20229468,2027-04-06,7225409000,"Of a thickness of less than 4,75 mm",552,CN,12723,"Rizhao Baohua New Material Co., Ltd<br>"
20229493,2027-04-06,7225409000,"Of a thickness of less than 4,75 mm",552,CN,12724,"Tangshan Yanshan Iron and Steel Co., Ltd"
20229518,2027-04-06,7225409000,"Of a thickness of less than 4,75 mm",552,CN,12780,"Beijing Shougang Co. Ltd., Qian’an Iron &amp; Steel branch"
20229543,2027-04-06,7225409000,"Of a thickness of less than 4,75 mm",552,CN,12524,All Other Overseas Exporters (Residual Rate)
20229994,2027-04-06,7225409000,"Of a thickness of less than 4,75 mm",554,CN,12731,"Jiangyin Xingcheng Special Steel Works Co., Ltd"
20230019,2027-04-06,7225409000,"Of a thickness of less than 4,75 mm",554,CN,12705,Angang Steel Company Limited
20230044,2027-04-06,7225409000,"Of a thickness of less than 4,75 mm",554,CN,12706,"Inner Mongolia Baotou Steel Union Co.,Ltd"
20230069,2027-04-06,7225409000,"Of a thickness of less than 4,75 mm",554,CN,12736,"Wuhan Iron and Steel Co., Ltd"
20230094,2027-04-06,7225409000,"Of a thickness of less than 4,75 mm",554,CN,12725,"Bengang Steel Plates Co., Ltd"
20230119,2027-04-06,7225409000,"Of a thickness of less than 4,75 mm",554,CN,12726,"Handan Iron &amp; Steel Group Han-Bao Co., Ltd"
20230144,2027-04-06,7225409000,"Of a thickness of less than 4,75 mm",554,CN,12727,"Hesteel Co., Ltd. Tangshan Branch"
20230169,2027-04-06,7225409000,"Of a thickness of less than 4,75 mm",554,CN,12728,"Hesteel Co., Ltd. Chengde Branch"
20230194,2027-04-06,7225409000,"Of a thickness of less than 4,75 mm",554,CN,12729,"Zhangjiagang Hongchang Plate Co., Ltd"
20230219,2027-04-06,7225409000,"Of a thickness of less than 4,75 mm",554,CN,12730,"Zhangjiagang GTA Plate Co., Ltd"
20230244,2027-04-06,7225409000,"Of a thickness of less than 4,75 mm",554,CN,12719,"Shanxi Taigang Stainless Steel Co., Ltd"
20230349,2027-04-06,7225409000,"Of a thickness of less than 4,75 mm",554,CN,12720,"Shougang Jingtang United Iron &amp; Steel Co., Ltd"
20230374,2027-04-06,7225409000,"Of a thickness of less than 4,75 mm",554,CN,12721,"Maanshan Iron &amp; Steel Co., Ltd"
20230399,2027-04-06,7225409000,"Of a thickness of less than 4,75 mm",554,CN,12722,"Rizhao Steel Wire Co., Ltd"
20230424,2027-04-06,7225409000,"Of a thickness of less than 4,75 mm",554,CN,12723,"Rizhao Baohua New Material Co., Ltd<br>"
20230449,2027-04-06,7225409000,"Of a thickness of less than 4,75 mm",554,CN,12724,"Tangshan Yanshan Iron and Steel Co., Ltd"
20230474,2027-04-06,7225409000,"Of a thickness of less than 4,75 mm",554,CN,12780,"Beijing Shougang Co. Ltd., Qian’an Iron &amp; Steel branch"
20230499,2027-04-06,7225409000,"Of a thickness of less than 4,75 mm",554,CN,12524,All Other Overseas Exporters (Residual Rate)
20229105,2027-04-06,7226191091,Of a width not exceeding 350 mm and of a thickness of 50 mm or more,552,CN,12731,"Jiangyin Xingcheng Special Steel Works Co., Ltd"
20229144,2027-04-06,7226191091,Of a width not exceeding 350 mm and of a thickness of 50 mm or more,552,CN,12705,Angang Steel Company Limited
20229169,2027-04-06,7226191091,Of a width not exceeding 350 mm and of a thickness of 50 mm or more,552,CN,12706,"Inner Mongolia Baotou Steel Union Co.,Ltd"
20229194,2027-04-06,7226191091,Of a width not exceeding 350 mm and of a thickness of 50 mm or more,552,CN,12736,"Wuhan Iron and Steel Co., Ltd"
20229219,2027-04-06,7226191091,Of a width not exceeding 350 mm and of a thickness of 50 mm or more,552,CN,12725,"Bengang Steel Plates Co., Ltd"
20229244,2027-04-06,7226191091,Of a width not exceeding 350 mm and of a thickness of 50 mm or more,552,CN,12726,"Handan Iron &amp; Steel Group Han-Bao Co., Ltd"
20229269,2027-04-06,7226191091,Of a width not exceeding 350 mm and of a thickness of 50 mm or more,552,CN,12727,"Hesteel Co., Ltd. Tangshan Branch"
20229294,2027-04-06,7226191091,Of a width not exceeding 350 mm and of a thickness of 50 mm or more,552,CN,12728,"Hesteel Co., Ltd. Chengde Branch"
20229319,2027-04-06,7226191091,Of a width not exceeding 350 mm and of a thickness of 50 mm or more,552,CN,12729,"Zhangjiagang Hongchang Plate Co., Ltd"
20229344,2027-04-06,7226191091,Of a width not exceeding 350 mm and of a thickness of 50 mm or more,552,CN,12730,"Zhangjiagang GTA Plate Co., Ltd"
20229369,2027-04-06,7226191091,Of a width not exceeding 350 mm and of a thickness of 50 mm or more,552,CN,12719,"Shanxi Taigang Stainless Steel Co., Ltd"
20229394,2027-04-06,7226191091,Of a width not exceeding 350 mm and of a thickness of 50 mm or more,552,CN,12720,"Shougang Jingtang United Iron &amp; Steel Co., Ltd"
20229419,2027-04-06,7226191091,Of a width not exceeding 350 mm and of a thickness of 50 mm or more,552,CN,12721,"Maanshan Iron &amp; Steel Co., Ltd"
20229444,2027-04-06,7226191091,Of a width not exceeding 350 mm and of a thickness of 50 mm or more,552,CN,12722,"Rizhao Steel Wire Co., Ltd"
20229469,2027-04-06,7226191091,Of a width not exceeding 350 mm and of a thickness of 50 mm or more,552,CN,12723,"Rizhao Baohua New Material Co., Ltd<br>"
20229494,2027-04-06,7226191091,Of a width not exceeding 350 mm and of a thickness of 50 mm or more,552,CN,12724,"Tangshan Yanshan Iron and Steel Co., Ltd"
20229519,2027-04-06,7226191091,Of a width not exceeding 350 mm and of a thickness of 50 mm or more,552,CN,12780,"Beijing Shougang Co. Ltd., Qian’an Iron &amp; Steel branch"
20229544,2027-04-06,7226191091,Of a width not exceeding 350 mm and of a thickness of 50 mm or more,552,CN,12524,All Other Overseas Exporters (Residual Rate)
20229995,2027-04-06,7226191091,Of a width not exceeding 350 mm and of a thickness of 50 mm or more,554,CN,12731,"Jiangyin Xingcheng Special Steel Works Co., Ltd"
20230020,2027-04-06,7226191091,Of a width not exceeding 350 mm and of a thickness of 50 mm or more,554,CN,12705,Angang Steel Company Limited
20230045,2027-04-06,7226191091,Of a width not exceeding 350 mm and of a thickness of 50 mm or more,554,CN,12706,"Inner Mongolia Baotou Steel Union Co.,Ltd"
20230070,2027-04-06,7226191091,Of a width not exceeding 350 mm and of a thickness of 50 mm or more,554,CN,12736,"Wuhan Iron and Steel Co., Ltd"
20230095,2027-04-06,7226191091,Of a width not exceeding 350 mm and of a thickness of 50 mm or more,554,CN,12725,"Bengang Steel Plates Co., Ltd"
20230120,2027-04-06,7226191091,Of a width not exceeding 350 mm and of a thickness of 50 mm or more,554,CN,12726,"Handan Iron &amp; Steel Group Han-Bao Co., Ltd"
20230145,2027-04-06,7226191091,Of a width not exceeding 350 mm and of a thickness of 50 mm or more,554,CN,12727,"Hesteel Co., Ltd. Tangshan Branch"
20230170,2027-04-06,7226191091,Of a width not exceeding 350 mm and of a thickness of 50 mm or more,554,CN,12728,"Hesteel Co., Ltd. Chengde Branch"
20230195,2027-04-06,7226191091,Of a width not exceeding 350 mm and of a thickness of 50 mm or more,554,CN,12729,"Zhangjiagang Hongchang Plate Co., Ltd"
20230220,2027-04-06,7226191091,Of a width not exceeding 350 mm and of a thickness of 50 mm or more,554,CN,12730,"Zhangjiagang GTA Plate Co., Ltd"
20230245,2027-04-06,7226191091,Of a width not exceeding 350 mm and of a thickness of 50 mm or more,554,CN,12719,"Shanxi Taigang Stainless Steel Co., Ltd"
20230350,2027-04-06,7226191091,Of a width not exceeding 350 mm and of a thickness of 50 mm or more,554,CN,12720,"Shougang Jingtang United Iron &amp; Steel Co., Ltd"
20230375,2027-04-06,7226191091,Of a width not exceeding 350 mm and of a thickness of 50 mm or more,554,CN,12721,"Maanshan Iron &amp; Steel Co., Ltd"
20230400,2027-04-06,7226191091,Of a width not exceeding 350 mm and of a thickness of 50 mm or more,554,CN,12722,"Rizhao Steel Wire Co., Ltd"
20230425,2027-04-06,7226191091,Of a width not exceeding 350 mm and of a thickness of 50 mm or more,554,CN,12723,"Rizhao Baohua New Material Co., Ltd<br>"
20230450,2027-04-06,7226191091,Of a width not exceeding 350 mm and of a thickness of 50 mm or more,554,CN,12724,"Tangshan Yanshan Iron and Steel Co., Ltd"
20230475,2027-04-06,7226191091,Of a width not exceeding 350 mm and of a thickness of 50 mm or more,554,CN,12780,"Beijing Shougang Co. Ltd., Qian’an Iron &amp; Steel branch"
20230500,2027-04-06,7226191091,Of a width not exceeding 350 mm and of a thickness of 50 mm or more,554,CN,12524,All Other Overseas Exporters (Residual Rate)
20229106,2027-04-06,7226191095,Other,552,CN,12731,"Jiangyin Xingcheng Special Steel Works Co., Ltd"
20229145,2027-04-06,7226191095,Other,552,CN,12705,Angang Steel Company Limited
20229170,2027-04-06,7226191095,Other,552,CN,12706,"Inner Mongolia Baotou Steel Union Co.,Ltd"
20229195,2027-04-06,7226191095,Other,552,CN,12736,"Wuhan Iron and Steel Co., Ltd"
20229220,2027-04-06,7226191095,Other,552,CN,12725,"Bengang Steel Plates Co., Ltd"
20229245,2027-04-06,7226191095,Other,552,CN,12726,"Handan Iron &amp; Steel Group Han-Bao Co., Ltd"
20229270,2027-04-06,7226191095,Other,552,CN,12727,"Hesteel Co., Ltd. Tangshan Branch"
20229295,2027-04-06,7226191095,Other,552,CN,12728,"Hesteel Co., Ltd. Chengde Branch"
20229320,2027-04-06,7226191095,Other,552,CN,12729,"Zhangjiagang Hongchang Plate Co., Ltd"
20229345,2027-04-06,7226191095,Other,552,CN,12730,"Zhangjiagang GTA Plate Co., Ltd"
20229370,2027-04-06,7226191095,Other,552,CN,12719,"Shanxi Taigang Stainless Steel Co., Ltd"
20229395,2027-04-06,7226191095,Other,552,CN,12720,"Shougang Jingtang United Iron &amp; Steel Co., Ltd"
20229420,2027-04-06,7226191095,Other,552,CN,12721,"Maanshan Iron &amp; Steel Co., Ltd"
20229445,2027-04-06,7226191095,Other,552,CN,12722,"Rizhao Steel Wire Co., Ltd"
20229470,2027-04-06,7226191095,Other,552,CN,12723,"Rizhao Baohua New Material Co., Ltd<br>"
20229495,2027-04-06,7226191095,Other,552,CN,12724,"Tangshan Yanshan Iron and Steel Co., Ltd"
20229520,2027-04-06,7226191095,Other,552,CN,12780,"Beijing Shougang Co. Ltd., Qian’an Iron &amp; Steel branch"
20229545,2027-04-06,7226191095,Other,552,CN,12524,All Other Overseas Exporters (Residual Rate)
20229996,2027-04-06,7226191095,Other,554,CN,12731,"Jiangyin Xingcheng Special Steel Works Co., Ltd"
20230021,2027-04-06,7226191095,Other,554,CN,12705,Angang Steel Company Limited
20230046,2027-04-06,7226191095,Other,554,CN,12706,"Inner Mongolia Baotou Steel Union Co.,Ltd"
20230071,2027-04-06,7226191095,Other,554,CN,12736,"Wuhan Iron and Steel Co., Ltd"
20230096,2027-04-06,7226191095,Other,554,CN,12725,"Bengang Steel Plates Co., Ltd"
20230121,2027-04-06,7226191095,Other,554,CN,12726,"Handan Iron &amp; Steel Group Han-Bao Co., Ltd"
20230146,2027-04-06,7226191095,Other,554,CN,12727,"Hesteel Co., Ltd. Tangshan Branch"
20230171,2027-04-06,7226191095,Other,554,CN,12728,"Hesteel Co., Ltd. Chengde Branch"
20230196,2027-04-06,7226191095,Other,554,CN,12729,"Zhangjiagang Hongchang Plate Co., Ltd"
20230221,2027-04-06,7226191095,Other,554,CN,12730,"Zhangjiagang GTA Plate Co., Ltd"
20230246,2027-04-06,7226191095,Other,554,CN,12719,"Shanxi Taigang Stainless Steel Co., Ltd"
20230351,2027-04-06,7226191095,Other,554,CN,12720,"Shougang Jingtang United Iron &amp; Steel Co., Ltd"
20230376,2027-04-06,7226191095,Other,554,CN,12721,"Maanshan Iron &amp; Steel Co., Ltd"
20230401,2027-04-06,7226191095,Other,554,CN,12722,"Rizhao Steel Wire Co., Ltd"
20230426,2027-04-06,7226191095,Other,554,CN,12723,"Rizhao Baohua New Material Co., Ltd<br>"
20230451,2027-04-06,7226191095,Other,554,CN,12724,"Tangshan Yanshan Iron and Steel Co., Ltd"
20230476,2027-04-06,7226191095,Other,554,CN,12780,"Beijing Shougang Co. Ltd., Qian’an Iron &amp; Steel branch"
20230501,2027-04-06,7226191095,Other,554,CN,12524,All Other Overseas Exporters (Residual Rate)
20229107,2027-04-06,7226919119,Other,552,CN,12731,"Jiangyin Xingcheng Special Steel Works Co., Ltd"
20229146,2027-04-06,7226919119,Other,552,CN,12705,Angang Steel Company Limited
20229171,2027-04-06,7226919119,Other,552,CN,12706,"Inner Mongolia Baotou Steel Union Co.,Ltd"
20229196,2027-04-06,7226919119,Other,552,CN,12736,"Wuhan Iron and Steel Co., Ltd"
20229221,2027-04-06,7226919119,Other,552,CN,12725,"Bengang Steel Plates Co., Ltd"
20229246,2027-04-06,7226919119,Other,552,CN,12726,"Handan Iron &amp; Steel Group Han-Bao Co., Ltd"
20229271,2027-04-06,7226919119,Other,552,CN,12727,"Hesteel Co., Ltd. Tangshan Branch"
20229296,2027-04-06,7226919119,Other,552,CN,12728,"Hesteel Co., Ltd. Chengde Branch"
20229321,2027-04-06,7226919119,Other,552,CN,12729,"Zhangjiagang Hongchang Plate Co., Ltd"
20229346,2027-04-06,7226919119,Other,552,CN,12730,"Zhangjiagang GTA Plate Co., Ltd"
20229371,2027-04-06,7226919119,Other,552,CN,12719,"Shanxi Taigang Stainless Steel Co., Ltd"
20229396,2027-04-06,7226919119,Other,552,CN,12720,"Shougang Jingtang United Iron &amp; Steel Co., Ltd"
20229421,2027-04-06,7226919119,Other,552,CN,12721,"Maanshan Iron &amp; Steel Co., Ltd"
20229446,2027-04-06,7226919119,Other,552,CN,12722,"Rizhao Steel Wire Co., Ltd"
20229471,2027-04-06,7226919119,Other,552,CN,12723,"Rizhao Baohua New Material Co., Ltd<br>"
20229496,2027-04-06,7226919119,Other,552,CN,12724,"Tangshan Yanshan Iron and Steel Co., Ltd"
20229521,2027-04-06,7226919119,Other,552,CN,12780,"Beijing Shougang Co. Ltd., Qian’an Iron &amp; Steel branch"
20229546,2027-04-06,7226919119,Other,552,CN,12524,All Other Overseas Exporters (Residual Rate)
20229997,2027-04-06,7226919119,Other,554,CN,12731,"Jiangyin Xingcheng Special Steel Works Co., Ltd"
20230022,2027-04-06,7226919119,Other,554,CN,12705,Angang Steel Company Limited
20230047,2027-04-06,7226919119,Other,554,CN,12706,"Inner Mongolia Baotou Steel Union Co.,Ltd"
20230072,2027-04-06,7226919119,Other,554,CN,12736,"Wuhan Iron and Steel Co., Ltd"
20230097,2027-04-06,7226919119,Other,554,CN,12725,"Bengang Steel Plates Co., Ltd"
20230122,2027-04-06,7226919119,Other,554,CN,12726,"Handan Iron &amp; Steel Group Han-Bao Co., Ltd"
20230147,2027-04-06,7226919119,Other,554,CN,12727,"Hesteel Co., Ltd. Tangshan Branch"
20230172,2027-04-06,7226919119,Other,554,CN,12728,"Hesteel Co., Ltd. Chengde Branch"
20230197,2027-04-06,7226919119,Other,554,CN,12729,"Zhangjiagang Hongchang Plate Co., Ltd"
20230222,2027-04-06,7226919119,Other,554,CN,12730,"Zhangjiagang GTA Plate Co., Ltd"
20230247,2027-04-06,7226919119,Other,554,CN,12719,"Shanxi Taigang Stainless Steel Co., Ltd"
20230352,2027-04-06,7226919119,Other,554,CN,12720,"Shougang Jingtang United Iron &amp; Steel Co., Ltd"
20230377,2027-04-06,7226919119,Other,554,CN,12721,"Maanshan Iron &amp; Steel Co., Ltd"
20230402,2027-04-06,7226919119,Other,554,CN,12722,"Rizhao Steel Wire Co., Ltd"
20230427,2027-04-06,7226919119,Other,554,CN,12723,"Rizhao Baohua New Material Co., Ltd<br>"
20230452,2027-04-06,7226919119,Other,554,CN,12724,"Tangshan Yanshan Iron and Steel Co., Ltd"
20230477,2027-04-06,7226919119,Other,554,CN,12780,"Beijing Shougang Co. Ltd., Qian’an Iron &amp; Steel branch"
20230502,2027-04-06,7226919119,Other,554,CN,12524,All Other Overseas Exporters (Residual Rate)
20229108,2027-04-06,7226919900,"Of a thickness of less than 4,75 mm",552,CN,12731,"Jiangyin Xingcheng Special Steel Works Co., Ltd"
20229147,2027-04-06,7226919900,"Of a thickness of less than 4,75 mm",552,CN,12705,Angang Steel Company Limited
20229172,2027-04-06,7226919900,"Of a thickness of less than 4,75 mm",552,CN,12706,"Inner Mongolia Baotou Steel Union Co.,Ltd"
20229197,2027-04-06,7226919900,"Of a thickness of less than 4,75 mm",552,CN,12736,"Wuhan Iron and Steel Co., Ltd"
20229222,2027-04-06,7226919900,"Of a thickness of less than 4,75 mm",552,CN,12725,"Bengang Steel Plates Co., Ltd"
20229247,2027-04-06,7226919900,"Of a thickness of less than 4,75 mm",552,CN,12726,"Handan Iron &amp; Steel Group Han-Bao Co., Ltd"
20229272,2027-04-06,7226919900,"Of a thickness of less than 4,75 mm",552,CN,12727,"Hesteel Co., Ltd. Tangshan Branch"
20229297,2027-04-06,7226919900,"Of a thickness of less than 4,75 mm",552,CN,12728,"Hesteel Co., Ltd. Chengde Branch"
20229322,2027-04-06,7226919900,"Of a thickness of less than 4,75 mm",552,CN,12729,"Zhangjiagang Hongchang Plate Co., Ltd"
20229347,2027-04-06,7226919900,"Of a thickness of less than 4,75 mm",552,CN,12730,"Zhangjiagang GTA Plate Co., Ltd"
20229372,2027-04-06,7226919900,"Of a thickness of less than 4,75 mm",552,CN,12719,"Shanxi Taigang Stainless Steel Co., Ltd"
20229397,2027-04-06,7226919900,"Of a thickness of less than 4,75 mm",552,CN,12720,"Shougang Jingtang United Iron &amp; Steel Co., Ltd"
20229422,2027-04-06,7226919900,"Of a thickness of less than 4,75 mm",552,CN,12721,"Maanshan Iron &amp; Steel Co., Ltd"
20229447,2027-04-06,7226919900,"Of a thickness of less than 4,75 mm",552,CN,12722,"Rizhao Steel Wire Co., Ltd"
20229472,2027-04-06,7226919900,"Of a thickness of less than 4,75 mm",552,CN,12723,"Rizhao Baohua New Material Co., Ltd<br>"
20229497,2027-04-06,7226919900,"Of a thickness of less than 4,75 mm",552,CN,12724,"Tangshan Yanshan Iron and Steel Co., Ltd"
20229522,2027-04-06,7226919900,"Of a thickness of less than 4,75 mm",552,CN,12780,"Beijing Shougang Co. Ltd., Qian’an Iron &amp; Steel branch"
20229547,2027-04-06,7226919900,"Of a thickness of less than 4,75 mm",552,CN,12524,All Other Overseas Exporters (Residual Rate)
20229998,2027-04-06,7226919900,"Of a thickness of less than 4,75 mm",554,CN,12731,"Jiangyin Xingcheng Special Steel Works Co., Ltd"
20230023,2027-04-06,7226919900,"Of a thickness of less than 4,75 mm",554,CN,12705,Angang Steel Company Limited
20230048,2027-04-06,7226919900,"Of a thickness of less than 4,75 mm",554,CN,12706,"Inner Mongolia Baotou Steel Union Co.,Ltd"
20230073,2027-04-06,7226919900,"Of a thickness of less than 4,75 mm",554,CN,12736,"Wuhan Iron and Steel Co., Ltd"
20230098,2027-04-06,7226919900,"Of a thickness of less than 4,75 mm",554,CN,12725,"Bengang Steel Plates Co., Ltd"
20230123,2027-04-06,7226919900,"Of a thickness of less than 4,75 mm",554,CN,12726,"Handan Iron &amp; Steel Group Han-Bao Co., Ltd"
20230148,2027-04-06,7226919900,"Of a thickness of less than 4,75 mm",554,CN,12727,"Hesteel Co., Ltd. Tangshan Branch"
20230173,2027-04-06,7226919900,"Of a thickness of less than 4,75 mm",554,CN,12728,"Hesteel Co., Ltd. Chengde Branch"
20230198,2027-04-06,7226919900,"Of a thickness of less than 4,75 mm",554,CN,12729,"Zhangjiagang Hongchang Plate Co., Ltd"
20230223,2027-04-06,7226919900,"Of a thickness of less than 4,75 mm",554,CN,12730,"Zhangjiagang GTA Plate Co., Ltd"
20230248,2027-04-06,7226919900,"Of a thickness of less than 4,75 mm",554,CN,12719,"Shanxi Taigang Stainless Steel Co., Ltd"
20230353,2027-04-06,7226919900,"Of a thickness of less than 4,75 mm",554,CN,12720,"Shougang Jingtang United Iron &amp; Steel Co., Ltd"
20230378,2027-04-06,7226919900,"Of a thickness of less than 4,75 mm",554,CN,12721,"Maanshan Iron &amp; Steel Co., Ltd"
20230403,2027-04-06,7226919900,"Of a thickness of less than 4,75 mm",554,CN,12722,"Rizhao Steel Wire Co., Ltd"
20230428,2027-04-06,7226919900,"Of a thickness of less than 4,75 mm",554,CN,12723,"Rizhao Baohua New Material Co., Ltd<br>"
20230453,2027-04-06,7226919900,"Of a thickness of less than 4,75 mm",554,CN,12724,"Tangshan Yanshan Iron and Steel Co., Ltd"
20230478,2027-04-06,7226919900,"Of a thickness of less than 4,75 mm",554,CN,12780,"Beijing Shougang Co. Ltd., Qian’an Iron &amp; Steel branch"
20230503,2027-04-06,7226919900,"Of a thickness of less than 4,75 mm",554,CN,12524,All Other Overseas Exporters (Residual Rate)
20244352,2027-11-24,6907210000,"Of a water absorption coefficient by weight not exceeding 0,5 %",552,CN,14055,"All imports of ceramic tiles that, individually, have: <br><br>a largest surface area exceeding 0.36m2, unless the diffe"
20244353,2027-11-24,6907220000,"Of a water absorption coefficient by weight exceeding 0,5 % but not exceeding 10 %",552,CN,14055,"All imports of ceramic tiles that, individually, have: <br><br>a largest surface area exceeding 0.36m2, unless the diffe"
20244354,2027-11-24,6907230000,Of a water absorption coefficient by weight exceeding 10 %,552,CN,14055,"All imports of ceramic tiles that, individually, have: <br><br>a largest surface area exceeding 0.36m2, unless the diffe"
20244355,2027-11-24,6907300000,"Mosaic cubes and the like, other than those of subheading 6907 40",552,CN,14055,"All imports of ceramic tiles that, individually, have: <br><br>a largest surface area exceeding 0.36m2, unless the diffe"
20244356,2027-11-24,6907400000,Finishing ceramics,552,CN,14055,"All imports of ceramic tiles that, individually, have: <br><br>a largest surface area exceeding 0.36m2, unless the diffe"
20198448,2027-12-16,7604101011,"Unassembled, containing not more than 99.3% of aluminium",552,CN,14020,Press Metal International Group and equal to or below 14kg/m
20198477,2027-12-16,7604101011,"Unassembled, containing not more than 99.3% of aluminium",552,CN,14021,Shandong Nanshan and equal to or below 14kg/m
20198506,2027-12-16,7604101011,"Unassembled, containing not more than 99.3% of aluminium",552,CN,14022,Haomei Group and equal to or below 14kg/m
20198535,2027-12-16,7604101011,"Unassembled, containing not more than 99.3% of aluminium",552,CN,14023,NON-SAMPLED CO-OPERATING EXPORTERS and equal to or below 14kg/m
20198593,2027-12-16,7604101011,"Unassembled, containing not more than 99.3% of aluminium",552,CN,14033,The following goods imported from China are exempt from the anti-dumping duties: Aluminium structures or parts of struct
20198564,2027-12-16,7604101011,"Unassembled, containing not more than 99.3% of aluminium",552,CN,14030,Other and equal to or below 14kg/m
20198449,2027-12-16,7604101090,Other,552,CN,14020,Press Metal International Group and equal to or below 14kg/m
20198478,2027-12-16,7604101090,Other,552,CN,14021,Shandong Nanshan and equal to or below 14kg/m
20198507,2027-12-16,7604101090,Other,552,CN,14022,Haomei Group and equal to or below 14kg/m
20198536,2027-12-16,7604101090,Other,552,CN,14023,NON-SAMPLED CO-OPERATING EXPORTERS and equal to or below 14kg/m
20198594,2027-12-16,7604101090,Other,552,CN,14033,The following goods imported from China are exempt from the anti-dumping duties: Aluminium structures or parts of struct
20198565,2027-12-16,7604101090,Other,552,CN,14030,Other and equal to or below 14kg/m
20198450,2027-12-16,7604109011,"Unassembled, containing not more than 99.3% of aluminium",552,CN,14020,Press Metal International Group and equal to or below 14kg/m
20198479,2027-12-16,7604109011,"Unassembled, containing not more than 99.3% of aluminium",552,CN,14021,Shandong Nanshan and equal to or below 14kg/m
20198508,2027-12-16,7604109011,"Unassembled, containing not more than 99.3% of aluminium",552,CN,14022,Haomei Group and equal to or below 14kg/m
20198537,2027-12-16,7604109011,"Unassembled, containing not more than 99.3% of aluminium",552,CN,14023,NON-SAMPLED CO-OPERATING EXPORTERS and equal to or below 14kg/m
20198595,2027-12-16,7604109011,"Unassembled, containing not more than 99.3% of aluminium",552,CN,14033,The following goods imported from China are exempt from the anti-dumping duties: Aluminium structures or parts of struct
20198566,2027-12-16,7604109011,"Unassembled, containing not more than 99.3% of aluminium",552,CN,14030,Other and equal to or below 14kg/m
20198451,2027-12-16,7604109019,Other,552,CN,14020,Press Metal International Group and equal to or below 14kg/m
20198480,2027-12-16,7604109019,Other,552,CN,14021,Shandong Nanshan and equal to or below 14kg/m
20198509,2027-12-16,7604109019,Other,552,CN,14022,Haomei Group and equal to or below 14kg/m
20198538,2027-12-16,7604109019,Other,552,CN,14023,NON-SAMPLED CO-OPERATING EXPORTERS and equal to or below 14kg/m
20198596,2027-12-16,7604109019,Other,552,CN,14033,The following goods imported from China are exempt from the anti-dumping duties: Aluminium structures or parts of struct
20198567,2027-12-16,7604109019,Other,552,CN,14030,Other and equal to or below 14kg/m
20198452,2027-12-16,7604109025,"Unassembled, containing not more than 99.3% of aluminium",552,CN,14020,Press Metal International Group and equal to or below 14kg/m
20198481,2027-12-16,7604109025,"Unassembled, containing not more than 99.3% of aluminium",552,CN,14021,Shandong Nanshan and equal to or below 14kg/m
20198510,2027-12-16,7604109025,"Unassembled, containing not more than 99.3% of aluminium",552,CN,14022,Haomei Group and equal to or below 14kg/m
20198539,2027-12-16,7604109025,"Unassembled, containing not more than 99.3% of aluminium",552,CN,14023,NON-SAMPLED CO-OPERATING EXPORTERS and equal to or below 14kg/m
20198597,2027-12-16,7604109025,"Unassembled, containing not more than 99.3% of aluminium",552,CN,14033,The following goods imported from China are exempt from the anti-dumping duties: Aluminium structures or parts of struct
20198568,2027-12-16,7604109025,"Unassembled, containing not more than 99.3% of aluminium",552,CN,14030,Other and equal to or below 14kg/m
20198453,2027-12-16,7604109029,Other,552,CN,14020,Press Metal International Group and equal to or below 14kg/m
20198482,2027-12-16,7604109029,Other,552,CN,14021,Shandong Nanshan and equal to or below 14kg/m
20198511,2027-12-16,7604109029,Other,552,CN,14022,Haomei Group and equal to or below 14kg/m
20198540,2027-12-16,7604109029,Other,552,CN,14023,NON-SAMPLED CO-OPERATING EXPORTERS and equal to or below 14kg/m
20198598,2027-12-16,7604109029,Other,552,CN,14033,The following goods imported from China are exempt from the anti-dumping duties: Aluminium structures or parts of struct
20198569,2027-12-16,7604109029,Other,552,CN,14030,Other and equal to or below 14kg/m
20198454,2027-12-16,7604109080,"Unassembled, containing not more than 99.3% of aluminium",552,CN,14020,Press Metal International Group and equal to or below 14kg/m
20198483,2027-12-16,7604109080,"Unassembled, containing not more than 99.3% of aluminium",552,CN,14021,Shandong Nanshan and equal to or below 14kg/m
20198512,2027-12-16,7604109080,"Unassembled, containing not more than 99.3% of aluminium",552,CN,14022,Haomei Group and equal to or below 14kg/m
20198541,2027-12-16,7604109080,"Unassembled, containing not more than 99.3% of aluminium",552,CN,14023,NON-SAMPLED CO-OPERATING EXPORTERS and equal to or below 14kg/m
20198599,2027-12-16,7604109080,"Unassembled, containing not more than 99.3% of aluminium",552,CN,14033,The following goods imported from China are exempt from the anti-dumping duties: Aluminium structures or parts of struct
20198570,2027-12-16,7604109080,"Unassembled, containing not more than 99.3% of aluminium",552,CN,14030,Other and equal to or below 14kg/m
20198455,2027-12-16,7604109089,Other,552,CN,14020,Press Metal International Group and equal to or below 14kg/m
20198484,2027-12-16,7604109089,Other,552,CN,14021,Shandong Nanshan and equal to or below 14kg/m
20198513,2027-12-16,7604109089,Other,552,CN,14022,Haomei Group and equal to or below 14kg/m
20198542,2027-12-16,7604109089,Other,552,CN,14023,NON-SAMPLED CO-OPERATING EXPORTERS and equal to or below 14kg/m
20198600,2027-12-16,7604109089,Other,552,CN,14033,The following goods imported from China are exempt from the anti-dumping duties: Aluminium structures or parts of struct
20198571,2027-12-16,7604109089,Other,552,CN,14030,Other and equal to or below 14kg/m
20273551,2027-12-16,7604210000,Hollow profiles,552,CN,14020,Press Metal International Group and equal to or below 14kg/m
20273552,2027-12-16,7604210000,Hollow profiles,552,CN,14021,Shandong Nanshan and equal to or below 14kg/m
20273553,2027-12-16,7604210000,Hollow profiles,552,CN,14022,Haomei Group and equal to or below 14kg/m
20273554,2027-12-16,7604210000,Hollow profiles,552,CN,14023,NON-SAMPLED CO-OPERATING EXPORTERS and equal to or below 14kg/m
20273556,2027-12-16,7604210000,Hollow profiles,552,CN,14033,The following goods imported from China are exempt from the anti-dumping duties: Aluminium structures or parts of struct
20273555,2027-12-16,7604210000,Hollow profiles,552,CN,14030,Other and equal to or below 14kg/m
20273557,2027-12-16,7604291000,Bars and rods,552,CN,14020,Press Metal International Group and equal to or below 14kg/m
20273558,2027-12-16,7604291000,Bars and rods,552,CN,14021,Shandong Nanshan and equal to or below 14kg/m
20273559,2027-12-16,7604291000,Bars and rods,552,CN,14022,Haomei Group and equal to or below 14kg/m
20273560,2027-12-16,7604291000,Bars and rods,552,CN,14023,NON-SAMPLED CO-OPERATING EXPORTERS and equal to or below 14kg/m
20273562,2027-12-16,7604291000,Bars and rods,552,CN,14033,The following goods imported from China are exempt from the anti-dumping duties: Aluminium structures or parts of struct
20273561,2027-12-16,7604291000,Bars and rods,552,CN,14030,Other and equal to or below 14kg/m
20198462,2027-12-16,7604299010,"Bearing a specific manufacture number, for use in certain types of aircraft",552,CN,14020,Press Metal International Group and equal to or below 14kg/m
20198491,2027-12-16,7604299010,"Bearing a specific manufacture number, for use in certain types of aircraft",552,CN,14021,Shandong Nanshan and equal to or below 14kg/m
20198520,2027-12-16,7604299010,"Bearing a specific manufacture number, for use in certain types of aircraft",552,CN,14022,Haomei Group and equal to or below 14kg/m
20198549,2027-12-16,7604299010,"Bearing a specific manufacture number, for use in certain types of aircraft",552,CN,14023,NON-SAMPLED CO-OPERATING EXPORTERS and equal to or below 14kg/m
20198607,2027-12-16,7604299010,"Bearing a specific manufacture number, for use in certain types of aircraft",552,CN,14033,The following goods imported from China are exempt from the anti-dumping duties: Aluminium structures or parts of struct
20198578,2027-12-16,7604299010,"Bearing a specific manufacture number, for use in certain types of aircraft",552,CN,14030,Other and equal to or below 14kg/m
20198463,2027-12-16,7604299020,"Conical shapes for reinforcing lateral rudders, for use in certain types of aircraft",552,CN,14020,Press Metal International Group and equal to or below 14kg/m
20198492,2027-12-16,7604299020,"Conical shapes for reinforcing lateral rudders, for use in certain types of aircraft",552,CN,14021,Shandong Nanshan and equal to or below 14kg/m
20198521,2027-12-16,7604299020,"Conical shapes for reinforcing lateral rudders, for use in certain types of aircraft",552,CN,14022,Haomei Group and equal to or below 14kg/m
20198550,2027-12-16,7604299020,"Conical shapes for reinforcing lateral rudders, for use in certain types of aircraft",552,CN,14023,NON-SAMPLED CO-OPERATING EXPORTERS and equal to or below 14kg/m
20198608,2027-12-16,7604299020,"Conical shapes for reinforcing lateral rudders, for use in certain types of aircraft",552,CN,14033,The following goods imported from China are exempt from the anti-dumping duties: Aluminium structures or parts of struct
20198579,2027-12-16,7604299020,"Conical shapes for reinforcing lateral rudders, for use in certain types of aircraft",552,CN,14030,Other and equal to or below 14kg/m
20198464,2027-12-16,7604299090,Other,552,CN,14020,Press Metal International Group and equal to or below 14kg/m
20198493,2027-12-16,7604299090,Other,552,CN,14021,Shandong Nanshan and equal to or below 14kg/m
20198522,2027-12-16,7604299090,Other,552,CN,14022,Haomei Group and equal to or below 14kg/m
20198551,2027-12-16,7604299090,Other,552,CN,14023,NON-SAMPLED CO-OPERATING EXPORTERS and equal to or below 14kg/m
20198609,2027-12-16,7604299090,Other,552,CN,14033,The following goods imported from China are exempt from the anti-dumping duties: Aluminium structures or parts of struct
20198580,2027-12-16,7604299090,Other,552,CN,14030,Other and equal to or below 14kg/m
20198465,2027-12-16,7608100011,"Unassembled, not welded, containing not more than 99.3% of aluminium",552,CN,14020,Press Metal International Group and equal to or below 14kg/m
20198494,2027-12-16,7608100011,"Unassembled, not welded, containing not more than 99.3% of aluminium",552,CN,14021,Shandong Nanshan and equal to or below 14kg/m
20198523,2027-12-16,7608100011,"Unassembled, not welded, containing not more than 99.3% of aluminium",552,CN,14022,Haomei Group and equal to or below 14kg/m
20198552,2027-12-16,7608100011,"Unassembled, not welded, containing not more than 99.3% of aluminium",552,CN,14023,NON-SAMPLED CO-OPERATING EXPORTERS and equal to or below 14kg/m
20198610,2027-12-16,7608100011,"Unassembled, not welded, containing not more than 99.3% of aluminium",552,CN,14033,The following goods imported from China are exempt from the anti-dumping duties: Aluminium structures or parts of struct
20198581,2027-12-16,7608100011,"Unassembled, not welded, containing not more than 99.3% of aluminium",552,CN,14030,Other and equal to or below 14kg/m
20198466,2027-12-16,7608100019,Other,552,CN,14020,Press Metal International Group and equal to or below 14kg/m
20198495,2027-12-16,7608100019,Other,552,CN,14021,Shandong Nanshan and equal to or below 14kg/m
20198524,2027-12-16,7608100019,Other,552,CN,14022,Haomei Group and equal to or below 14kg/m
20198553,2027-12-16,7608100019,Other,552,CN,14023,NON-SAMPLED CO-OPERATING EXPORTERS and equal to or below 14kg/m
20198611,2027-12-16,7608100019,Other,552,CN,14033,The following goods imported from China are exempt from the anti-dumping duties: Aluminium structures or parts of struct
20198582,2027-12-16,7608100019,Other,552,CN,14030,Other and equal to or below 14kg/m
20198467,2027-12-16,7608100020,"Tubes and pipes, ready for fitting, usable as hydraulic conduits or as conduits for fuel-oil or lubricants for use in ce",552,CN,14020,Press Metal International Group and equal to or below 14kg/m
20198496,2027-12-16,7608100020,"Tubes and pipes, ready for fitting, usable as hydraulic conduits or as conduits for fuel-oil or lubricants for use in ce",552,CN,14021,Shandong Nanshan and equal to or below 14kg/m
20198525,2027-12-16,7608100020,"Tubes and pipes, ready for fitting, usable as hydraulic conduits or as conduits for fuel-oil or lubricants for use in ce",552,CN,14022,Haomei Group and equal to or below 14kg/m
20198554,2027-12-16,7608100020,"Tubes and pipes, ready for fitting, usable as hydraulic conduits or as conduits for fuel-oil or lubricants for use in ce",552,CN,14023,NON-SAMPLED CO-OPERATING EXPORTERS and equal to or below 14kg/m
20198612,2027-12-16,7608100020,"Tubes and pipes, ready for fitting, usable as hydraulic conduits or as conduits for fuel-oil or lubricants for use in ce",552,CN,14033,The following goods imported from China are exempt from the anti-dumping duties: Aluminium structures or parts of struct
20198583,2027-12-16,7608100020,"Tubes and pipes, ready for fitting, usable as hydraulic conduits or as conduits for fuel-oil or lubricants for use in ce",552,CN,14030,Other and equal to or below 14kg/m
20198468,2027-12-16,7608100080,"Unassembled, not welded, containing not more than 99.3% of aluminium",552,CN,14020,Press Metal International Group and equal to or below 14kg/m
20198497,2027-12-16,7608100080,"Unassembled, not welded, containing not more than 99.3% of aluminium",552,CN,14021,Shandong Nanshan and equal to or below 14kg/m
20198526,2027-12-16,7608100080,"Unassembled, not welded, containing not more than 99.3% of aluminium",552,CN,14022,Haomei Group and equal to or below 14kg/m
20198555,2027-12-16,7608100080,"Unassembled, not welded, containing not more than 99.3% of aluminium",552,CN,14023,NON-SAMPLED CO-OPERATING EXPORTERS and equal to or below 14kg/m
20198613,2027-12-16,7608100080,"Unassembled, not welded, containing not more than 99.3% of aluminium",552,CN,14033,The following goods imported from China are exempt from the anti-dumping duties: Aluminium structures or parts of struct
20198584,2027-12-16,7608100080,"Unassembled, not welded, containing not more than 99.3% of aluminium",552,CN,14030,Other and equal to or below 14kg/m
20198469,2027-12-16,7608100089,Other,552,CN,14020,Press Metal International Group and equal to or below 14kg/m
20198498,2027-12-16,7608100089,Other,552,CN,14021,Shandong Nanshan and equal to or below 14kg/m
20198527,2027-12-16,7608100089,Other,552,CN,14022,Haomei Group and equal to or below 14kg/m
20198556,2027-12-16,7608100089,Other,552,CN,14023,NON-SAMPLED CO-OPERATING EXPORTERS and equal to or below 14kg/m
20198614,2027-12-16,7608100089,Other,552,CN,14033,The following goods imported from China are exempt from the anti-dumping duties: Aluminium structures or parts of struct
20198585,2027-12-16,7608100089,Other,552,CN,14030,Other and equal to or below 14kg/m
20198470,2027-12-16,7608208110,"With attached fittings, suitable for conducting gases or liquids, for use in civil aircraft",552,CN,14020,Press Metal International Group and equal to or below 14kg/m
20198499,2027-12-16,7608208110,"With attached fittings, suitable for conducting gases or liquids, for use in civil aircraft",552,CN,14021,Shandong Nanshan and equal to or below 14kg/m
20198528,2027-12-16,7608208110,"With attached fittings, suitable for conducting gases or liquids, for use in civil aircraft",552,CN,14022,Haomei Group and equal to or below 14kg/m
20198557,2027-12-16,7608208110,"With attached fittings, suitable for conducting gases or liquids, for use in civil aircraft",552,CN,14023,NON-SAMPLED CO-OPERATING EXPORTERS and equal to or below 14kg/m
20198615,2027-12-16,7608208110,"With attached fittings, suitable for conducting gases or liquids, for use in civil aircraft",552,CN,14033,The following goods imported from China are exempt from the anti-dumping duties: Aluminium structures or parts of struct
20198586,2027-12-16,7608208110,"With attached fittings, suitable for conducting gases or liquids, for use in civil aircraft",552,CN,14030,Other and equal to or below 14kg/m
20198471,2027-12-16,7608208190,Other,552,CN,14020,Press Metal International Group and equal to or below 14kg/m
20198500,2027-12-16,7608208190,Other,552,CN,14021,Shandong Nanshan and equal to or below 14kg/m
20198529,2027-12-16,7608208190,Other,552,CN,14022,Haomei Group and equal to or below 14kg/m
20198558,2027-12-16,7608208190,Other,552,CN,14023,NON-SAMPLED CO-OPERATING EXPORTERS and equal to or below 14kg/m
20198616,2027-12-16,7608208190,Other,552,CN,14033,The following goods imported from China are exempt from the anti-dumping duties: Aluminium structures or parts of struct
20198587,2027-12-16,7608208190,Other,552,CN,14030,Other and equal to or below 14kg/m
20198472,2027-12-16,7608208910,"With attached fittings, suitable for conducting gases or liquids, for use in civil aircraft",552,CN,14020,Press Metal International Group and equal to or below 14kg/m
20198501,2027-12-16,7608208910,"With attached fittings, suitable for conducting gases or liquids, for use in civil aircraft",552,CN,14021,Shandong Nanshan and equal to or below 14kg/m
20198530,2027-12-16,7608208910,"With attached fittings, suitable for conducting gases or liquids, for use in civil aircraft",552,CN,14022,Haomei Group and equal to or below 14kg/m
20198559,2027-12-16,7608208910,"With attached fittings, suitable for conducting gases or liquids, for use in civil aircraft",552,CN,14023,NON-SAMPLED CO-OPERATING EXPORTERS and equal to or below 14kg/m
20198617,2027-12-16,7608208910,"With attached fittings, suitable for conducting gases or liquids, for use in civil aircraft",552,CN,14033,The following goods imported from China are exempt from the anti-dumping duties: Aluminium structures or parts of struct
20198588,2027-12-16,7608208910,"With attached fittings, suitable for conducting gases or liquids, for use in civil aircraft",552,CN,14030,Other and equal to or below 14kg/m
20198473,2027-12-16,7608208920,"Tubes and pipes, ready for fitting, usable as hydraulic conduits or as conduits for fuel-oil or lubricants for use in ce",552,CN,14020,Press Metal International Group and equal to or below 14kg/m
20198502,2027-12-16,7608208920,"Tubes and pipes, ready for fitting, usable as hydraulic conduits or as conduits for fuel-oil or lubricants for use in ce",552,CN,14021,Shandong Nanshan and equal to or below 14kg/m
20198531,2027-12-16,7608208920,"Tubes and pipes, ready for fitting, usable as hydraulic conduits or as conduits for fuel-oil or lubricants for use in ce",552,CN,14022,Haomei Group and equal to or below 14kg/m
20198560,2027-12-16,7608208920,"Tubes and pipes, ready for fitting, usable as hydraulic conduits or as conduits for fuel-oil or lubricants for use in ce",552,CN,14023,NON-SAMPLED CO-OPERATING EXPORTERS and equal to or below 14kg/m
20198618,2027-12-16,7608208920,"Tubes and pipes, ready for fitting, usable as hydraulic conduits or as conduits for fuel-oil or lubricants for use in ce",552,CN,14033,The following goods imported from China are exempt from the anti-dumping duties: Aluminium structures or parts of struct
20198589,2027-12-16,7608208920,"Tubes and pipes, ready for fitting, usable as hydraulic conduits or as conduits for fuel-oil or lubricants for use in ce",552,CN,14030,Other and equal to or below 14kg/m
20198475,2027-12-16,7608208990,Other,552,CN,14020,Press Metal International Group and equal to or below 14kg/m
20198504,2027-12-16,7608208990,Other,552,CN,14021,Shandong Nanshan and equal to or below 14kg/m
20198533,2027-12-16,7608208990,Other,552,CN,14022,Haomei Group and equal to or below 14kg/m
20198562,2027-12-16,7608208990,Other,552,CN,14023,NON-SAMPLED CO-OPERATING EXPORTERS and equal to or below 14kg/m
20198620,2027-12-16,7608208990,Other,552,CN,14033,The following goods imported from China are exempt from the anti-dumping duties: Aluminium structures or parts of struct
20198591,2027-12-16,7608208990,Other,552,CN,14030,Other and equal to or below 14kg/m
20198476,2027-12-16,7610909010,"Bars, rods, profiles (whether or not hollow), tubes, pipes, unassembled, not welded, made from aluminium, whether or not",552,CN,14020,Press Metal International Group and equal to or below 14kg/m
20198505,2027-12-16,7610909010,"Bars, rods, profiles (whether or not hollow), tubes, pipes, unassembled, not welded, made from aluminium, whether or not",552,CN,14021,Shandong Nanshan and equal to or below 14kg/m
20198534,2027-12-16,7610909010,"Bars, rods, profiles (whether or not hollow), tubes, pipes, unassembled, not welded, made from aluminium, whether or not",552,CN,14022,Haomei Group and equal to or below 14kg/m
20198563,2027-12-16,7610909010,"Bars, rods, profiles (whether or not hollow), tubes, pipes, unassembled, not welded, made from aluminium, whether or not",552,CN,14023,NON-SAMPLED CO-OPERATING EXPORTERS and equal to or below 14kg/m
20198621,2027-12-16,7610909010,"Bars, rods, profiles (whether or not hollow), tubes, pipes, unassembled, not welded, made from aluminium, whether or not",552,CN,14033,The following goods imported from China are exempt from the anti-dumping duties: Aluminium structures or parts of struct
20198592,2027-12-16,7610909010,"Bars, rods, profiles (whether or not hollow), tubes, pipes, unassembled, not welded, made from aluminium, whether or not",552,CN,14030,Other and equal to or below 14kg/m
20048712,2028-01-31,7325100031,"Lamellar graphite cast iron (grey iron), and parts thereof, of a kind used to:<br>– cover ground or sub-surfaces systems",552,CN,12794,Botou City Wangwu Town Tianlong Casting Factory
20048674,2028-01-31,7325100031,"Lamellar graphite cast iron (grey iron), and parts thereof, of a kind used to:<br>– cover ground or sub-surfaces systems",552,CN,12795,"Botou Lisheng Casting Industry Co., Ltd."
20048784,2028-01-31,7325100031,"Lamellar graphite cast iron (grey iron), and parts thereof, of a kind used to:<br>– cover ground or sub-surfaces systems",552,CN,12796,"Fengtai (Handan) Alloy Casting Co., Ltd."
20048714,2028-01-31,7325100031,"Lamellar graphite cast iron (grey iron), and parts thereof, of a kind used to:<br>– cover ground or sub-surfaces systems",552,CN,12797,"Hong Guang Handan Cast Foundry Co., Ltd."
20048694,2028-01-31,7325100031,"Lamellar graphite cast iron (grey iron), and parts thereof, of a kind used to:<br>– cover ground or sub-surfaces systems",552,CN,12798,"Shijiazhuang Transun Metal Products Co., Ltd."
20048716,2028-01-31,7325100031,"Lamellar graphite cast iron (grey iron), and parts thereof, of a kind used to:<br>– cover ground or sub-surfaces systems",552,CN,12805,Baoding City Maikesaier Casting Ltd
20048718,2028-01-31,7325100031,"Lamellar graphite cast iron (grey iron), and parts thereof, of a kind used to:<br>– cover ground or sub-surfaces systems",552,CN,12806,"Baoding GB Metal Products Co., Ltd"
20048824,2028-01-31,7325100031,"Lamellar graphite cast iron (grey iron), and parts thereof, of a kind used to:<br>– cover ground or sub-surfaces systems",552,CN,12807,"Baoding Hualong Casting Co., Ltd"
20048672,2028-01-31,7325100031,"Lamellar graphite cast iron (grey iron), and parts thereof, of a kind used to:<br>– cover ground or sub-surfaces systems",552,CN,12808,"Baoding Shuanghu Casting Co., Ltd"
20048780,2028-01-31,7325100031,"Lamellar graphite cast iron (grey iron), and parts thereof, of a kind used to:<br>– cover ground or sub-surfaces systems",552,CN,12809,"Bo Tou Chenfeng Casting Co., Ltd"
20048720,2028-01-31,7325100031,"Lamellar graphite cast iron (grey iron), and parts thereof, of a kind used to:<br>– cover ground or sub-surfaces systems",552,CN,12810,"Botou City Minghang Casting Co., Ltd"
20048722,2028-01-31,7325100031,"Lamellar graphite cast iron (grey iron), and parts thereof, of a kind used to:<br>– cover ground or sub-surfaces systems",552,CN,12811,"Botou City Qinghong Foundry Co., Ltd. and the related company Cangzhou Qinghong Foundry Co., Ltd"
20048724,2028-01-31,7325100031,"Lamellar graphite cast iron (grey iron), and parts thereof, of a kind used to:<br>– cover ground or sub-surfaces systems",552,CN,12812,Botou City Simencun Town Bai Fo Tang Casting Factory
20048808,2028-01-31,7325100031,"Lamellar graphite cast iron (grey iron), and parts thereof, of a kind used to:<br>– cover ground or sub-surfaces systems",552,CN,12813,"Botou Dongli Foundry Co., Ltd"
20048726,2028-01-31,7325100031,"Lamellar graphite cast iron (grey iron), and parts thereof, of a kind used to:<br>– cover ground or sub-surfaces systems",552,CN,12814,Botou GuangTai Precision Casting Factory
20048690,2028-01-31,7325100031,"Lamellar graphite cast iron (grey iron), and parts thereof, of a kind used to:<br>– cover ground or sub-surfaces systems",552,CN,12815,"Botou Mancheng Foundry Co., Ltd"
20048800,2028-01-31,7325100031,"Lamellar graphite cast iron (grey iron), and parts thereof, of a kind used to:<br>– cover ground or sub-surfaces systems",552,CN,12816,"Botou Okai Foundry Co., Ltd"
20048708,2028-01-31,7325100031,"Lamellar graphite cast iron (grey iron), and parts thereof, of a kind used to:<br>– cover ground or sub-surfaces systems",552,CN,12817,"Botou Sanjiang Casting Co., Ltd"
20048728,2028-01-31,7325100031,"Lamellar graphite cast iron (grey iron), and parts thereof, of a kind used to:<br>– cover ground or sub-surfaces systems",552,CN,12818,Botou TongYang Casting Factory
20048804,2028-01-31,7325100031,"Lamellar graphite cast iron (grey iron), and parts thereof, of a kind used to:<br>– cover ground or sub-surfaces systems",552,CN,12819,"Botou Weili Precision Casting Co., Ltd"
20048730,2028-01-31,7325100031,"Lamellar graphite cast iron (grey iron), and parts thereof, of a kind used to:<br>– cover ground or sub-surfaces systems",552,CN,12820,"Botou Xinrong Foundry Co., Ltd"
20048806,2028-01-31,7325100031,"Lamellar graphite cast iron (grey iron), and parts thereof, of a kind used to:<br>– cover ground or sub-surfaces systems",552,CN,12821,"Botou Zhengxin Foundry Co., Ltd"
20048732,2028-01-31,7325100031,"Lamellar graphite cast iron (grey iron), and parts thereof, of a kind used to:<br>– cover ground or sub-surfaces systems",552,CN,12822,"Cangzhou Hongyuan Machinery &amp; Foundry Co., Ltd"
20048782,2028-01-31,7325100031,"Lamellar graphite cast iron (grey iron), and parts thereof, of a kind used to:<br>– cover ground or sub-surfaces systems",552,CN,12823,"Cangzhou Yadite Casting Machinery Co., Ltd"
20048734,2028-01-31,7325100031,"Lamellar graphite cast iron (grey iron), and parts thereof, of a kind used to:<br>– cover ground or sub-surfaces systems",552,CN,12824,"Changsha Jinlong Foundry Industry Co., Ltd"
20048786,2028-01-31,7325100031,"Lamellar graphite cast iron (grey iron), and parts thereof, of a kind used to:<br>– cover ground or sub-surfaces systems",552,CN,12825,"Changyi City ChangZhan Casting Co., Ltd"
20048736,2028-01-31,7325100031,"Lamellar graphite cast iron (grey iron), and parts thereof, of a kind used to:<br>– cover ground or sub-surfaces systems",552,CN,12826,"China National Minerals Co., Ltd"
20048704,2028-01-31,7325100031,"Lamellar graphite cast iron (grey iron), and parts thereof, of a kind used to:<br>– cover ground or sub-surfaces systems",552,CN,12827,Dingxiang Sitong Forging and Casting Industrial
20048738,2028-01-31,7325100031,"Lamellar graphite cast iron (grey iron), and parts thereof, of a kind used to:<br>– cover ground or sub-surfaces systems",552,CN,12828,"Dingzhou Dongyu Foundry Co., Ltd"
20048698,2028-01-31,7325100031,"Lamellar graphite cast iron (grey iron), and parts thereof, of a kind used to:<br>– cover ground or sub-surfaces systems",552,CN,12829,"Handan City Jinzhu Foundry Co., Ltd"
20048740,2028-01-31,7325100031,"Lamellar graphite cast iron (grey iron), and parts thereof, of a kind used to:<br>– cover ground or sub-surfaces systems",552,CN,12830,"Handan Haolin Casting Co., Ltd"
20048788,2028-01-31,7325100031,"Lamellar graphite cast iron (grey iron), and parts thereof, of a kind used to:<br>– cover ground or sub-surfaces systems",552,CN,12831,"Handan Qunshan Foundry Co., Ltd."
20048700,2028-01-31,7325100031,"Lamellar graphite cast iron (grey iron), and parts thereof, of a kind used to:<br>– cover ground or sub-surfaces systems",552,CN,12832,"Handan Yanyuan Machinery Foundry Co., Ltd"
20048796,2028-01-31,7325100031,"Lamellar graphite cast iron (grey iron), and parts thereof, of a kind used to:<br>– cover ground or sub-surfaces systems",552,CN,12833,"Handan Yuanyang Foundry Co.,Ltd"
20048742,2028-01-31,7325100031,"Lamellar graphite cast iron (grey iron), and parts thereof, of a kind used to:<br>– cover ground or sub-surfaces systems",552,CN,12834,"Handan Zhangshui Pump Manufacturing Co., Ltd"
20048798,2028-01-31,7325100031,"Lamellar graphite cast iron (grey iron), and parts thereof, of a kind used to:<br>– cover ground or sub-surfaces systems",552,CN,12835,"Hebei Cheng'An Babel Casting Co., Ltd"
20048744,2028-01-31,7325100031,"Lamellar graphite cast iron (grey iron), and parts thereof, of a kind used to:<br>– cover ground or sub-surfaces systems",552,CN,12836,"Hebei Feixiang East Foundry Products Co., Ltd"
20048794,2028-01-31,7325100031,"Lamellar graphite cast iron (grey iron), and parts thereof, of a kind used to:<br>– cover ground or sub-surfaces systems",552,CN,12837,"Hebei Jinghua Casting Co., Ltd"
20048746,2028-01-31,7325100031,"Lamellar graphite cast iron (grey iron), and parts thereof, of a kind used to:<br>– cover ground or sub-surfaces systems",552,CN,12838,"Hebei Shunda Foundry Co., Ltd"
20048706,2028-01-31,7325100031,"Lamellar graphite cast iron (grey iron), and parts thereof, of a kind used to:<br>– cover ground or sub-surfaces systems",552,CN,12839,"Hebei Tengfeng Metal Products Co., Ltd"
20048748,2028-01-31,7325100031,"Lamellar graphite cast iron (grey iron), and parts thereof, of a kind used to:<br>– cover ground or sub-surfaces systems",552,CN,12840,"Hebei Zhonghe Foundry Co., Ltd"
20048702,2028-01-31,7325100031,"Lamellar graphite cast iron (grey iron), and parts thereof, of a kind used to:<br>– cover ground or sub-surfaces systems",552,CN,12841,"Hengtong Valve Co.,LTD"
20048750,2028-01-31,7325100031,"Lamellar graphite cast iron (grey iron), and parts thereof, of a kind used to:<br>– cover ground or sub-surfaces systems",552,CN,12842,"Heping Cast Co., Ltd. Yi County"
20048790,2028-01-31,7325100031,"Lamellar graphite cast iron (grey iron), and parts thereof, of a kind used to:<br>– cover ground or sub-surfaces systems",552,CN,12843,"Jiaocheng County Honglong Machinery Manufacturing Co., Ltd"
20048752,2028-01-31,7325100031,"Lamellar graphite cast iron (grey iron), and parts thereof, of a kind used to:<br>– cover ground or sub-surfaces systems",552,CN,12844,"Jiaocheng County Xinlei Machinery Manufacturing Co., Ltd"
20048692,2028-01-31,7325100031,"Lamellar graphite cast iron (grey iron), and parts thereof, of a kind used to:<br>– cover ground or sub-surfaces systems",552,CN,12845,"Jiaocheng County Xinxing Casting Co., Ltd"
20048754,2028-01-31,7325100031,"Lamellar graphite cast iron (grey iron), and parts thereof, of a kind used to:<br>– cover ground or sub-surfaces systems",552,CN,12846,"Jinan Laiwu Haitian Machinery Manufacturing Co., Ltd"
20048688,2028-01-31,7325100031,"Lamellar graphite cast iron (grey iron), and parts thereof, of a kind used to:<br>– cover ground or sub-surfaces systems",552,CN,12847,"Laiwu Xinlong Weiye Foundry Co., Ltd"
20048792,2028-01-31,7325100031,"Lamellar graphite cast iron (grey iron), and parts thereof, of a kind used to:<br>– cover ground or sub-surfaces systems",552,CN,12848,Lianyungang Ganyu Xingda Casting Foundry
20048822,2028-01-31,7325100031,"Lamellar graphite cast iron (grey iron), and parts thereof, of a kind used to:<br>– cover ground or sub-surfaces systems",552,CN,12849,"Lingchuan County Rainbow Casting Co., Ltd"
20048756,2028-01-31,7325100031,"Lamellar graphite cast iron (grey iron), and parts thereof, of a kind used to:<br>– cover ground or sub-surfaces systems",552,CN,12850,"Lingshou County Boyuan Foundry Co., Ltd"
20048696,2028-01-31,7325100031,"Lamellar graphite cast iron (grey iron), and parts thereof, of a kind used to:<br>– cover ground or sub-surfaces systems",552,CN,12851,"Pingyao County Master Casting Co., Ltd"
20048758,2028-01-31,7325100031,"Lamellar graphite cast iron (grey iron), and parts thereof, of a kind used to:<br>– cover ground or sub-surfaces systems",552,CN,12852,"Qingdao Jiatailong Industrial Co., Ltd"
20048802,2028-01-31,7325100031,"Lamellar graphite cast iron (grey iron), and parts thereof, of a kind used to:<br>– cover ground or sub-surfaces systems",552,CN,12853,"Qingdao Jinfengtaike Machinery Co., Ltd"
20048760,2028-01-31,7325100031,"Lamellar graphite cast iron (grey iron), and parts thereof, of a kind used to:<br>– cover ground or sub-surfaces systems",552,CN,12854,"Qingdao Qitao Casting Co., Ltd"
20048710,2028-01-31,7325100031,"Lamellar graphite cast iron (grey iron), and parts thereof, of a kind used to:<br>– cover ground or sub-surfaces systems",552,CN,12855,"Qingdao Shinshu Casting Co., Ltd"
20048762,2028-01-31,7325100031,"Lamellar graphite cast iron (grey iron), and parts thereof, of a kind used to:<br>– cover ground or sub-surfaces systems",552,CN,12856,"Qingyuanxian Yueda Fountry Co., Ltd"
20048680,2028-01-31,7325100031,"Lamellar graphite cast iron (grey iron), and parts thereof, of a kind used to:<br>– cover ground or sub-surfaces systems",552,CN,12857,"Rockhan Technology Co., Ltd"
20048764,2028-01-31,7325100031,"Lamellar graphite cast iron (grey iron), and parts thereof, of a kind used to:<br>– cover ground or sub-surfaces systems",552,CN,12858,"Shahe City Fangyuan Casting Co., Ltd"
20048814,2028-01-31,7325100031,"Lamellar graphite cast iron (grey iron), and parts thereof, of a kind used to:<br>– cover ground or sub-surfaces systems",552,CN,12859,"Shandong Hongma Engineering Machinery Co., Ltd"
20048682,2028-01-31,7325100031,"Lamellar graphite cast iron (grey iron), and parts thereof, of a kind used to:<br>– cover ground or sub-surfaces systems",552,CN,12860,"Shandong Lulong Group Co., Ltd"
20048816,2028-01-31,7325100031,"Lamellar graphite cast iron (grey iron), and parts thereof, of a kind used to:<br>– cover ground or sub-surfaces systems",552,CN,12861,"Shanxi Associated Industrial Co., Ltd"
20048820,2028-01-31,7325100031,"Lamellar graphite cast iron (grey iron), and parts thereof, of a kind used to:<br>– cover ground or sub-surfaces systems",552,CN,12881,"Shanxi Jiaocheng Xinglong Casting Co., Ltd"
20048676,2028-01-31,7325100031,"Lamellar graphite cast iron (grey iron), and parts thereof, of a kind used to:<br>– cover ground or sub-surfaces systems",552,CN,12862,"Shanxi Solid Industrial Co., Ltd"
20048768,2028-01-31,7325100031,"Lamellar graphite cast iron (grey iron), and parts thereof, of a kind used to:<br>– cover ground or sub-surfaces systems",552,CN,12863,"Shanxi Yuansheng Casting and Forging Industrial Co., Ltd"
20048678,2028-01-31,7325100031,"Lamellar graphite cast iron (grey iron), and parts thereof, of a kind used to:<br>– cover ground or sub-surfaces systems",552,CN,12864,Shaoshan Huanqiu Castings Foundry
20048810,2028-01-31,7325100031,"Lamellar graphite cast iron (grey iron), and parts thereof, of a kind used to:<br>– cover ground or sub-surfaces systems",552,CN,12865,"Tang County Kaihua Metal Products Co., Ltd"
20048686,2028-01-31,7325100031,"Lamellar graphite cast iron (grey iron), and parts thereof, of a kind used to:<br>– cover ground or sub-surfaces systems",552,CN,12866,"Tangxian Hongyue Machinery Accessory Foundry Co., Ltd"
20048770,2028-01-31,7325100031,"Lamellar graphite cast iron (grey iron), and parts thereof, of a kind used to:<br>– cover ground or sub-surfaces systems",552,CN,12867,"Tianjin Jinghai Chaoyue Industrial and Commercial Co., Ltd"
20048684,2028-01-31,7325100031,"Lamellar graphite cast iron (grey iron), and parts thereof, of a kind used to:<br>– cover ground or sub-surfaces systems",552,CN,12868,"Tianjin Yu Xing Da Casting Co., Ltd"
20048772,2028-01-31,7325100031,"Lamellar graphite cast iron (grey iron), and parts thereof, of a kind used to:<br>– cover ground or sub-surfaces systems",552,CN,12869,"Wangdu Junrong Foundry Co., Limited"
20048812,2028-01-31,7325100031,"Lamellar graphite cast iron (grey iron), and parts thereof, of a kind used to:<br>– cover ground or sub-surfaces systems",552,CN,12870,"Weifang Nuolong Machinery Co., Ltd"
20048818,2028-01-31,7325100031,"Lamellar graphite cast iron (grey iron), and parts thereof, of a kind used to:<br>– cover ground or sub-surfaces systems",552,CN,12871,"Shandong Heshengda Machinery Technology Co., Ltd and Qingdao Everbright Machinery Co., Ltd"
20048774,2028-01-31,7325100031,"Lamellar graphite cast iron (grey iron), and parts thereof, of a kind used to:<br>– cover ground or sub-surfaces systems",552,CN,12872,"Weifang Weikai Casting Co., Ltd"
20048776,2028-01-31,7325100031,"Lamellar graphite cast iron (grey iron), and parts thereof, of a kind used to:<br>– cover ground or sub-surfaces systems",552,CN,12873,Wen Shui Hengli Nature of the Company
20048778,2028-01-31,7325100031,"Lamellar graphite cast iron (grey iron), and parts thereof, of a kind used to:<br>– cover ground or sub-surfaces systems",552,CN,12874,Wuhan RedStar Agro-Livestock Machinery Co. Ltd
20048826,2028-01-31,7325100031,"Lamellar graphite cast iron (grey iron), and parts thereof, of a kind used to:<br>– cover ground or sub-surfaces systems",552,CN,12875,"Zibo Joy’s Metal Co., Ltd"
20048766,2028-01-31,7325100031,"Lamellar graphite cast iron (grey iron), and parts thereof, of a kind used to:<br>– cover ground or sub-surfaces systems",552,CN,12885,"Shanxi Ascent Industrial Co., Ltd."
20042480,2028-01-31,7325100031,"Lamellar graphite cast iron (grey iron), and parts thereof, of a kind used to:<br>– cover ground or sub-surfaces systems",552,CN,12524,All Other Overseas Exporters (Residual Rate)
20048713,2028-01-31,7325991060,"Spheroidal graphite cast iron (also known as ductile cast iron), and parts thereof, of a kind used to:<br>– cover ground",552,CN,12794,Botou City Wangwu Town Tianlong Casting Factory
20048675,2028-01-31,7325991060,"Spheroidal graphite cast iron (also known as ductile cast iron), and parts thereof, of a kind used to:<br>– cover ground",552,CN,12795,"Botou Lisheng Casting Industry Co., Ltd."
20048785,2028-01-31,7325991060,"Spheroidal graphite cast iron (also known as ductile cast iron), and parts thereof, of a kind used to:<br>– cover ground",552,CN,12796,"Fengtai (Handan) Alloy Casting Co., Ltd."
20048715,2028-01-31,7325991060,"Spheroidal graphite cast iron (also known as ductile cast iron), and parts thereof, of a kind used to:<br>– cover ground",552,CN,12797,"Hong Guang Handan Cast Foundry Co., Ltd."
20048695,2028-01-31,7325991060,"Spheroidal graphite cast iron (also known as ductile cast iron), and parts thereof, of a kind used to:<br>– cover ground",552,CN,12798,"Shijiazhuang Transun Metal Products Co., Ltd."
20048717,2028-01-31,7325991060,"Spheroidal graphite cast iron (also known as ductile cast iron), and parts thereof, of a kind used to:<br>– cover ground",552,CN,12805,Baoding City Maikesaier Casting Ltd
20048719,2028-01-31,7325991060,"Spheroidal graphite cast iron (also known as ductile cast iron), and parts thereof, of a kind used to:<br>– cover ground",552,CN,12806,"Baoding GB Metal Products Co., Ltd"
20048825,2028-01-31,7325991060,"Spheroidal graphite cast iron (also known as ductile cast iron), and parts thereof, of a kind used to:<br>– cover ground",552,CN,12807,"Baoding Hualong Casting Co., Ltd"
20048673,2028-01-31,7325991060,"Spheroidal graphite cast iron (also known as ductile cast iron), and parts thereof, of a kind used to:<br>– cover ground",552,CN,12808,"Baoding Shuanghu Casting Co., Ltd"
20048781,2028-01-31,7325991060,"Spheroidal graphite cast iron (also known as ductile cast iron), and parts thereof, of a kind used to:<br>– cover ground",552,CN,12809,"Bo Tou Chenfeng Casting Co., Ltd"
20048721,2028-01-31,7325991060,"Spheroidal graphite cast iron (also known as ductile cast iron), and parts thereof, of a kind used to:<br>– cover ground",552,CN,12810,"Botou City Minghang Casting Co., Ltd"
20048723,2028-01-31,7325991060,"Spheroidal graphite cast iron (also known as ductile cast iron), and parts thereof, of a kind used to:<br>– cover ground",552,CN,12811,"Botou City Qinghong Foundry Co., Ltd. and the related company Cangzhou Qinghong Foundry Co., Ltd"
20048725,2028-01-31,7325991060,"Spheroidal graphite cast iron (also known as ductile cast iron), and parts thereof, of a kind used to:<br>– cover ground",552,CN,12812,Botou City Simencun Town Bai Fo Tang Casting Factory
20048809,2028-01-31,7325991060,"Spheroidal graphite cast iron (also known as ductile cast iron), and parts thereof, of a kind used to:<br>– cover ground",552,CN,12813,"Botou Dongli Foundry Co., Ltd"
20048727,2028-01-31,7325991060,"Spheroidal graphite cast iron (also known as ductile cast iron), and parts thereof, of a kind used to:<br>– cover ground",552,CN,12814,Botou GuangTai Precision Casting Factory
20048691,2028-01-31,7325991060,"Spheroidal graphite cast iron (also known as ductile cast iron), and parts thereof, of a kind used to:<br>– cover ground",552,CN,12815,"Botou Mancheng Foundry Co., Ltd"
20048801,2028-01-31,7325991060,"Spheroidal graphite cast iron (also known as ductile cast iron), and parts thereof, of a kind used to:<br>– cover ground",552,CN,12816,"Botou Okai Foundry Co., Ltd"
20048709,2028-01-31,7325991060,"Spheroidal graphite cast iron (also known as ductile cast iron), and parts thereof, of a kind used to:<br>– cover ground",552,CN,12817,"Botou Sanjiang Casting Co., Ltd"
20048729,2028-01-31,7325991060,"Spheroidal graphite cast iron (also known as ductile cast iron), and parts thereof, of a kind used to:<br>– cover ground",552,CN,12818,Botou TongYang Casting Factory
20048805,2028-01-31,7325991060,"Spheroidal graphite cast iron (also known as ductile cast iron), and parts thereof, of a kind used to:<br>– cover ground",552,CN,12819,"Botou Weili Precision Casting Co., Ltd"
20048731,2028-01-31,7325991060,"Spheroidal graphite cast iron (also known as ductile cast iron), and parts thereof, of a kind used to:<br>– cover ground",552,CN,12820,"Botou Xinrong Foundry Co., Ltd"
20048807,2028-01-31,7325991060,"Spheroidal graphite cast iron (also known as ductile cast iron), and parts thereof, of a kind used to:<br>– cover ground",552,CN,12821,"Botou Zhengxin Foundry Co., Ltd"
20048733,2028-01-31,7325991060,"Spheroidal graphite cast iron (also known as ductile cast iron), and parts thereof, of a kind used to:<br>– cover ground",552,CN,12822,"Cangzhou Hongyuan Machinery &amp; Foundry Co., Ltd"
20048783,2028-01-31,7325991060,"Spheroidal graphite cast iron (also known as ductile cast iron), and parts thereof, of a kind used to:<br>– cover ground",552,CN,12823,"Cangzhou Yadite Casting Machinery Co., Ltd"
20048735,2028-01-31,7325991060,"Spheroidal graphite cast iron (also known as ductile cast iron), and parts thereof, of a kind used to:<br>– cover ground",552,CN,12824,"Changsha Jinlong Foundry Industry Co., Ltd"
20048787,2028-01-31,7325991060,"Spheroidal graphite cast iron (also known as ductile cast iron), and parts thereof, of a kind used to:<br>– cover ground",552,CN,12825,"Changyi City ChangZhan Casting Co., Ltd"
20048737,2028-01-31,7325991060,"Spheroidal graphite cast iron (also known as ductile cast iron), and parts thereof, of a kind used to:<br>– cover ground",552,CN,12826,"China National Minerals Co., Ltd"
20048705,2028-01-31,7325991060,"Spheroidal graphite cast iron (also known as ductile cast iron), and parts thereof, of a kind used to:<br>– cover ground",552,CN,12827,Dingxiang Sitong Forging and Casting Industrial
20048739,2028-01-31,7325991060,"Spheroidal graphite cast iron (also known as ductile cast iron), and parts thereof, of a kind used to:<br>– cover ground",552,CN,12828,"Dingzhou Dongyu Foundry Co., Ltd"
20048699,2028-01-31,7325991060,"Spheroidal graphite cast iron (also known as ductile cast iron), and parts thereof, of a kind used to:<br>– cover ground",552,CN,12829,"Handan City Jinzhu Foundry Co., Ltd"
20048741,2028-01-31,7325991060,"Spheroidal graphite cast iron (also known as ductile cast iron), and parts thereof, of a kind used to:<br>– cover ground",552,CN,12830,"Handan Haolin Casting Co., Ltd"
20048789,2028-01-31,7325991060,"Spheroidal graphite cast iron (also known as ductile cast iron), and parts thereof, of a kind used to:<br>– cover ground",552,CN,12831,"Handan Qunshan Foundry Co., Ltd."
20048701,2028-01-31,7325991060,"Spheroidal graphite cast iron (also known as ductile cast iron), and parts thereof, of a kind used to:<br>– cover ground",552,CN,12832,"Handan Yanyuan Machinery Foundry Co., Ltd"
20048797,2028-01-31,7325991060,"Spheroidal graphite cast iron (also known as ductile cast iron), and parts thereof, of a kind used to:<br>– cover ground",552,CN,12833,"Handan Yuanyang Foundry Co.,Ltd"
20048743,2028-01-31,7325991060,"Spheroidal graphite cast iron (also known as ductile cast iron), and parts thereof, of a kind used to:<br>– cover ground",552,CN,12834,"Handan Zhangshui Pump Manufacturing Co., Ltd"
20048799,2028-01-31,7325991060,"Spheroidal graphite cast iron (also known as ductile cast iron), and parts thereof, of a kind used to:<br>– cover ground",552,CN,12835,"Hebei Cheng'An Babel Casting Co., Ltd"
20048745,2028-01-31,7325991060,"Spheroidal graphite cast iron (also known as ductile cast iron), and parts thereof, of a kind used to:<br>– cover ground",552,CN,12836,"Hebei Feixiang East Foundry Products Co., Ltd"
20048795,2028-01-31,7325991060,"Spheroidal graphite cast iron (also known as ductile cast iron), and parts thereof, of a kind used to:<br>– cover ground",552,CN,12837,"Hebei Jinghua Casting Co., Ltd"
20048747,2028-01-31,7325991060,"Spheroidal graphite cast iron (also known as ductile cast iron), and parts thereof, of a kind used to:<br>– cover ground",552,CN,12838,"Hebei Shunda Foundry Co., Ltd"
20048707,2028-01-31,7325991060,"Spheroidal graphite cast iron (also known as ductile cast iron), and parts thereof, of a kind used to:<br>– cover ground",552,CN,12839,"Hebei Tengfeng Metal Products Co., Ltd"
20048749,2028-01-31,7325991060,"Spheroidal graphite cast iron (also known as ductile cast iron), and parts thereof, of a kind used to:<br>– cover ground",552,CN,12840,"Hebei Zhonghe Foundry Co., Ltd"
20048703,2028-01-31,7325991060,"Spheroidal graphite cast iron (also known as ductile cast iron), and parts thereof, of a kind used to:<br>– cover ground",552,CN,12841,"Hengtong Valve Co.,LTD"
20048751,2028-01-31,7325991060,"Spheroidal graphite cast iron (also known as ductile cast iron), and parts thereof, of a kind used to:<br>– cover ground",552,CN,12842,"Heping Cast Co., Ltd. Yi County"
20048791,2028-01-31,7325991060,"Spheroidal graphite cast iron (also known as ductile cast iron), and parts thereof, of a kind used to:<br>– cover ground",552,CN,12843,"Jiaocheng County Honglong Machinery Manufacturing Co., Ltd"
20048753,2028-01-31,7325991060,"Spheroidal graphite cast iron (also known as ductile cast iron), and parts thereof, of a kind used to:<br>– cover ground",552,CN,12844,"Jiaocheng County Xinlei Machinery Manufacturing Co., Ltd"
20048693,2028-01-31,7325991060,"Spheroidal graphite cast iron (also known as ductile cast iron), and parts thereof, of a kind used to:<br>– cover ground",552,CN,12845,"Jiaocheng County Xinxing Casting Co., Ltd"
20048755,2028-01-31,7325991060,"Spheroidal graphite cast iron (also known as ductile cast iron), and parts thereof, of a kind used to:<br>– cover ground",552,CN,12846,"Jinan Laiwu Haitian Machinery Manufacturing Co., Ltd"
20048689,2028-01-31,7325991060,"Spheroidal graphite cast iron (also known as ductile cast iron), and parts thereof, of a kind used to:<br>– cover ground",552,CN,12847,"Laiwu Xinlong Weiye Foundry Co., Ltd"
20048793,2028-01-31,7325991060,"Spheroidal graphite cast iron (also known as ductile cast iron), and parts thereof, of a kind used to:<br>– cover ground",552,CN,12848,Lianyungang Ganyu Xingda Casting Foundry
20048823,2028-01-31,7325991060,"Spheroidal graphite cast iron (also known as ductile cast iron), and parts thereof, of a kind used to:<br>– cover ground",552,CN,12849,"Lingchuan County Rainbow Casting Co., Ltd"
20048757,2028-01-31,7325991060,"Spheroidal graphite cast iron (also known as ductile cast iron), and parts thereof, of a kind used to:<br>– cover ground",552,CN,12850,"Lingshou County Boyuan Foundry Co., Ltd"
20048697,2028-01-31,7325991060,"Spheroidal graphite cast iron (also known as ductile cast iron), and parts thereof, of a kind used to:<br>– cover ground",552,CN,12851,"Pingyao County Master Casting Co., Ltd"
20048759,2028-01-31,7325991060,"Spheroidal graphite cast iron (also known as ductile cast iron), and parts thereof, of a kind used to:<br>– cover ground",552,CN,12852,"Qingdao Jiatailong Industrial Co., Ltd"
20048803,2028-01-31,7325991060,"Spheroidal graphite cast iron (also known as ductile cast iron), and parts thereof, of a kind used to:<br>– cover ground",552,CN,12853,"Qingdao Jinfengtaike Machinery Co., Ltd"
20048761,2028-01-31,7325991060,"Spheroidal graphite cast iron (also known as ductile cast iron), and parts thereof, of a kind used to:<br>– cover ground",552,CN,12854,"Qingdao Qitao Casting Co., Ltd"
20048711,2028-01-31,7325991060,"Spheroidal graphite cast iron (also known as ductile cast iron), and parts thereof, of a kind used to:<br>– cover ground",552,CN,12855,"Qingdao Shinshu Casting Co., Ltd"
20048763,2028-01-31,7325991060,"Spheroidal graphite cast iron (also known as ductile cast iron), and parts thereof, of a kind used to:<br>– cover ground",552,CN,12856,"Qingyuanxian Yueda Fountry Co., Ltd"
20048681,2028-01-31,7325991060,"Spheroidal graphite cast iron (also known as ductile cast iron), and parts thereof, of a kind used to:<br>– cover ground",552,CN,12857,"Rockhan Technology Co., Ltd"
20048765,2028-01-31,7325991060,"Spheroidal graphite cast iron (also known as ductile cast iron), and parts thereof, of a kind used to:<br>– cover ground",552,CN,12858,"Shahe City Fangyuan Casting Co., Ltd"
20048815,2028-01-31,7325991060,"Spheroidal graphite cast iron (also known as ductile cast iron), and parts thereof, of a kind used to:<br>– cover ground",552,CN,12859,"Shandong Hongma Engineering Machinery Co., Ltd"
20048683,2028-01-31,7325991060,"Spheroidal graphite cast iron (also known as ductile cast iron), and parts thereof, of a kind used to:<br>– cover ground",552,CN,12860,"Shandong Lulong Group Co., Ltd"
20048817,2028-01-31,7325991060,"Spheroidal graphite cast iron (also known as ductile cast iron), and parts thereof, of a kind used to:<br>– cover ground",552,CN,12861,"Shanxi Associated Industrial Co., Ltd"
20048821,2028-01-31,7325991060,"Spheroidal graphite cast iron (also known as ductile cast iron), and parts thereof, of a kind used to:<br>– cover ground",552,CN,12881,"Shanxi Jiaocheng Xinglong Casting Co., Ltd"
20048677,2028-01-31,7325991060,"Spheroidal graphite cast iron (also known as ductile cast iron), and parts thereof, of a kind used to:<br>– cover ground",552,CN,12862,"Shanxi Solid Industrial Co., Ltd"
20048769,2028-01-31,7325991060,"Spheroidal graphite cast iron (also known as ductile cast iron), and parts thereof, of a kind used to:<br>– cover ground",552,CN,12863,"Shanxi Yuansheng Casting and Forging Industrial Co., Ltd"
20048679,2028-01-31,7325991060,"Spheroidal graphite cast iron (also known as ductile cast iron), and parts thereof, of a kind used to:<br>– cover ground",552,CN,12864,Shaoshan Huanqiu Castings Foundry
20048811,2028-01-31,7325991060,"Spheroidal graphite cast iron (also known as ductile cast iron), and parts thereof, of a kind used to:<br>– cover ground",552,CN,12865,"Tang County Kaihua Metal Products Co., Ltd"
20048687,2028-01-31,7325991060,"Spheroidal graphite cast iron (also known as ductile cast iron), and parts thereof, of a kind used to:<br>– cover ground",552,CN,12866,"Tangxian Hongyue Machinery Accessory Foundry Co., Ltd"
20048771,2028-01-31,7325991060,"Spheroidal graphite cast iron (also known as ductile cast iron), and parts thereof, of a kind used to:<br>– cover ground",552,CN,12867,"Tianjin Jinghai Chaoyue Industrial and Commercial Co., Ltd"
20048685,2028-01-31,7325991060,"Spheroidal graphite cast iron (also known as ductile cast iron), and parts thereof, of a kind used to:<br>– cover ground",552,CN,12868,"Tianjin Yu Xing Da Casting Co., Ltd"
20048773,2028-01-31,7325991060,"Spheroidal graphite cast iron (also known as ductile cast iron), and parts thereof, of a kind used to:<br>– cover ground",552,CN,12869,"Wangdu Junrong Foundry Co., Limited"
20048813,2028-01-31,7325991060,"Spheroidal graphite cast iron (also known as ductile cast iron), and parts thereof, of a kind used to:<br>– cover ground",552,CN,12870,"Weifang Nuolong Machinery Co., Ltd"
20048819,2028-01-31,7325991060,"Spheroidal graphite cast iron (also known as ductile cast iron), and parts thereof, of a kind used to:<br>– cover ground",552,CN,12871,"Shandong Heshengda Machinery Technology Co., Ltd and Qingdao Everbright Machinery Co., Ltd"
20048775,2028-01-31,7325991060,"Spheroidal graphite cast iron (also known as ductile cast iron), and parts thereof, of a kind used to:<br>– cover ground",552,CN,12872,"Weifang Weikai Casting Co., Ltd"
20048777,2028-01-31,7325991060,"Spheroidal graphite cast iron (also known as ductile cast iron), and parts thereof, of a kind used to:<br>– cover ground",552,CN,12873,Wen Shui Hengli Nature of the Company
20048779,2028-01-31,7325991060,"Spheroidal graphite cast iron (also known as ductile cast iron), and parts thereof, of a kind used to:<br>– cover ground",552,CN,12874,Wuhan RedStar Agro-Livestock Machinery Co. Ltd
20048827,2028-01-31,7325991060,"Spheroidal graphite cast iron (also known as ductile cast iron), and parts thereof, of a kind used to:<br>– cover ground",552,CN,12875,"Zibo Joy’s Metal Co., Ltd"
20048767,2028-01-31,7325991060,"Spheroidal graphite cast iron (also known as ductile cast iron), and parts thereof, of a kind used to:<br>– cover ground",552,CN,12885,"Shanxi Ascent Industrial Co., Ltd."
20042481,2028-01-31,7325991060,"Spheroidal graphite cast iron (also known as ductile cast iron), and parts thereof, of a kind used to:<br>– cover ground",552,CN,12524,All Other Overseas Exporters (Residual Rate)
20247481,2028-09-07,7323930010,"Ironing boards, including sleeve boards, whether or not free standing, and legs, tops and iron rests thereof",554,TR,14036,Milenyum Metal Diş Ticaret Ve Sanayi A.Ş.<br><br>3M Plastik Ve Metal Diş Ticaret Ve Sanayi A.Ş.
20247480,2028-09-07,7323930010,"Ironing boards, including sleeve boards, whether or not free standing, and legs, tops and iron rests thereof",554,TR,14037,All other overseas exporters (residual rate)
20247483,2028-09-07,7323990010,"Ironing boards, including sleeve boards, whether or not free standing, and legs, tops and iron rests thereof",554,TR,14036,Milenyum Metal Diş Ticaret Ve Sanayi A.Ş.<br><br>3M Plastik Ve Metal Diş Ticaret Ve Sanayi A.Ş.
20247482,2028-09-07,7323990010,"Ironing boards, including sleeve boards, whether or not free standing, and legs, tops and iron rests thereof",554,TR,14037,All other overseas exporters (residual rate)
20247485,2028-09-07,8516797010,"Ironing boards, including sleeve boards, whether or not free standing, with a steam soaking and/or heating top and/or bl",554,TR,14036,Milenyum Metal Diş Ticaret Ve Sanayi A.Ş.<br><br>3M Plastik Ve Metal Diş Ticaret Ve Sanayi A.Ş.
20247484,2028-09-07,8516797010,"Ironing boards, including sleeve boards, whether or not free standing, with a steam soaking and/or heating top and/or bl",554,TR,14037,All other overseas exporters (residual rate)
20247487,2028-09-07,8516900051,"Legs, tops and iron rests of ironing boards, including of sleeve boards, whether or not free standing, with a steam soak",554,TR,14036,Milenyum Metal Diş Ticaret Ve Sanayi A.Ş.<br><br>3M Plastik Ve Metal Diş Ticaret Ve Sanayi A.Ş.
20247486,2028-09-07,8516900051,"Legs, tops and iron rests of ironing boards, including of sleeve boards, whether or not free standing, with a steam soak",554,TR,14037,All other overseas exporters (residual rate)
20265726,2028-10-22,4011209000,With a load index exceeding 121,552,CN,12960,"The Hankook Group (Chongqing Hankook Tire Co., Ltd And Jiangsu Hankook Tire Co., Ltd)"
20265727,2028-10-22,4011209000,With a load index exceeding 121,552,CN,12524,All Other Overseas Exporters (Residual Rate)
20265728,2028-10-22,4012120010,With a load index exceeding 121,552,CN,12960,"The Hankook Group (Chongqing Hankook Tire Co., Ltd And Jiangsu Hankook Tire Co., Ltd)"
20265729,2028-10-22,4012120010,With a load index exceeding 121,552,CN,12524,All Other Overseas Exporters (Residual Rate)
20273495,2028-10-23,8544700010,"Single mode optical fibre cables, made up of one or more individually sheathed fibres, with protective casing, whether o",552,CN,14088,"Non sampled, cooperating exporters/producers: Suzhou Furukawa Power Optic Cable Co.,Ltd Shanghai Wanbao Optical Technolo"
20273494,2028-10-23,8544700010,"Single mode optical fibre cables, made up of one or more individually sheathed fibres, with protective casing, whether o",552,CN,14089,SDG Group: Shenzhen SDG Information Co. Ltd Shenzhen SDGI Optical Network Technologies Co. Ltd
20273496,2028-10-23,8544700010,"Single mode optical fibre cables, made up of one or more individually sheathed fibres, with protective casing, whether o",552,CN,14090,All other overseas exporters (residual amount)
20273498,2028-10-23,8544700010,"Single mode optical fibre cables, made up of one or more individually sheathed fibres, with protective casing, whether o",554,CN,14088,"Non sampled, cooperating exporters/producers: Suzhou Furukawa Power Optic Cable Co.,Ltd Shanghai Wanbao Optical Technolo"
20273497,2028-10-23,8544700010,"Single mode optical fibre cables, made up of one or more individually sheathed fibres, with protective casing, whether o",554,CN,14089,SDG Group: Shenzhen SDG Information Co. Ltd Shenzhen SDGI Optical Network Technologies Co. Ltd
20273499,2028-10-23,8544700010,"Single mode optical fibre cables, made up of one or more individually sheathed fibres, with protective casing, whether o",554,CN,14090,All other overseas exporters (residual amount)
20265734,2028-11-12,4011209000,With a load index exceeding 121,554,CN,12960,"The Hankook Group (Chongqing Hankook Tire Co., Ltd And Jiangsu Hankook Tire Co., Ltd)"
20265735,2028-11-12,4011209000,With a load index exceeding 121,554,CN,12524,All Other Overseas Exporters (Residual Rate)
20265740,2028-11-12,4012120010,With a load index exceeding 121,554,CN,12960,"The Hankook Group (Chongqing Hankook Tire Co., Ltd And Jiangsu Hankook Tire Co., Ltd)"
20265741,2028-11-12,4012120010,With a load index exceeding 121,554,CN,12524,All Other Overseas Exporters (Residual Rate)
20048085,2029-05-04,7210708011,"Of non-alloy steel, painted, varnished or coated with plastics on at least one side, excluding products with a final coa",552,CN,11819,Union Steel China
20048157,2029-05-04,7210708011,"Of non-alloy steel, painted, varnished or coated with plastics on at least one side, excluding products with a final coa",552,CN,11820,"Zhangjiagang Panhua Steel Strip Co., Ltd.; Chongqing Wanda Steel Strip Co., Ltd.; Zhangjiagang Free Trade Zone Jiaxinda "
20048499,2029-05-04,7210708011,"Of non-alloy steel, painted, varnished or coated with plastics on at least one side, excluding products with a final coa",552,CN,11770,Zhejiang Huadong Light Steel Building Material Co. Ltd; Hangzhou P.R.P.T. Metal Material Company Ltd
20048148,2029-05-04,7210708011,"Of non-alloy steel, painted, varnished or coated with plastics on at least one side, excluding products with a final coa",552,CN,11771,Angang Steel Company Limited
20048094,2029-05-04,7210708011,"Of non-alloy steel, painted, varnished or coated with plastics on at least one side, excluding products with a final coa",552,CN,11772,Anyang Iron Steel Co. Ltd
20048103,2029-05-04,7210708011,"Of non-alloy steel, painted, varnished or coated with plastics on at least one side, excluding products with a final coa",552,CN,11773,Baoshan Iron &amp; Steel Co. Ltd
20048166,2029-05-04,7210708011,"Of non-alloy steel, painted, varnished or coated with plastics on at least one side, excluding products with a final coa",552,CN,11774,Baoutou City Jialong Metal Works Co. Ltd.
20048175,2029-05-04,7210708011,"Of non-alloy steel, painted, varnished or coated with plastics on at least one side, excluding products with a final coa",552,CN,11775,Changshu Everbright Material Technology Co.Ltd.
20048184,2029-05-04,7210708011,"Of non-alloy steel, painted, varnished or coated with plastics on at least one side, excluding products with a final coa",552,CN,11776,Changzhou Changsong Metal Composite Material Co.Ltd.
20048112,2029-05-04,7210708011,"Of non-alloy steel, painted, varnished or coated with plastics on at least one side, excluding products with a final coa",552,CN,11777,Cibao Modern Steel Sheet Jiangsu Co Ltd.
20048193,2029-05-04,7210708011,"Of non-alloy steel, painted, varnished or coated with plastics on at least one side, excluding products with a final coa",552,CN,11778,Inner Mongolia Baotou Steel Union Co.Ltd.
20048121,2029-05-04,7210708011,"Of non-alloy steel, painted, varnished or coated with plastics on at least one side, excluding products with a final coa",552,CN,11779,Jiangyin Ninesky Technology Co.Ltd.
20048130,2029-05-04,7210708011,"Of non-alloy steel, painted, varnished or coated with plastics on at least one side, excluding products with a final coa",552,CN,11780,Jiangyin Zhongjiang Prepainted Steel Mfg Co.Ltd.
20048202,2029-05-04,7210708011,"Of non-alloy steel, painted, varnished or coated with plastics on at least one side, excluding products with a final coa",552,CN,11781,"Jigang Group Co., Ltd."
20048211,2029-05-04,7210708011,"Of non-alloy steel, painted, varnished or coated with plastics on at least one side, excluding products with a final coa",552,CN,11782,Maanshan Iron&amp;Steel Company Limited
20048220,2029-05-04,7210708011,"Of non-alloy steel, painted, varnished or coated with plastics on at least one side, excluding products with a final coa",552,CN,11783,Qingdao Hangang Color Coated Sheet Co. Ltd.
20048391,2029-05-04,7210708011,"Of non-alloy steel, painted, varnished or coated with plastics on at least one side, excluding products with a final coa",552,CN,11784,Shandong Guanzhou Co. Ltd.
20048229,2029-05-04,7210708011,"Of non-alloy steel, painted, varnished or coated with plastics on at least one side, excluding products with a final coa",552,CN,11785,Shenzen Sino Master Steel Sheet Co.Ltd.
20048238,2029-05-04,7210708011,"Of non-alloy steel, painted, varnished or coated with plastics on at least one side, excluding products with a final coa",552,CN,11786,Tangshan Iron And Steel Group Co.Ltd.
20048247,2029-05-04,7210708011,"Of non-alloy steel, painted, varnished or coated with plastics on at least one side, excluding products with a final coa",552,CN,11787,Tianjin Xinyu Color Plate Co.Ltd.
20048481,2029-05-04,7210708011,"Of non-alloy steel, painted, varnished or coated with plastics on at least one side, excluding products with a final coa",552,CN,11788,Wuhan Iron And Steel Company Limited
20048139,2029-05-04,7210708011,"Of non-alloy steel, painted, varnished or coated with plastics on at least one side, excluding products with a final coa",552,CN,11789,Wuxi Zhongcai New Materials Co.Ltd.
20048508,2029-05-04,7210708011,"Of non-alloy steel, painted, varnished or coated with plastics on at least one side, excluding products with a final coa",552,CN,11790,Xinyu Iron And Steel Co.Ltd.
20048490,2029-05-04,7210708011,"Of non-alloy steel, painted, varnished or coated with plastics on at least one side, excluding products with a final coa",552,CN,11791,Zhejiang Tiannu Color Steel Co. Ltd.
20042380,2029-05-04,7210708011,"Of non-alloy steel, painted, varnished or coated with plastics on at least one side, excluding products with a final coa",552,CN,11386,All other overseas exporters (residual amount)
20048256,2029-05-04,7210708011,"Of non-alloy steel, painted, varnished or coated with plastics on at least one side, excluding products with a final coa",554,CN,11819,Union Steel China
20048265,2029-05-04,7210708011,"Of non-alloy steel, painted, varnished or coated with plastics on at least one side, excluding products with a final coa",554,CN,11820,"Zhangjiagang Panhua Steel Strip Co., Ltd.; Chongqing Wanda Steel Strip Co., Ltd.; Zhangjiagang Free Trade Zone Jiaxinda "
20048274,2029-05-04,7210708011,"Of non-alloy steel, painted, varnished or coated with plastics on at least one side, excluding products with a final coa",554,CN,11770,Zhejiang Huadong Light Steel Building Material Co. Ltd; Hangzhou P.R.P.T. Metal Material Company Ltd
20048283,2029-05-04,7210708011,"Of non-alloy steel, painted, varnished or coated with plastics on at least one side, excluding products with a final coa",554,CN,11771,Angang Steel Company Limited
20048292,2029-05-04,7210708011,"Of non-alloy steel, painted, varnished or coated with plastics on at least one side, excluding products with a final coa",554,CN,11772,Anyang Iron Steel Co. Ltd
20048445,2029-05-04,7210708011,"Of non-alloy steel, painted, varnished or coated with plastics on at least one side, excluding products with a final coa",554,CN,11773,Baoshan Iron &amp; Steel Co. Ltd
20048463,2029-05-04,7210708011,"Of non-alloy steel, painted, varnished or coated with plastics on at least one side, excluding products with a final coa",554,CN,11774,Baoutou City Jialong Metal Works Co. Ltd.
20048472,2029-05-04,7210708011,"Of non-alloy steel, painted, varnished or coated with plastics on at least one side, excluding products with a final coa",554,CN,11775,Changshu Everbright Material Technology Co.Ltd.
20048301,2029-05-04,7210708011,"Of non-alloy steel, painted, varnished or coated with plastics on at least one side, excluding products with a final coa",554,CN,11776,Changzhou Changsong Metal Composite Material Co.Ltd.
20048454,2029-05-04,7210708011,"Of non-alloy steel, painted, varnished or coated with plastics on at least one side, excluding products with a final coa",554,CN,11777,Cibao Modern Steel Sheet Jiangsu Co Ltd.
20048310,2029-05-04,7210708011,"Of non-alloy steel, painted, varnished or coated with plastics on at least one side, excluding products with a final coa",554,CN,11778,Inner Mongolia Baotou Steel Union Co.Ltd.
20048418,2029-05-04,7210708011,"Of non-alloy steel, painted, varnished or coated with plastics on at least one side, excluding products with a final coa",554,CN,11779,Jiangyin Ninesky Technology Co.Ltd.
20048319,2029-05-04,7210708011,"Of non-alloy steel, painted, varnished or coated with plastics on at least one side, excluding products with a final coa",554,CN,11780,Jiangyin Zhongjiang Prepainted Steel Mfg Co.Ltd.
20048427,2029-05-04,7210708011,"Of non-alloy steel, painted, varnished or coated with plastics on at least one side, excluding products with a final coa",554,CN,11781,"Jigang Group Co., Ltd."
20048328,2029-05-04,7210708011,"Of non-alloy steel, painted, varnished or coated with plastics on at least one side, excluding products with a final coa",554,CN,11782,Maanshan Iron&amp;Steel Company Limited
20048436,2029-05-04,7210708011,"Of non-alloy steel, painted, varnished or coated with plastics on at least one side, excluding products with a final coa",554,CN,11783,Qingdao Hangang Color Coated Sheet Co. Ltd.
20048337,2029-05-04,7210708011,"Of non-alloy steel, painted, varnished or coated with plastics on at least one side, excluding products with a final coa",554,CN,11784,Shandong Guanzhou Co. Ltd.
20048346,2029-05-04,7210708011,"Of non-alloy steel, painted, varnished or coated with plastics on at least one side, excluding products with a final coa",554,CN,11785,Shenzen Sino Master Steel Sheet Co.Ltd.
20048355,2029-05-04,7210708011,"Of non-alloy steel, painted, varnished or coated with plastics on at least one side, excluding products with a final coa",554,CN,11786,Tangshan Iron And Steel Group Co.Ltd.
20048400,2029-05-04,7210708011,"Of non-alloy steel, painted, varnished or coated with plastics on at least one side, excluding products with a final coa",554,CN,11787,Tianjin Xinyu Color Plate Co.Ltd.
20048364,2029-05-04,7210708011,"Of non-alloy steel, painted, varnished or coated with plastics on at least one side, excluding products with a final coa",554,CN,11788,Wuhan Iron And Steel Company Limited
20048373,2029-05-04,7210708011,"Of non-alloy steel, painted, varnished or coated with plastics on at least one side, excluding products with a final coa",554,CN,11789,Wuxi Zhongcai New Materials Co.Ltd.
20048382,2029-05-04,7210708011,"Of non-alloy steel, painted, varnished or coated with plastics on at least one side, excluding products with a final coa",554,CN,11790,Xinyu Iron And Steel Co.Ltd.
20048409,2029-05-04,7210708011,"Of non-alloy steel, painted, varnished or coated with plastics on at least one side, excluding products with a final coa",554,CN,11791,Zhejiang Tiannu Color Steel Co. Ltd.
20042869,2029-05-04,7210708011,"Of non-alloy steel, painted, varnished or coated with plastics on at least one side, excluding products with a final coa",554,CN,11386,All other overseas exporters (residual amount)
20048086,2029-05-04,7210708091,"Of non-alloy steel, painted, varnished or coated with plastics on at least one side, excluding so-called 'sandwich panel",552,CN,11819,Union Steel China
20048158,2029-05-04,7210708091,"Of non-alloy steel, painted, varnished or coated with plastics on at least one side, excluding so-called 'sandwich panel",552,CN,11820,"Zhangjiagang Panhua Steel Strip Co., Ltd.; Chongqing Wanda Steel Strip Co., Ltd.; Zhangjiagang Free Trade Zone Jiaxinda "
20048500,2029-05-04,7210708091,"Of non-alloy steel, painted, varnished or coated with plastics on at least one side, excluding so-called 'sandwich panel",552,CN,11770,Zhejiang Huadong Light Steel Building Material Co. Ltd; Hangzhou P.R.P.T. Metal Material Company Ltd
20048149,2029-05-04,7210708091,"Of non-alloy steel, painted, varnished or coated with plastics on at least one side, excluding so-called 'sandwich panel",552,CN,11771,Angang Steel Company Limited
20048095,2029-05-04,7210708091,"Of non-alloy steel, painted, varnished or coated with plastics on at least one side, excluding so-called 'sandwich panel",552,CN,11772,Anyang Iron Steel Co. Ltd
20048104,2029-05-04,7210708091,"Of non-alloy steel, painted, varnished or coated with plastics on at least one side, excluding so-called 'sandwich panel",552,CN,11773,Baoshan Iron &amp; Steel Co. Ltd
20048167,2029-05-04,7210708091,"Of non-alloy steel, painted, varnished or coated with plastics on at least one side, excluding so-called 'sandwich panel",552,CN,11774,Baoutou City Jialong Metal Works Co. Ltd.
20048176,2029-05-04,7210708091,"Of non-alloy steel, painted, varnished or coated with plastics on at least one side, excluding so-called 'sandwich panel",552,CN,11775,Changshu Everbright Material Technology Co.Ltd.
20048185,2029-05-04,7210708091,"Of non-alloy steel, painted, varnished or coated with plastics on at least one side, excluding so-called 'sandwich panel",552,CN,11776,Changzhou Changsong Metal Composite Material Co.Ltd.
20048113,2029-05-04,7210708091,"Of non-alloy steel, painted, varnished or coated with plastics on at least one side, excluding so-called 'sandwich panel",552,CN,11777,Cibao Modern Steel Sheet Jiangsu Co Ltd.
20048194,2029-05-04,7210708091,"Of non-alloy steel, painted, varnished or coated with plastics on at least one side, excluding so-called 'sandwich panel",552,CN,11778,Inner Mongolia Baotou Steel Union Co.Ltd.
20048122,2029-05-04,7210708091,"Of non-alloy steel, painted, varnished or coated with plastics on at least one side, excluding so-called 'sandwich panel",552,CN,11779,Jiangyin Ninesky Technology Co.Ltd.
20048131,2029-05-04,7210708091,"Of non-alloy steel, painted, varnished or coated with plastics on at least one side, excluding so-called 'sandwich panel",552,CN,11780,Jiangyin Zhongjiang Prepainted Steel Mfg Co.Ltd.
20048203,2029-05-04,7210708091,"Of non-alloy steel, painted, varnished or coated with plastics on at least one side, excluding so-called 'sandwich panel",552,CN,11781,"Jigang Group Co., Ltd."
20048212,2029-05-04,7210708091,"Of non-alloy steel, painted, varnished or coated with plastics on at least one side, excluding so-called 'sandwich panel",552,CN,11782,Maanshan Iron&amp;Steel Company Limited
20048221,2029-05-04,7210708091,"Of non-alloy steel, painted, varnished or coated with plastics on at least one side, excluding so-called 'sandwich panel",552,CN,11783,Qingdao Hangang Color Coated Sheet Co. Ltd.
20048392,2029-05-04,7210708091,"Of non-alloy steel, painted, varnished or coated with plastics on at least one side, excluding so-called 'sandwich panel",552,CN,11784,Shandong Guanzhou Co. Ltd.
20048230,2029-05-04,7210708091,"Of non-alloy steel, painted, varnished or coated with plastics on at least one side, excluding so-called 'sandwich panel",552,CN,11785,Shenzen Sino Master Steel Sheet Co.Ltd.
20048239,2029-05-04,7210708091,"Of non-alloy steel, painted, varnished or coated with plastics on at least one side, excluding so-called 'sandwich panel",552,CN,11786,Tangshan Iron And Steel Group Co.Ltd.
20048248,2029-05-04,7210708091,"Of non-alloy steel, painted, varnished or coated with plastics on at least one side, excluding so-called 'sandwich panel",552,CN,11787,Tianjin Xinyu Color Plate Co.Ltd.
20048482,2029-05-04,7210708091,"Of non-alloy steel, painted, varnished or coated with plastics on at least one side, excluding so-called 'sandwich panel",552,CN,11788,Wuhan Iron And Steel Company Limited
20048140,2029-05-04,7210708091,"Of non-alloy steel, painted, varnished or coated with plastics on at least one side, excluding so-called 'sandwich panel",552,CN,11789,Wuxi Zhongcai New Materials Co.Ltd.
20048509,2029-05-04,7210708091,"Of non-alloy steel, painted, varnished or coated with plastics on at least one side, excluding so-called 'sandwich panel",552,CN,11790,Xinyu Iron And Steel Co.Ltd.
20048491,2029-05-04,7210708091,"Of non-alloy steel, painted, varnished or coated with plastics on at least one side, excluding so-called 'sandwich panel",552,CN,11791,Zhejiang Tiannu Color Steel Co. Ltd.
20042381,2029-05-04,7210708091,"Of non-alloy steel, painted, varnished or coated with plastics on at least one side, excluding so-called 'sandwich panel",552,CN,11386,All other overseas exporters (residual amount)
20048257,2029-05-04,7210708091,"Of non-alloy steel, painted, varnished or coated with plastics on at least one side, excluding so-called 'sandwich panel",554,CN,11819,Union Steel China
20048266,2029-05-04,7210708091,"Of non-alloy steel, painted, varnished or coated with plastics on at least one side, excluding so-called 'sandwich panel",554,CN,11820,"Zhangjiagang Panhua Steel Strip Co., Ltd.; Chongqing Wanda Steel Strip Co., Ltd.; Zhangjiagang Free Trade Zone Jiaxinda "
20048275,2029-05-04,7210708091,"Of non-alloy steel, painted, varnished or coated with plastics on at least one side, excluding so-called 'sandwich panel",554,CN,11770,Zhejiang Huadong Light Steel Building Material Co. Ltd; Hangzhou P.R.P.T. Metal Material Company Ltd
20048284,2029-05-04,7210708091,"Of non-alloy steel, painted, varnished or coated with plastics on at least one side, excluding so-called 'sandwich panel",554,CN,11771,Angang Steel Company Limited
20048293,2029-05-04,7210708091,"Of non-alloy steel, painted, varnished or coated with plastics on at least one side, excluding so-called 'sandwich panel",554,CN,11772,Anyang Iron Steel Co. Ltd
20048446,2029-05-04,7210708091,"Of non-alloy steel, painted, varnished or coated with plastics on at least one side, excluding so-called 'sandwich panel",554,CN,11773,Baoshan Iron &amp; Steel Co. Ltd
20048464,2029-05-04,7210708091,"Of non-alloy steel, painted, varnished or coated with plastics on at least one side, excluding so-called 'sandwich panel",554,CN,11774,Baoutou City Jialong Metal Works Co. Ltd.
20048473,2029-05-04,7210708091,"Of non-alloy steel, painted, varnished or coated with plastics on at least one side, excluding so-called 'sandwich panel",554,CN,11775,Changshu Everbright Material Technology Co.Ltd.
20048302,2029-05-04,7210708091,"Of non-alloy steel, painted, varnished or coated with plastics on at least one side, excluding so-called 'sandwich panel",554,CN,11776,Changzhou Changsong Metal Composite Material Co.Ltd.
20048455,2029-05-04,7210708091,"Of non-alloy steel, painted, varnished or coated with plastics on at least one side, excluding so-called 'sandwich panel",554,CN,11777,Cibao Modern Steel Sheet Jiangsu Co Ltd.
20048311,2029-05-04,7210708091,"Of non-alloy steel, painted, varnished or coated with plastics on at least one side, excluding so-called 'sandwich panel",554,CN,11778,Inner Mongolia Baotou Steel Union Co.Ltd.
20048419,2029-05-04,7210708091,"Of non-alloy steel, painted, varnished or coated with plastics on at least one side, excluding so-called 'sandwich panel",554,CN,11779,Jiangyin Ninesky Technology Co.Ltd.
20048320,2029-05-04,7210708091,"Of non-alloy steel, painted, varnished or coated with plastics on at least one side, excluding so-called 'sandwich panel",554,CN,11780,Jiangyin Zhongjiang Prepainted Steel Mfg Co.Ltd.
20048428,2029-05-04,7210708091,"Of non-alloy steel, painted, varnished or coated with plastics on at least one side, excluding so-called 'sandwich panel",554,CN,11781,"Jigang Group Co., Ltd."
20048329,2029-05-04,7210708091,"Of non-alloy steel, painted, varnished or coated with plastics on at least one side, excluding so-called 'sandwich panel",554,CN,11782,Maanshan Iron&amp;Steel Company Limited
20048437,2029-05-04,7210708091,"Of non-alloy steel, painted, varnished or coated with plastics on at least one side, excluding so-called 'sandwich panel",554,CN,11783,Qingdao Hangang Color Coated Sheet Co. Ltd.
20048338,2029-05-04,7210708091,"Of non-alloy steel, painted, varnished or coated with plastics on at least one side, excluding so-called 'sandwich panel",554,CN,11784,Shandong Guanzhou Co. Ltd.
20048347,2029-05-04,7210708091,"Of non-alloy steel, painted, varnished or coated with plastics on at least one side, excluding so-called 'sandwich panel",554,CN,11785,Shenzen Sino Master Steel Sheet Co.Ltd.
20048356,2029-05-04,7210708091,"Of non-alloy steel, painted, varnished or coated with plastics on at least one side, excluding so-called 'sandwich panel",554,CN,11786,Tangshan Iron And Steel Group Co.Ltd.
20048401,2029-05-04,7210708091,"Of non-alloy steel, painted, varnished or coated with plastics on at least one side, excluding so-called 'sandwich panel",554,CN,11787,Tianjin Xinyu Color Plate Co.Ltd.
20048365,2029-05-04,7210708091,"Of non-alloy steel, painted, varnished or coated with plastics on at least one side, excluding so-called 'sandwich panel",554,CN,11788,Wuhan Iron And Steel Company Limited
20048374,2029-05-04,7210708091,"Of non-alloy steel, painted, varnished or coated with plastics on at least one side, excluding so-called 'sandwich panel",554,CN,11789,Wuxi Zhongcai New Materials Co.Ltd.
20048383,2029-05-04,7210708091,"Of non-alloy steel, painted, varnished or coated with plastics on at least one side, excluding so-called 'sandwich panel",554,CN,11790,Xinyu Iron And Steel Co.Ltd.
20048410,2029-05-04,7210708091,"Of non-alloy steel, painted, varnished or coated with plastics on at least one side, excluding so-called 'sandwich panel",554,CN,11791,Zhejiang Tiannu Color Steel Co. Ltd.
20042870,2029-05-04,7210708091,"Of non-alloy steel, painted, varnished or coated with plastics on at least one side, excluding so-called 'sandwich panel",554,CN,11386,All other overseas exporters (residual amount)
20048087,2029-05-04,7212408001,"Of non-alloy steel, painted, varnished or coated with plastics on at least one side, excluding products with a final coa",552,CN,11819,Union Steel China
20048159,2029-05-04,7212408001,"Of non-alloy steel, painted, varnished or coated with plastics on at least one side, excluding products with a final coa",552,CN,11820,"Zhangjiagang Panhua Steel Strip Co., Ltd.; Chongqing Wanda Steel Strip Co., Ltd.; Zhangjiagang Free Trade Zone Jiaxinda "
20048501,2029-05-04,7212408001,"Of non-alloy steel, painted, varnished or coated with plastics on at least one side, excluding products with a final coa",552,CN,11770,Zhejiang Huadong Light Steel Building Material Co. Ltd; Hangzhou P.R.P.T. Metal Material Company Ltd
20048150,2029-05-04,7212408001,"Of non-alloy steel, painted, varnished or coated with plastics on at least one side, excluding products with a final coa",552,CN,11771,Angang Steel Company Limited
20048096,2029-05-04,7212408001,"Of non-alloy steel, painted, varnished or coated with plastics on at least one side, excluding products with a final coa",552,CN,11772,Anyang Iron Steel Co. Ltd
20048105,2029-05-04,7212408001,"Of non-alloy steel, painted, varnished or coated with plastics on at least one side, excluding products with a final coa",552,CN,11773,Baoshan Iron &amp; Steel Co. Ltd
20048168,2029-05-04,7212408001,"Of non-alloy steel, painted, varnished or coated with plastics on at least one side, excluding products with a final coa",552,CN,11774,Baoutou City Jialong Metal Works Co. Ltd.
20048177,2029-05-04,7212408001,"Of non-alloy steel, painted, varnished or coated with plastics on at least one side, excluding products with a final coa",552,CN,11775,Changshu Everbright Material Technology Co.Ltd.
20048186,2029-05-04,7212408001,"Of non-alloy steel, painted, varnished or coated with plastics on at least one side, excluding products with a final coa",552,CN,11776,Changzhou Changsong Metal Composite Material Co.Ltd.
20048114,2029-05-04,7212408001,"Of non-alloy steel, painted, varnished or coated with plastics on at least one side, excluding products with a final coa",552,CN,11777,Cibao Modern Steel Sheet Jiangsu Co Ltd.
20048195,2029-05-04,7212408001,"Of non-alloy steel, painted, varnished or coated with plastics on at least one side, excluding products with a final coa",552,CN,11778,Inner Mongolia Baotou Steel Union Co.Ltd.
20048123,2029-05-04,7212408001,"Of non-alloy steel, painted, varnished or coated with plastics on at least one side, excluding products with a final coa",552,CN,11779,Jiangyin Ninesky Technology Co.Ltd.
20048132,2029-05-04,7212408001,"Of non-alloy steel, painted, varnished or coated with plastics on at least one side, excluding products with a final coa",552,CN,11780,Jiangyin Zhongjiang Prepainted Steel Mfg Co.Ltd.
20048204,2029-05-04,7212408001,"Of non-alloy steel, painted, varnished or coated with plastics on at least one side, excluding products with a final coa",552,CN,11781,"Jigang Group Co., Ltd."
20048213,2029-05-04,7212408001,"Of non-alloy steel, painted, varnished or coated with plastics on at least one side, excluding products with a final coa",552,CN,11782,Maanshan Iron&amp;Steel Company Limited
20048222,2029-05-04,7212408001,"Of non-alloy steel, painted, varnished or coated with plastics on at least one side, excluding products with a final coa",552,CN,11783,Qingdao Hangang Color Coated Sheet Co. Ltd.
20048393,2029-05-04,7212408001,"Of non-alloy steel, painted, varnished or coated with plastics on at least one side, excluding products with a final coa",552,CN,11784,Shandong Guanzhou Co. Ltd.
20048231,2029-05-04,7212408001,"Of non-alloy steel, painted, varnished or coated with plastics on at least one side, excluding products with a final coa",552,CN,11785,Shenzen Sino Master Steel Sheet Co.Ltd.
20048240,2029-05-04,7212408001,"Of non-alloy steel, painted, varnished or coated with plastics on at least one side, excluding products with a final coa",552,CN,11786,Tangshan Iron And Steel Group Co.Ltd.
20048249,2029-05-04,7212408001,"Of non-alloy steel, painted, varnished or coated with plastics on at least one side, excluding products with a final coa",552,CN,11787,Tianjin Xinyu Color Plate Co.Ltd.
20048483,2029-05-04,7212408001,"Of non-alloy steel, painted, varnished or coated with plastics on at least one side, excluding products with a final coa",552,CN,11788,Wuhan Iron And Steel Company Limited
20048141,2029-05-04,7212408001,"Of non-alloy steel, painted, varnished or coated with plastics on at least one side, excluding products with a final coa",552,CN,11789,Wuxi Zhongcai New Materials Co.Ltd.
20048510,2029-05-04,7212408001,"Of non-alloy steel, painted, varnished or coated with plastics on at least one side, excluding products with a final coa",552,CN,11790,Xinyu Iron And Steel Co.Ltd.
20048492,2029-05-04,7212408001,"Of non-alloy steel, painted, varnished or coated with plastics on at least one side, excluding products with a final coa",552,CN,11791,Zhejiang Tiannu Color Steel Co. Ltd.
20042382,2029-05-04,7212408001,"Of non-alloy steel, painted, varnished or coated with plastics on at least one side, excluding products with a final coa",552,CN,11386,All other overseas exporters (residual amount)
20048258,2029-05-04,7212408001,"Of non-alloy steel, painted, varnished or coated with plastics on at least one side, excluding products with a final coa",554,CN,11819,Union Steel China
20048267,2029-05-04,7212408001,"Of non-alloy steel, painted, varnished or coated with plastics on at least one side, excluding products with a final coa",554,CN,11820,"Zhangjiagang Panhua Steel Strip Co., Ltd.; Chongqing Wanda Steel Strip Co., Ltd.; Zhangjiagang Free Trade Zone Jiaxinda "
20048276,2029-05-04,7212408001,"Of non-alloy steel, painted, varnished or coated with plastics on at least one side, excluding products with a final coa",554,CN,11770,Zhejiang Huadong Light Steel Building Material Co. Ltd; Hangzhou P.R.P.T. Metal Material Company Ltd
20048285,2029-05-04,7212408001,"Of non-alloy steel, painted, varnished or coated with plastics on at least one side, excluding products with a final coa",554,CN,11771,Angang Steel Company Limited
20048294,2029-05-04,7212408001,"Of non-alloy steel, painted, varnished or coated with plastics on at least one side, excluding products with a final coa",554,CN,11772,Anyang Iron Steel Co. Ltd
20048447,2029-05-04,7212408001,"Of non-alloy steel, painted, varnished or coated with plastics on at least one side, excluding products with a final coa",554,CN,11773,Baoshan Iron &amp; Steel Co. Ltd
20048465,2029-05-04,7212408001,"Of non-alloy steel, painted, varnished or coated with plastics on at least one side, excluding products with a final coa",554,CN,11774,Baoutou City Jialong Metal Works Co. Ltd.
20048474,2029-05-04,7212408001,"Of non-alloy steel, painted, varnished or coated with plastics on at least one side, excluding products with a final coa",554,CN,11775,Changshu Everbright Material Technology Co.Ltd.
20048303,2029-05-04,7212408001,"Of non-alloy steel, painted, varnished or coated with plastics on at least one side, excluding products with a final coa",554,CN,11776,Changzhou Changsong Metal Composite Material Co.Ltd.
20048456,2029-05-04,7212408001,"Of non-alloy steel, painted, varnished or coated with plastics on at least one side, excluding products with a final coa",554,CN,11777,Cibao Modern Steel Sheet Jiangsu Co Ltd.
20048312,2029-05-04,7212408001,"Of non-alloy steel, painted, varnished or coated with plastics on at least one side, excluding products with a final coa",554,CN,11778,Inner Mongolia Baotou Steel Union Co.Ltd.
20048420,2029-05-04,7212408001,"Of non-alloy steel, painted, varnished or coated with plastics on at least one side, excluding products with a final coa",554,CN,11779,Jiangyin Ninesky Technology Co.Ltd.
20048321,2029-05-04,7212408001,"Of non-alloy steel, painted, varnished or coated with plastics on at least one side, excluding products with a final coa",554,CN,11780,Jiangyin Zhongjiang Prepainted Steel Mfg Co.Ltd.
20048429,2029-05-04,7212408001,"Of non-alloy steel, painted, varnished or coated with plastics on at least one side, excluding products with a final coa",554,CN,11781,"Jigang Group Co., Ltd."
20048330,2029-05-04,7212408001,"Of non-alloy steel, painted, varnished or coated with plastics on at least one side, excluding products with a final coa",554,CN,11782,Maanshan Iron&amp;Steel Company Limited
20048438,2029-05-04,7212408001,"Of non-alloy steel, painted, varnished or coated with plastics on at least one side, excluding products with a final coa",554,CN,11783,Qingdao Hangang Color Coated Sheet Co. Ltd.
20048339,2029-05-04,7212408001,"Of non-alloy steel, painted, varnished or coated with plastics on at least one side, excluding products with a final coa",554,CN,11784,Shandong Guanzhou Co. Ltd.
20048348,2029-05-04,7212408001,"Of non-alloy steel, painted, varnished or coated with plastics on at least one side, excluding products with a final coa",554,CN,11785,Shenzen Sino Master Steel Sheet Co.Ltd.
20048357,2029-05-04,7212408001,"Of non-alloy steel, painted, varnished or coated with plastics on at least one side, excluding products with a final coa",554,CN,11786,Tangshan Iron And Steel Group Co.Ltd.
20048402,2029-05-04,7212408001,"Of non-alloy steel, painted, varnished or coated with plastics on at least one side, excluding products with a final coa",554,CN,11787,Tianjin Xinyu Color Plate Co.Ltd.
20048366,2029-05-04,7212408001,"Of non-alloy steel, painted, varnished or coated with plastics on at least one side, excluding products with a final coa",554,CN,11788,Wuhan Iron And Steel Company Limited
20048375,2029-05-04,7212408001,"Of non-alloy steel, painted, varnished or coated with plastics on at least one side, excluding products with a final coa",554,CN,11789,Wuxi Zhongcai New Materials Co.Ltd.
20048384,2029-05-04,7212408001,"Of non-alloy steel, painted, varnished or coated with plastics on at least one side, excluding products with a final coa",554,CN,11790,Xinyu Iron And Steel Co.Ltd.
20048411,2029-05-04,7212408001,"Of non-alloy steel, painted, varnished or coated with plastics on at least one side, excluding products with a final coa",554,CN,11791,Zhejiang Tiannu Color Steel Co. Ltd.
20042871,2029-05-04,7212408001,"Of non-alloy steel, painted, varnished or coated with plastics on at least one side, excluding products with a final coa",554,CN,11386,All other overseas exporters (residual amount)
20048088,2029-05-04,7212408021,"Of non-alloy steel, painted, varnished or coated with plastics on at least one side, excluding so-called 'sandwich panel",552,CN,11819,Union Steel China
20048160,2029-05-04,7212408021,"Of non-alloy steel, painted, varnished or coated with plastics on at least one side, excluding so-called 'sandwich panel",552,CN,11820,"Zhangjiagang Panhua Steel Strip Co., Ltd.; Chongqing Wanda Steel Strip Co., Ltd.; Zhangjiagang Free Trade Zone Jiaxinda "
20048502,2029-05-04,7212408021,"Of non-alloy steel, painted, varnished or coated with plastics on at least one side, excluding so-called 'sandwich panel",552,CN,11770,Zhejiang Huadong Light Steel Building Material Co. Ltd; Hangzhou P.R.P.T. Metal Material Company Ltd
20048151,2029-05-04,7212408021,"Of non-alloy steel, painted, varnished or coated with plastics on at least one side, excluding so-called 'sandwich panel",552,CN,11771,Angang Steel Company Limited
20048097,2029-05-04,7212408021,"Of non-alloy steel, painted, varnished or coated with plastics on at least one side, excluding so-called 'sandwich panel",552,CN,11772,Anyang Iron Steel Co. Ltd
20048106,2029-05-04,7212408021,"Of non-alloy steel, painted, varnished or coated with plastics on at least one side, excluding so-called 'sandwich panel",552,CN,11773,Baoshan Iron &amp; Steel Co. Ltd
20048169,2029-05-04,7212408021,"Of non-alloy steel, painted, varnished or coated with plastics on at least one side, excluding so-called 'sandwich panel",552,CN,11774,Baoutou City Jialong Metal Works Co. Ltd.
20048178,2029-05-04,7212408021,"Of non-alloy steel, painted, varnished or coated with plastics on at least one side, excluding so-called 'sandwich panel",552,CN,11775,Changshu Everbright Material Technology Co.Ltd.
20048187,2029-05-04,7212408021,"Of non-alloy steel, painted, varnished or coated with plastics on at least one side, excluding so-called 'sandwich panel",552,CN,11776,Changzhou Changsong Metal Composite Material Co.Ltd.
20048115,2029-05-04,7212408021,"Of non-alloy steel, painted, varnished or coated with plastics on at least one side, excluding so-called 'sandwich panel",552,CN,11777,Cibao Modern Steel Sheet Jiangsu Co Ltd.
20048196,2029-05-04,7212408021,"Of non-alloy steel, painted, varnished or coated with plastics on at least one side, excluding so-called 'sandwich panel",552,CN,11778,Inner Mongolia Baotou Steel Union Co.Ltd.
20048124,2029-05-04,7212408021,"Of non-alloy steel, painted, varnished or coated with plastics on at least one side, excluding so-called 'sandwich panel",552,CN,11779,Jiangyin Ninesky Technology Co.Ltd.
20048133,2029-05-04,7212408021,"Of non-alloy steel, painted, varnished or coated with plastics on at least one side, excluding so-called 'sandwich panel",552,CN,11780,Jiangyin Zhongjiang Prepainted Steel Mfg Co.Ltd.
20048205,2029-05-04,7212408021,"Of non-alloy steel, painted, varnished or coated with plastics on at least one side, excluding so-called 'sandwich panel",552,CN,11781,"Jigang Group Co., Ltd."
20048214,2029-05-04,7212408021,"Of non-alloy steel, painted, varnished or coated with plastics on at least one side, excluding so-called 'sandwich panel",552,CN,11782,Maanshan Iron&amp;Steel Company Limited
20048223,2029-05-04,7212408021,"Of non-alloy steel, painted, varnished or coated with plastics on at least one side, excluding so-called 'sandwich panel",552,CN,11783,Qingdao Hangang Color Coated Sheet Co. Ltd.
20048394,2029-05-04,7212408021,"Of non-alloy steel, painted, varnished or coated with plastics on at least one side, excluding so-called 'sandwich panel",552,CN,11784,Shandong Guanzhou Co. Ltd.
20048232,2029-05-04,7212408021,"Of non-alloy steel, painted, varnished or coated with plastics on at least one side, excluding so-called 'sandwich panel",552,CN,11785,Shenzen Sino Master Steel Sheet Co.Ltd.
20048241,2029-05-04,7212408021,"Of non-alloy steel, painted, varnished or coated with plastics on at least one side, excluding so-called 'sandwich panel",552,CN,11786,Tangshan Iron And Steel Group Co.Ltd.
20048250,2029-05-04,7212408021,"Of non-alloy steel, painted, varnished or coated with plastics on at least one side, excluding so-called 'sandwich panel",552,CN,11787,Tianjin Xinyu Color Plate Co.Ltd.
20048484,2029-05-04,7212408021,"Of non-alloy steel, painted, varnished or coated with plastics on at least one side, excluding so-called 'sandwich panel",552,CN,11788,Wuhan Iron And Steel Company Limited
20048142,2029-05-04,7212408021,"Of non-alloy steel, painted, varnished or coated with plastics on at least one side, excluding so-called 'sandwich panel",552,CN,11789,Wuxi Zhongcai New Materials Co.Ltd.
20048511,2029-05-04,7212408021,"Of non-alloy steel, painted, varnished or coated with plastics on at least one side, excluding so-called 'sandwich panel",552,CN,11790,Xinyu Iron And Steel Co.Ltd.
20048493,2029-05-04,7212408021,"Of non-alloy steel, painted, varnished or coated with plastics on at least one side, excluding so-called 'sandwich panel",552,CN,11791,Zhejiang Tiannu Color Steel Co. Ltd.
20042383,2029-05-04,7212408021,"Of non-alloy steel, painted, varnished or coated with plastics on at least one side, excluding so-called 'sandwich panel",552,CN,11386,All other overseas exporters (residual amount)
20048259,2029-05-04,7212408021,"Of non-alloy steel, painted, varnished or coated with plastics on at least one side, excluding so-called 'sandwich panel",554,CN,11819,Union Steel China
20048268,2029-05-04,7212408021,"Of non-alloy steel, painted, varnished or coated with plastics on at least one side, excluding so-called 'sandwich panel",554,CN,11820,"Zhangjiagang Panhua Steel Strip Co., Ltd.; Chongqing Wanda Steel Strip Co., Ltd.; Zhangjiagang Free Trade Zone Jiaxinda "
20048277,2029-05-04,7212408021,"Of non-alloy steel, painted, varnished or coated with plastics on at least one side, excluding so-called 'sandwich panel",554,CN,11770,Zhejiang Huadong Light Steel Building Material Co. Ltd; Hangzhou P.R.P.T. Metal Material Company Ltd
20048286,2029-05-04,7212408021,"Of non-alloy steel, painted, varnished or coated with plastics on at least one side, excluding so-called 'sandwich panel",554,CN,11771,Angang Steel Company Limited
20048295,2029-05-04,7212408021,"Of non-alloy steel, painted, varnished or coated with plastics on at least one side, excluding so-called 'sandwich panel",554,CN,11772,Anyang Iron Steel Co. Ltd
20048448,2029-05-04,7212408021,"Of non-alloy steel, painted, varnished or coated with plastics on at least one side, excluding so-called 'sandwich panel",554,CN,11773,Baoshan Iron &amp; Steel Co. Ltd
20048466,2029-05-04,7212408021,"Of non-alloy steel, painted, varnished or coated with plastics on at least one side, excluding so-called 'sandwich panel",554,CN,11774,Baoutou City Jialong Metal Works Co. Ltd.
20048475,2029-05-04,7212408021,"Of non-alloy steel, painted, varnished or coated with plastics on at least one side, excluding so-called 'sandwich panel",554,CN,11775,Changshu Everbright Material Technology Co.Ltd.
20048304,2029-05-04,7212408021,"Of non-alloy steel, painted, varnished or coated with plastics on at least one side, excluding so-called 'sandwich panel",554,CN,11776,Changzhou Changsong Metal Composite Material Co.Ltd.
20048457,2029-05-04,7212408021,"Of non-alloy steel, painted, varnished or coated with plastics on at least one side, excluding so-called 'sandwich panel",554,CN,11777,Cibao Modern Steel Sheet Jiangsu Co Ltd.
20048313,2029-05-04,7212408021,"Of non-alloy steel, painted, varnished or coated with plastics on at least one side, excluding so-called 'sandwich panel",554,CN,11778,Inner Mongolia Baotou Steel Union Co.Ltd.
20048421,2029-05-04,7212408021,"Of non-alloy steel, painted, varnished or coated with plastics on at least one side, excluding so-called 'sandwich panel",554,CN,11779,Jiangyin Ninesky Technology Co.Ltd.
20048322,2029-05-04,7212408021,"Of non-alloy steel, painted, varnished or coated with plastics on at least one side, excluding so-called 'sandwich panel",554,CN,11780,Jiangyin Zhongjiang Prepainted Steel Mfg Co.Ltd.
20048430,2029-05-04,7212408021,"Of non-alloy steel, painted, varnished or coated with plastics on at least one side, excluding so-called 'sandwich panel",554,CN,11781,"Jigang Group Co., Ltd."
20048331,2029-05-04,7212408021,"Of non-alloy steel, painted, varnished or coated with plastics on at least one side, excluding so-called 'sandwich panel",554,CN,11782,Maanshan Iron&amp;Steel Company Limited
20048439,2029-05-04,7212408021,"Of non-alloy steel, painted, varnished or coated with plastics on at least one side, excluding so-called 'sandwich panel",554,CN,11783,Qingdao Hangang Color Coated Sheet Co. Ltd.
20048340,2029-05-04,7212408021,"Of non-alloy steel, painted, varnished or coated with plastics on at least one side, excluding so-called 'sandwich panel",554,CN,11784,Shandong Guanzhou Co. Ltd.
20048349,2029-05-04,7212408021,"Of non-alloy steel, painted, varnished or coated with plastics on at least one side, excluding so-called 'sandwich panel",554,CN,11785,Shenzen Sino Master Steel Sheet Co.Ltd.
20048358,2029-05-04,7212408021,"Of non-alloy steel, painted, varnished or coated with plastics on at least one side, excluding so-called 'sandwich panel",554,CN,11786,Tangshan Iron And Steel Group Co.Ltd.
20048403,2029-05-04,7212408021,"Of non-alloy steel, painted, varnished or coated with plastics on at least one side, excluding so-called 'sandwich panel",554,CN,11787,Tianjin Xinyu Color Plate Co.Ltd.
20048367,2029-05-04,7212408021,"Of non-alloy steel, painted, varnished or coated with plastics on at least one side, excluding so-called 'sandwich panel",554,CN,11788,Wuhan Iron And Steel Company Limited
20048376,2029-05-04,7212408021,"Of non-alloy steel, painted, varnished or coated with plastics on at least one side, excluding so-called 'sandwich panel",554,CN,11789,Wuxi Zhongcai New Materials Co.Ltd.
20048385,2029-05-04,7212408021,"Of non-alloy steel, painted, varnished or coated with plastics on at least one side, excluding so-called 'sandwich panel",554,CN,11790,Xinyu Iron And Steel Co.Ltd.
20048412,2029-05-04,7212408021,"Of non-alloy steel, painted, varnished or coated with plastics on at least one side, excluding so-called 'sandwich panel",554,CN,11791,Zhejiang Tiannu Color Steel Co. Ltd.
20042872,2029-05-04,7212408021,"Of non-alloy steel, painted, varnished or coated with plastics on at least one side, excluding so-called 'sandwich panel",554,CN,11386,All other overseas exporters (residual amount)
20237761,2029-05-04,7212408082,Other,552,CN,11819,Union Steel China
20237799,2029-05-04,7212408082,Other,552,CN,11820,"Zhangjiagang Panhua Steel Strip Co., Ltd.; Chongqing Wanda Steel Strip Co., Ltd.; Zhangjiagang Free Trade Zone Jiaxinda "
20237845,2029-05-04,7212408082,Other,552,CN,11770,Zhejiang Huadong Light Steel Building Material Co. Ltd; Hangzhou P.R.P.T. Metal Material Company Ltd
20237797,2029-05-04,7212408082,Other,552,CN,11771,Angang Steel Company Limited
20237781,2029-05-04,7212408082,Other,552,CN,11772,Anyang Iron Steel Co. Ltd
20237785,2029-05-04,7212408082,Other,552,CN,11773,Baoshan Iron &amp; Steel Co. Ltd
20237805,2029-05-04,7212408082,Other,552,CN,11774,Baoutou City Jialong Metal Works Co. Ltd.
20237809,2029-05-04,7212408082,Other,552,CN,11775,Changshu Everbright Material Technology Co.Ltd.
20237811,2029-05-04,7212408082,Other,552,CN,11776,Changzhou Changsong Metal Composite Material Co.Ltd.
20237787,2029-05-04,7212408082,Other,552,CN,11777,Cibao Modern Steel Sheet Jiangsu Co Ltd.
20237815,2029-05-04,7212408082,Other,552,CN,11778,Inner Mongolia Baotou Steel Union Co.Ltd.
20237789,2029-05-04,7212408082,Other,552,CN,11779,Jiangyin Ninesky Technology Co.Ltd.
20237817,2029-05-04,7212408082,Other,552,CN,11781,"Jigang Group Co., Ltd."
20237821,2029-05-04,7212408082,Other,552,CN,11782,Maanshan Iron&amp;Steel Company Limited
20237823,2029-05-04,7212408082,Other,552,CN,11783,Qingdao Hangang Color Coated Sheet Co. Ltd.
20237835,2029-05-04,7212408082,Other,552,CN,11784,Shandong Guanzhou Co. Ltd.
20237827,2029-05-04,7212408082,Other,552,CN,11785,Shenzen Sino Master Steel Sheet Co.Ltd.
20237829,2029-05-04,7212408082,Other,552,CN,11786,Tangshan Iron And Steel Group Co.Ltd.
20237833,2029-05-04,7212408082,Other,552,CN,11787,Tianjin Xinyu Color Plate Co.Ltd.
20237837,2029-05-04,7212408082,Other,552,CN,11788,Wuhan Iron And Steel Company Limited
20237795,2029-05-04,7212408082,Other,552,CN,11789,Wuxi Zhongcai New Materials Co.Ltd.
20237847,2029-05-04,7212408082,Other,552,CN,11790,Xinyu Iron And Steel Co.Ltd.
20237841,2029-05-04,7212408082,Other,552,CN,11791,Zhejiang Tiannu Color Steel Co. Ltd.
20237773,2029-05-04,7212408082,Other,552,CN,11386,All other overseas exporters (residual amount)
20237765,2029-05-04,7212408082,Other,554,CN,11819,Union Steel China
20237767,2029-05-04,7212408082,Other,554,CN,11820,"Zhangjiagang Panhua Steel Strip Co., Ltd.; Chongqing Wanda Steel Strip Co., Ltd.; Zhangjiagang Free Trade Zone Jiaxinda "
20237769,2029-05-04,7212408082,Other,554,CN,11770,Zhejiang Huadong Light Steel Building Material Co. Ltd; Hangzhou P.R.P.T. Metal Material Company Ltd
20237771,2029-05-04,7212408082,Other,554,CN,11771,Angang Steel Company Limited
20237775,2029-05-04,7212408082,Other,554,CN,11772,Anyang Iron Steel Co. Ltd
20237855,2029-05-04,7212408082,Other,554,CN,11773,Baoshan Iron &amp; Steel Co. Ltd
20237859,2029-05-04,7212408082,Other,554,CN,11774,Baoutou City Jialong Metal Works Co. Ltd.
20237861,2029-05-04,7212408082,Other,554,CN,11775,Changshu Everbright Material Technology Co.Ltd.
20237777,2029-05-04,7212408082,Other,554,CN,11776,Changzhou Changsong Metal Composite Material Co.Ltd.
20237857,2029-05-04,7212408082,Other,554,CN,11777,Cibao Modern Steel Sheet Jiangsu Co Ltd.
20237783,2029-05-04,7212408082,Other,554,CN,11778,Inner Mongolia Baotou Steel Union Co.Ltd.
20237849,2029-05-04,7212408082,Other,554,CN,11779,Jiangyin Ninesky Technology Co.Ltd.
20237793,2029-05-04,7212408082,Other,554,CN,11780,Jiangyin Zhongjiang Prepainted Steel Mfg Co.Ltd.
20237851,2029-05-04,7212408082,Other,554,CN,11781,"Jigang Group Co., Ltd."
20237801,2029-05-04,7212408082,Other,554,CN,11782,Maanshan Iron&amp;Steel Company Limited
20237853,2029-05-04,7212408082,Other,554,CN,11783,Qingdao Hangang Color Coated Sheet Co. Ltd.
20237803,2029-05-04,7212408082,Other,554,CN,11784,Shandong Guanzhou Co. Ltd.
20237807,2029-05-04,7212408082,Other,554,CN,11785,Shenzen Sino Master Steel Sheet Co.Ltd.
20237813,2029-05-04,7212408082,Other,554,CN,11786,Tangshan Iron And Steel Group Co.Ltd.
20237839,2029-05-04,7212408082,Other,554,CN,11787,Tianjin Xinyu Color Plate Co.Ltd.
20237819,2029-05-04,7212408082,Other,554,CN,11788,Wuhan Iron And Steel Company Limited
20237825,2029-05-04,7212408082,Other,554,CN,11789,Wuxi Zhongcai New Materials Co.Ltd.
20237831,2029-05-04,7212408082,Other,554,CN,11790,Xinyu Iron And Steel Co.Ltd.
20237843,2029-05-04,7212408082,Other,554,CN,11791,Zhejiang Tiannu Color Steel Co. Ltd.
20237763,2029-05-04,7212408082,Other,554,CN,11386,All other overseas exporters (residual amount)
20048090,2029-05-04,7225990011,"Painted, varnished or coated with plastics on at least one side, excluding products with a final coating of zinc-dust (a",552,CN,11819,Union Steel China
20048162,2029-05-04,7225990011,"Painted, varnished or coated with plastics on at least one side, excluding products with a final coating of zinc-dust (a",552,CN,11820,"Zhangjiagang Panhua Steel Strip Co., Ltd.; Chongqing Wanda Steel Strip Co., Ltd.; Zhangjiagang Free Trade Zone Jiaxinda "
20048504,2029-05-04,7225990011,"Painted, varnished or coated with plastics on at least one side, excluding products with a final coating of zinc-dust (a",552,CN,11770,Zhejiang Huadong Light Steel Building Material Co. Ltd; Hangzhou P.R.P.T. Metal Material Company Ltd
20048153,2029-05-04,7225990011,"Painted, varnished or coated with plastics on at least one side, excluding products with a final coating of zinc-dust (a",552,CN,11771,Angang Steel Company Limited
20048099,2029-05-04,7225990011,"Painted, varnished or coated with plastics on at least one side, excluding products with a final coating of zinc-dust (a",552,CN,11772,Anyang Iron Steel Co. Ltd
20048108,2029-05-04,7225990011,"Painted, varnished or coated with plastics on at least one side, excluding products with a final coating of zinc-dust (a",552,CN,11773,Baoshan Iron &amp; Steel Co. Ltd
20048171,2029-05-04,7225990011,"Painted, varnished or coated with plastics on at least one side, excluding products with a final coating of zinc-dust (a",552,CN,11774,Baoutou City Jialong Metal Works Co. Ltd.
20048180,2029-05-04,7225990011,"Painted, varnished or coated with plastics on at least one side, excluding products with a final coating of zinc-dust (a",552,CN,11775,Changshu Everbright Material Technology Co.Ltd.
20048189,2029-05-04,7225990011,"Painted, varnished or coated with plastics on at least one side, excluding products with a final coating of zinc-dust (a",552,CN,11776,Changzhou Changsong Metal Composite Material Co.Ltd.
20048117,2029-05-04,7225990011,"Painted, varnished or coated with plastics on at least one side, excluding products with a final coating of zinc-dust (a",552,CN,11777,Cibao Modern Steel Sheet Jiangsu Co Ltd.
20048198,2029-05-04,7225990011,"Painted, varnished or coated with plastics on at least one side, excluding products with a final coating of zinc-dust (a",552,CN,11778,Inner Mongolia Baotou Steel Union Co.Ltd.
20048126,2029-05-04,7225990011,"Painted, varnished or coated with plastics on at least one side, excluding products with a final coating of zinc-dust (a",552,CN,11779,Jiangyin Ninesky Technology Co.Ltd.
20048135,2029-05-04,7225990011,"Painted, varnished or coated with plastics on at least one side, excluding products with a final coating of zinc-dust (a",552,CN,11780,Jiangyin Zhongjiang Prepainted Steel Mfg Co.Ltd.
20048207,2029-05-04,7225990011,"Painted, varnished or coated with plastics on at least one side, excluding products with a final coating of zinc-dust (a",552,CN,11781,"Jigang Group Co., Ltd."
20048216,2029-05-04,7225990011,"Painted, varnished or coated with plastics on at least one side, excluding products with a final coating of zinc-dust (a",552,CN,11782,Maanshan Iron&amp;Steel Company Limited
20048225,2029-05-04,7225990011,"Painted, varnished or coated with plastics on at least one side, excluding products with a final coating of zinc-dust (a",552,CN,11783,Qingdao Hangang Color Coated Sheet Co. Ltd.
20048396,2029-05-04,7225990011,"Painted, varnished or coated with plastics on at least one side, excluding products with a final coating of zinc-dust (a",552,CN,11784,Shandong Guanzhou Co. Ltd.
20048234,2029-05-04,7225990011,"Painted, varnished or coated with plastics on at least one side, excluding products with a final coating of zinc-dust (a",552,CN,11785,Shenzen Sino Master Steel Sheet Co.Ltd.
20048243,2029-05-04,7225990011,"Painted, varnished or coated with plastics on at least one side, excluding products with a final coating of zinc-dust (a",552,CN,11786,Tangshan Iron And Steel Group Co.Ltd.
20048252,2029-05-04,7225990011,"Painted, varnished or coated with plastics on at least one side, excluding products with a final coating of zinc-dust (a",552,CN,11787,Tianjin Xinyu Color Plate Co.Ltd.
20048486,2029-05-04,7225990011,"Painted, varnished or coated with plastics on at least one side, excluding products with a final coating of zinc-dust (a",552,CN,11788,Wuhan Iron And Steel Company Limited
20048144,2029-05-04,7225990011,"Painted, varnished or coated with plastics on at least one side, excluding products with a final coating of zinc-dust (a",552,CN,11789,Wuxi Zhongcai New Materials Co.Ltd.
20048513,2029-05-04,7225990011,"Painted, varnished or coated with plastics on at least one side, excluding products with a final coating of zinc-dust (a",552,CN,11790,Xinyu Iron And Steel Co.Ltd.
20048495,2029-05-04,7225990011,"Painted, varnished or coated with plastics on at least one side, excluding products with a final coating of zinc-dust (a",552,CN,11791,Zhejiang Tiannu Color Steel Co. Ltd.
20042385,2029-05-04,7225990011,"Painted, varnished or coated with plastics on at least one side, excluding products with a final coating of zinc-dust (a",552,CN,11386,All other overseas exporters (residual amount)
20048261,2029-05-04,7225990011,"Painted, varnished or coated with plastics on at least one side, excluding products with a final coating of zinc-dust (a",554,CN,11819,Union Steel China
20048270,2029-05-04,7225990011,"Painted, varnished or coated with plastics on at least one side, excluding products with a final coating of zinc-dust (a",554,CN,11820,"Zhangjiagang Panhua Steel Strip Co., Ltd.; Chongqing Wanda Steel Strip Co., Ltd.; Zhangjiagang Free Trade Zone Jiaxinda "
20048279,2029-05-04,7225990011,"Painted, varnished or coated with plastics on at least one side, excluding products with a final coating of zinc-dust (a",554,CN,11770,Zhejiang Huadong Light Steel Building Material Co. Ltd; Hangzhou P.R.P.T. Metal Material Company Ltd
20048288,2029-05-04,7225990011,"Painted, varnished or coated with plastics on at least one side, excluding products with a final coating of zinc-dust (a",554,CN,11771,Angang Steel Company Limited
20048297,2029-05-04,7225990011,"Painted, varnished or coated with plastics on at least one side, excluding products with a final coating of zinc-dust (a",554,CN,11772,Anyang Iron Steel Co. Ltd
20048450,2029-05-04,7225990011,"Painted, varnished or coated with plastics on at least one side, excluding products with a final coating of zinc-dust (a",554,CN,11773,Baoshan Iron &amp; Steel Co. Ltd
20048468,2029-05-04,7225990011,"Painted, varnished or coated with plastics on at least one side, excluding products with a final coating of zinc-dust (a",554,CN,11774,Baoutou City Jialong Metal Works Co. Ltd.
20048477,2029-05-04,7225990011,"Painted, varnished or coated with plastics on at least one side, excluding products with a final coating of zinc-dust (a",554,CN,11775,Changshu Everbright Material Technology Co.Ltd.
20048306,2029-05-04,7225990011,"Painted, varnished or coated with plastics on at least one side, excluding products with a final coating of zinc-dust (a",554,CN,11776,Changzhou Changsong Metal Composite Material Co.Ltd.
20048459,2029-05-04,7225990011,"Painted, varnished or coated with plastics on at least one side, excluding products with a final coating of zinc-dust (a",554,CN,11777,Cibao Modern Steel Sheet Jiangsu Co Ltd.
20048315,2029-05-04,7225990011,"Painted, varnished or coated with plastics on at least one side, excluding products with a final coating of zinc-dust (a",554,CN,11778,Inner Mongolia Baotou Steel Union Co.Ltd.
20048423,2029-05-04,7225990011,"Painted, varnished or coated with plastics on at least one side, excluding products with a final coating of zinc-dust (a",554,CN,11779,Jiangyin Ninesky Technology Co.Ltd.
20048324,2029-05-04,7225990011,"Painted, varnished or coated with plastics on at least one side, excluding products with a final coating of zinc-dust (a",554,CN,11780,Jiangyin Zhongjiang Prepainted Steel Mfg Co.Ltd.
20048432,2029-05-04,7225990011,"Painted, varnished or coated with plastics on at least one side, excluding products with a final coating of zinc-dust (a",554,CN,11781,"Jigang Group Co., Ltd."
20048333,2029-05-04,7225990011,"Painted, varnished or coated with plastics on at least one side, excluding products with a final coating of zinc-dust (a",554,CN,11782,Maanshan Iron&amp;Steel Company Limited
20048441,2029-05-04,7225990011,"Painted, varnished or coated with plastics on at least one side, excluding products with a final coating of zinc-dust (a",554,CN,11783,Qingdao Hangang Color Coated Sheet Co. Ltd.
20048342,2029-05-04,7225990011,"Painted, varnished or coated with plastics on at least one side, excluding products with a final coating of zinc-dust (a",554,CN,11784,Shandong Guanzhou Co. Ltd.
20048351,2029-05-04,7225990011,"Painted, varnished or coated with plastics on at least one side, excluding products with a final coating of zinc-dust (a",554,CN,11785,Shenzen Sino Master Steel Sheet Co.Ltd.
20048360,2029-05-04,7225990011,"Painted, varnished or coated with plastics on at least one side, excluding products with a final coating of zinc-dust (a",554,CN,11786,Tangshan Iron And Steel Group Co.Ltd.
20048405,2029-05-04,7225990011,"Painted, varnished or coated with plastics on at least one side, excluding products with a final coating of zinc-dust (a",554,CN,11787,Tianjin Xinyu Color Plate Co.Ltd.
20048369,2029-05-04,7225990011,"Painted, varnished or coated with plastics on at least one side, excluding products with a final coating of zinc-dust (a",554,CN,11788,Wuhan Iron And Steel Company Limited
20048378,2029-05-04,7225990011,"Painted, varnished or coated with plastics on at least one side, excluding products with a final coating of zinc-dust (a",554,CN,11789,Wuxi Zhongcai New Materials Co.Ltd.
20048387,2029-05-04,7225990011,"Painted, varnished or coated with plastics on at least one side, excluding products with a final coating of zinc-dust (a",554,CN,11790,Xinyu Iron And Steel Co.Ltd.
20048414,2029-05-04,7225990011,"Painted, varnished or coated with plastics on at least one side, excluding products with a final coating of zinc-dust (a",554,CN,11791,Zhejiang Tiannu Color Steel Co. Ltd.
20042874,2029-05-04,7225990011,"Painted, varnished or coated with plastics on at least one side, excluding products with a final coating of zinc-dust (a",554,CN,11386,All other overseas exporters (residual amount)
20048091,2029-05-04,7225990091,"Painted, varnished or coated with plastics on at least one side, excluding so-called ""sandwich panels"" of a kind used fo",552,CN,11819,Union Steel China
20048163,2029-05-04,7225990091,"Painted, varnished or coated with plastics on at least one side, excluding so-called ""sandwich panels"" of a kind used fo",552,CN,11820,"Zhangjiagang Panhua Steel Strip Co., Ltd.; Chongqing Wanda Steel Strip Co., Ltd.; Zhangjiagang Free Trade Zone Jiaxinda "
20048505,2029-05-04,7225990091,"Painted, varnished or coated with plastics on at least one side, excluding so-called ""sandwich panels"" of a kind used fo",552,CN,11770,Zhejiang Huadong Light Steel Building Material Co. Ltd; Hangzhou P.R.P.T. Metal Material Company Ltd
20048154,2029-05-04,7225990091,"Painted, varnished or coated with plastics on at least one side, excluding so-called ""sandwich panels"" of a kind used fo",552,CN,11771,Angang Steel Company Limited
20048100,2029-05-04,7225990091,"Painted, varnished or coated with plastics on at least one side, excluding so-called ""sandwich panels"" of a kind used fo",552,CN,11772,Anyang Iron Steel Co. Ltd
20048109,2029-05-04,7225990091,"Painted, varnished or coated with plastics on at least one side, excluding so-called ""sandwich panels"" of a kind used fo",552,CN,11773,Baoshan Iron &amp; Steel Co. Ltd
20048172,2029-05-04,7225990091,"Painted, varnished or coated with plastics on at least one side, excluding so-called ""sandwich panels"" of a kind used fo",552,CN,11774,Baoutou City Jialong Metal Works Co. Ltd.
20048181,2029-05-04,7225990091,"Painted, varnished or coated with plastics on at least one side, excluding so-called ""sandwich panels"" of a kind used fo",552,CN,11775,Changshu Everbright Material Technology Co.Ltd.
20048190,2029-05-04,7225990091,"Painted, varnished or coated with plastics on at least one side, excluding so-called ""sandwich panels"" of a kind used fo",552,CN,11776,Changzhou Changsong Metal Composite Material Co.Ltd.
20048118,2029-05-04,7225990091,"Painted, varnished or coated with plastics on at least one side, excluding so-called ""sandwich panels"" of a kind used fo",552,CN,11777,Cibao Modern Steel Sheet Jiangsu Co Ltd.
20048199,2029-05-04,7225990091,"Painted, varnished or coated with plastics on at least one side, excluding so-called ""sandwich panels"" of a kind used fo",552,CN,11778,Inner Mongolia Baotou Steel Union Co.Ltd.
20048127,2029-05-04,7225990091,"Painted, varnished or coated with plastics on at least one side, excluding so-called ""sandwich panels"" of a kind used fo",552,CN,11779,Jiangyin Ninesky Technology Co.Ltd.
20048136,2029-05-04,7225990091,"Painted, varnished or coated with plastics on at least one side, excluding so-called ""sandwich panels"" of a kind used fo",552,CN,11780,Jiangyin Zhongjiang Prepainted Steel Mfg Co.Ltd.
20048208,2029-05-04,7225990091,"Painted, varnished or coated with plastics on at least one side, excluding so-called ""sandwich panels"" of a kind used fo",552,CN,11781,"Jigang Group Co., Ltd."
20048217,2029-05-04,7225990091,"Painted, varnished or coated with plastics on at least one side, excluding so-called ""sandwich panels"" of a kind used fo",552,CN,11782,Maanshan Iron&amp;Steel Company Limited
20048226,2029-05-04,7225990091,"Painted, varnished or coated with plastics on at least one side, excluding so-called ""sandwich panels"" of a kind used fo",552,CN,11783,Qingdao Hangang Color Coated Sheet Co. Ltd.
20048397,2029-05-04,7225990091,"Painted, varnished or coated with plastics on at least one side, excluding so-called ""sandwich panels"" of a kind used fo",552,CN,11784,Shandong Guanzhou Co. Ltd.
20048235,2029-05-04,7225990091,"Painted, varnished or coated with plastics on at least one side, excluding so-called ""sandwich panels"" of a kind used fo",552,CN,11785,Shenzen Sino Master Steel Sheet Co.Ltd.
20048244,2029-05-04,7225990091,"Painted, varnished or coated with plastics on at least one side, excluding so-called ""sandwich panels"" of a kind used fo",552,CN,11786,Tangshan Iron And Steel Group Co.Ltd.
20048253,2029-05-04,7225990091,"Painted, varnished or coated with plastics on at least one side, excluding so-called ""sandwich panels"" of a kind used fo",552,CN,11787,Tianjin Xinyu Color Plate Co.Ltd.
20048487,2029-05-04,7225990091,"Painted, varnished or coated with plastics on at least one side, excluding so-called ""sandwich panels"" of a kind used fo",552,CN,11788,Wuhan Iron And Steel Company Limited
20048145,2029-05-04,7225990091,"Painted, varnished or coated with plastics on at least one side, excluding so-called ""sandwich panels"" of a kind used fo",552,CN,11789,Wuxi Zhongcai New Materials Co.Ltd.
20048514,2029-05-04,7225990091,"Painted, varnished or coated with plastics on at least one side, excluding so-called ""sandwich panels"" of a kind used fo",552,CN,11790,Xinyu Iron And Steel Co.Ltd.
20048496,2029-05-04,7225990091,"Painted, varnished or coated with plastics on at least one side, excluding so-called ""sandwich panels"" of a kind used fo",552,CN,11791,Zhejiang Tiannu Color Steel Co. Ltd.
20042386,2029-05-04,7225990091,"Painted, varnished or coated with plastics on at least one side, excluding so-called ""sandwich panels"" of a kind used fo",552,CN,11386,All other overseas exporters (residual amount)
20048262,2029-05-04,7225990091,"Painted, varnished or coated with plastics on at least one side, excluding so-called ""sandwich panels"" of a kind used fo",554,CN,11819,Union Steel China
20048271,2029-05-04,7225990091,"Painted, varnished or coated with plastics on at least one side, excluding so-called ""sandwich panels"" of a kind used fo",554,CN,11820,"Zhangjiagang Panhua Steel Strip Co., Ltd.; Chongqing Wanda Steel Strip Co., Ltd.; Zhangjiagang Free Trade Zone Jiaxinda "
20048280,2029-05-04,7225990091,"Painted, varnished or coated with plastics on at least one side, excluding so-called ""sandwich panels"" of a kind used fo",554,CN,11770,Zhejiang Huadong Light Steel Building Material Co. Ltd; Hangzhou P.R.P.T. Metal Material Company Ltd
20048289,2029-05-04,7225990091,"Painted, varnished or coated with plastics on at least one side, excluding so-called ""sandwich panels"" of a kind used fo",554,CN,11771,Angang Steel Company Limited
20048298,2029-05-04,7225990091,"Painted, varnished or coated with plastics on at least one side, excluding so-called ""sandwich panels"" of a kind used fo",554,CN,11772,Anyang Iron Steel Co. Ltd
20048451,2029-05-04,7225990091,"Painted, varnished or coated with plastics on at least one side, excluding so-called ""sandwich panels"" of a kind used fo",554,CN,11773,Baoshan Iron &amp; Steel Co. Ltd
20048469,2029-05-04,7225990091,"Painted, varnished or coated with plastics on at least one side, excluding so-called ""sandwich panels"" of a kind used fo",554,CN,11774,Baoutou City Jialong Metal Works Co. Ltd.
20048478,2029-05-04,7225990091,"Painted, varnished or coated with plastics on at least one side, excluding so-called ""sandwich panels"" of a kind used fo",554,CN,11775,Changshu Everbright Material Technology Co.Ltd.
20048307,2029-05-04,7225990091,"Painted, varnished or coated with plastics on at least one side, excluding so-called ""sandwich panels"" of a kind used fo",554,CN,11776,Changzhou Changsong Metal Composite Material Co.Ltd.
20048460,2029-05-04,7225990091,"Painted, varnished or coated with plastics on at least one side, excluding so-called ""sandwich panels"" of a kind used fo",554,CN,11777,Cibao Modern Steel Sheet Jiangsu Co Ltd.
20048316,2029-05-04,7225990091,"Painted, varnished or coated with plastics on at least one side, excluding so-called ""sandwich panels"" of a kind used fo",554,CN,11778,Inner Mongolia Baotou Steel Union Co.Ltd.
20048424,2029-05-04,7225990091,"Painted, varnished or coated with plastics on at least one side, excluding so-called ""sandwich panels"" of a kind used fo",554,CN,11779,Jiangyin Ninesky Technology Co.Ltd.
20048325,2029-05-04,7225990091,"Painted, varnished or coated with plastics on at least one side, excluding so-called ""sandwich panels"" of a kind used fo",554,CN,11780,Jiangyin Zhongjiang Prepainted Steel Mfg Co.Ltd.
20048433,2029-05-04,7225990091,"Painted, varnished or coated with plastics on at least one side, excluding so-called ""sandwich panels"" of a kind used fo",554,CN,11781,"Jigang Group Co., Ltd."
20048334,2029-05-04,7225990091,"Painted, varnished or coated with plastics on at least one side, excluding so-called ""sandwich panels"" of a kind used fo",554,CN,11782,Maanshan Iron&amp;Steel Company Limited
20048442,2029-05-04,7225990091,"Painted, varnished or coated with plastics on at least one side, excluding so-called ""sandwich panels"" of a kind used fo",554,CN,11783,Qingdao Hangang Color Coated Sheet Co. Ltd.
20048343,2029-05-04,7225990091,"Painted, varnished or coated with plastics on at least one side, excluding so-called ""sandwich panels"" of a kind used fo",554,CN,11784,Shandong Guanzhou Co. Ltd.
20048352,2029-05-04,7225990091,"Painted, varnished or coated with plastics on at least one side, excluding so-called ""sandwich panels"" of a kind used fo",554,CN,11785,Shenzen Sino Master Steel Sheet Co.Ltd.
20048361,2029-05-04,7225990091,"Painted, varnished or coated with plastics on at least one side, excluding so-called ""sandwich panels"" of a kind used fo",554,CN,11786,Tangshan Iron And Steel Group Co.Ltd.
20048406,2029-05-04,7225990091,"Painted, varnished or coated with plastics on at least one side, excluding so-called ""sandwich panels"" of a kind used fo",554,CN,11787,Tianjin Xinyu Color Plate Co.Ltd.
20048370,2029-05-04,7225990091,"Painted, varnished or coated with plastics on at least one side, excluding so-called ""sandwich panels"" of a kind used fo",554,CN,11788,Wuhan Iron And Steel Company Limited
20048379,2029-05-04,7225990091,"Painted, varnished or coated with plastics on at least one side, excluding so-called ""sandwich panels"" of a kind used fo",554,CN,11789,Wuxi Zhongcai New Materials Co.Ltd.
20048388,2029-05-04,7225990091,"Painted, varnished or coated with plastics on at least one side, excluding so-called ""sandwich panels"" of a kind used fo",554,CN,11790,Xinyu Iron And Steel Co.Ltd.
20048415,2029-05-04,7225990091,"Painted, varnished or coated with plastics on at least one side, excluding so-called ""sandwich panels"" of a kind used fo",554,CN,11791,Zhejiang Tiannu Color Steel Co. Ltd.
20042875,2029-05-04,7225990091,"Painted, varnished or coated with plastics on at least one side, excluding so-called ""sandwich panels"" of a kind used fo",554,CN,11386,All other overseas exporters (residual amount)
20048092,2029-05-04,7226997011,"Painted, varnished or coated with plastics on at least one side, excluding products with a final coating of zinc-dust (a",552,CN,11819,Union Steel China
20048164,2029-05-04,7226997011,"Painted, varnished or coated with plastics on at least one side, excluding products with a final coating of zinc-dust (a",552,CN,11820,"Zhangjiagang Panhua Steel Strip Co., Ltd.; Chongqing Wanda Steel Strip Co., Ltd.; Zhangjiagang Free Trade Zone Jiaxinda "
20048506,2029-05-04,7226997011,"Painted, varnished or coated with plastics on at least one side, excluding products with a final coating of zinc-dust (a",552,CN,11770,Zhejiang Huadong Light Steel Building Material Co. Ltd; Hangzhou P.R.P.T. Metal Material Company Ltd
20048155,2029-05-04,7226997011,"Painted, varnished or coated with plastics on at least one side, excluding products with a final coating of zinc-dust (a",552,CN,11771,Angang Steel Company Limited
20048101,2029-05-04,7226997011,"Painted, varnished or coated with plastics on at least one side, excluding products with a final coating of zinc-dust (a",552,CN,11772,Anyang Iron Steel Co. Ltd
20048110,2029-05-04,7226997011,"Painted, varnished or coated with plastics on at least one side, excluding products with a final coating of zinc-dust (a",552,CN,11773,Baoshan Iron &amp; Steel Co. Ltd
20048173,2029-05-04,7226997011,"Painted, varnished or coated with plastics on at least one side, excluding products with a final coating of zinc-dust (a",552,CN,11774,Baoutou City Jialong Metal Works Co. Ltd.
20048182,2029-05-04,7226997011,"Painted, varnished or coated with plastics on at least one side, excluding products with a final coating of zinc-dust (a",552,CN,11775,Changshu Everbright Material Technology Co.Ltd.
20048191,2029-05-04,7226997011,"Painted, varnished or coated with plastics on at least one side, excluding products with a final coating of zinc-dust (a",552,CN,11776,Changzhou Changsong Metal Composite Material Co.Ltd.
20048119,2029-05-04,7226997011,"Painted, varnished or coated with plastics on at least one side, excluding products with a final coating of zinc-dust (a",552,CN,11777,Cibao Modern Steel Sheet Jiangsu Co Ltd.
20048200,2029-05-04,7226997011,"Painted, varnished or coated with plastics on at least one side, excluding products with a final coating of zinc-dust (a",552,CN,11778,Inner Mongolia Baotou Steel Union Co.Ltd.
20048128,2029-05-04,7226997011,"Painted, varnished or coated with plastics on at least one side, excluding products with a final coating of zinc-dust (a",552,CN,11779,Jiangyin Ninesky Technology Co.Ltd.
20048137,2029-05-04,7226997011,"Painted, varnished or coated with plastics on at least one side, excluding products with a final coating of zinc-dust (a",552,CN,11780,Jiangyin Zhongjiang Prepainted Steel Mfg Co.Ltd.
20048209,2029-05-04,7226997011,"Painted, varnished or coated with plastics on at least one side, excluding products with a final coating of zinc-dust (a",552,CN,11781,"Jigang Group Co., Ltd."
20048218,2029-05-04,7226997011,"Painted, varnished or coated with plastics on at least one side, excluding products with a final coating of zinc-dust (a",552,CN,11782,Maanshan Iron&amp;Steel Company Limited
20048227,2029-05-04,7226997011,"Painted, varnished or coated with plastics on at least one side, excluding products with a final coating of zinc-dust (a",552,CN,11783,Qingdao Hangang Color Coated Sheet Co. Ltd.
20048398,2029-05-04,7226997011,"Painted, varnished or coated with plastics on at least one side, excluding products with a final coating of zinc-dust (a",552,CN,11784,Shandong Guanzhou Co. Ltd.
20048236,2029-05-04,7226997011,"Painted, varnished or coated with plastics on at least one side, excluding products with a final coating of zinc-dust (a",552,CN,11785,Shenzen Sino Master Steel Sheet Co.Ltd.
20048245,2029-05-04,7226997011,"Painted, varnished or coated with plastics on at least one side, excluding products with a final coating of zinc-dust (a",552,CN,11786,Tangshan Iron And Steel Group Co.Ltd.
20048254,2029-05-04,7226997011,"Painted, varnished or coated with plastics on at least one side, excluding products with a final coating of zinc-dust (a",552,CN,11787,Tianjin Xinyu Color Plate Co.Ltd.
20048488,2029-05-04,7226997011,"Painted, varnished or coated with plastics on at least one side, excluding products with a final coating of zinc-dust (a",552,CN,11788,Wuhan Iron And Steel Company Limited
20048146,2029-05-04,7226997011,"Painted, varnished or coated with plastics on at least one side, excluding products with a final coating of zinc-dust (a",552,CN,11789,Wuxi Zhongcai New Materials Co.Ltd.
20048515,2029-05-04,7226997011,"Painted, varnished or coated with plastics on at least one side, excluding products with a final coating of zinc-dust (a",552,CN,11790,Xinyu Iron And Steel Co.Ltd.
20048497,2029-05-04,7226997011,"Painted, varnished or coated with plastics on at least one side, excluding products with a final coating of zinc-dust (a",552,CN,11791,Zhejiang Tiannu Color Steel Co. Ltd.
20042387,2029-05-04,7226997011,"Painted, varnished or coated with plastics on at least one side, excluding products with a final coating of zinc-dust (a",552,CN,11386,All other overseas exporters (residual amount)
20048263,2029-05-04,7226997011,"Painted, varnished or coated with plastics on at least one side, excluding products with a final coating of zinc-dust (a",554,CN,11819,Union Steel China
20048272,2029-05-04,7226997011,"Painted, varnished or coated with plastics on at least one side, excluding products with a final coating of zinc-dust (a",554,CN,11820,"Zhangjiagang Panhua Steel Strip Co., Ltd.; Chongqing Wanda Steel Strip Co., Ltd.; Zhangjiagang Free Trade Zone Jiaxinda "
20048281,2029-05-04,7226997011,"Painted, varnished or coated with plastics on at least one side, excluding products with a final coating of zinc-dust (a",554,CN,11770,Zhejiang Huadong Light Steel Building Material Co. Ltd; Hangzhou P.R.P.T. Metal Material Company Ltd
20048290,2029-05-04,7226997011,"Painted, varnished or coated with plastics on at least one side, excluding products with a final coating of zinc-dust (a",554,CN,11771,Angang Steel Company Limited
20048299,2029-05-04,7226997011,"Painted, varnished or coated with plastics on at least one side, excluding products with a final coating of zinc-dust (a",554,CN,11772,Anyang Iron Steel Co. Ltd
20048452,2029-05-04,7226997011,"Painted, varnished or coated with plastics on at least one side, excluding products with a final coating of zinc-dust (a",554,CN,11773,Baoshan Iron &amp; Steel Co. Ltd
20048470,2029-05-04,7226997011,"Painted, varnished or coated with plastics on at least one side, excluding products with a final coating of zinc-dust (a",554,CN,11774,Baoutou City Jialong Metal Works Co. Ltd.
20048479,2029-05-04,7226997011,"Painted, varnished or coated with plastics on at least one side, excluding products with a final coating of zinc-dust (a",554,CN,11775,Changshu Everbright Material Technology Co.Ltd.
20048308,2029-05-04,7226997011,"Painted, varnished or coated with plastics on at least one side, excluding products with a final coating of zinc-dust (a",554,CN,11776,Changzhou Changsong Metal Composite Material Co.Ltd.
20048461,2029-05-04,7226997011,"Painted, varnished or coated with plastics on at least one side, excluding products with a final coating of zinc-dust (a",554,CN,11777,Cibao Modern Steel Sheet Jiangsu Co Ltd.
20048317,2029-05-04,7226997011,"Painted, varnished or coated with plastics on at least one side, excluding products with a final coating of zinc-dust (a",554,CN,11778,Inner Mongolia Baotou Steel Union Co.Ltd.
20048425,2029-05-04,7226997011,"Painted, varnished or coated with plastics on at least one side, excluding products with a final coating of zinc-dust (a",554,CN,11779,Jiangyin Ninesky Technology Co.Ltd.
20048326,2029-05-04,7226997011,"Painted, varnished or coated with plastics on at least one side, excluding products with a final coating of zinc-dust (a",554,CN,11780,Jiangyin Zhongjiang Prepainted Steel Mfg Co.Ltd.
20048434,2029-05-04,7226997011,"Painted, varnished or coated with plastics on at least one side, excluding products with a final coating of zinc-dust (a",554,CN,11781,"Jigang Group Co., Ltd."
20048335,2029-05-04,7226997011,"Painted, varnished or coated with plastics on at least one side, excluding products with a final coating of zinc-dust (a",554,CN,11782,Maanshan Iron&amp;Steel Company Limited
20048443,2029-05-04,7226997011,"Painted, varnished or coated with plastics on at least one side, excluding products with a final coating of zinc-dust (a",554,CN,11783,Qingdao Hangang Color Coated Sheet Co. Ltd.
20048344,2029-05-04,7226997011,"Painted, varnished or coated with plastics on at least one side, excluding products with a final coating of zinc-dust (a",554,CN,11784,Shandong Guanzhou Co. Ltd.
20048353,2029-05-04,7226997011,"Painted, varnished or coated with plastics on at least one side, excluding products with a final coating of zinc-dust (a",554,CN,11785,Shenzen Sino Master Steel Sheet Co.Ltd.
20048362,2029-05-04,7226997011,"Painted, varnished or coated with plastics on at least one side, excluding products with a final coating of zinc-dust (a",554,CN,11786,Tangshan Iron And Steel Group Co.Ltd.
20048407,2029-05-04,7226997011,"Painted, varnished or coated with plastics on at least one side, excluding products with a final coating of zinc-dust (a",554,CN,11787,Tianjin Xinyu Color Plate Co.Ltd.
20048371,2029-05-04,7226997011,"Painted, varnished or coated with plastics on at least one side, excluding products with a final coating of zinc-dust (a",554,CN,11788,Wuhan Iron And Steel Company Limited
20048380,2029-05-04,7226997011,"Painted, varnished or coated with plastics on at least one side, excluding products with a final coating of zinc-dust (a",554,CN,11789,Wuxi Zhongcai New Materials Co.Ltd.
20048389,2029-05-04,7226997011,"Painted, varnished or coated with plastics on at least one side, excluding products with a final coating of zinc-dust (a",554,CN,11790,Xinyu Iron And Steel Co.Ltd.
20048416,2029-05-04,7226997011,"Painted, varnished or coated with plastics on at least one side, excluding products with a final coating of zinc-dust (a",554,CN,11791,Zhejiang Tiannu Color Steel Co. Ltd.
20042876,2029-05-04,7226997011,"Painted, varnished or coated with plastics on at least one side, excluding products with a final coating of zinc-dust (a",554,CN,11386,All other overseas exporters (residual amount)
20048093,2029-05-04,7226997091,"Painted, varnished or coated with plastics on at least one side, excluding so-called ""sandwich panels"" of a kind used fo",552,CN,11819,Union Steel China
20048165,2029-05-04,7226997091,"Painted, varnished or coated with plastics on at least one side, excluding so-called ""sandwich panels"" of a kind used fo",552,CN,11820,"Zhangjiagang Panhua Steel Strip Co., Ltd.; Chongqing Wanda Steel Strip Co., Ltd.; Zhangjiagang Free Trade Zone Jiaxinda "
20048507,2029-05-04,7226997091,"Painted, varnished or coated with plastics on at least one side, excluding so-called ""sandwich panels"" of a kind used fo",552,CN,11770,Zhejiang Huadong Light Steel Building Material Co. Ltd; Hangzhou P.R.P.T. Metal Material Company Ltd
20048156,2029-05-04,7226997091,"Painted, varnished or coated with plastics on at least one side, excluding so-called ""sandwich panels"" of a kind used fo",552,CN,11771,Angang Steel Company Limited
20048102,2029-05-04,7226997091,"Painted, varnished or coated with plastics on at least one side, excluding so-called ""sandwich panels"" of a kind used fo",552,CN,11772,Anyang Iron Steel Co. Ltd
20048111,2029-05-04,7226997091,"Painted, varnished or coated with plastics on at least one side, excluding so-called ""sandwich panels"" of a kind used fo",552,CN,11773,Baoshan Iron &amp; Steel Co. Ltd
20048174,2029-05-04,7226997091,"Painted, varnished or coated with plastics on at least one side, excluding so-called ""sandwich panels"" of a kind used fo",552,CN,11774,Baoutou City Jialong Metal Works Co. Ltd.
20048183,2029-05-04,7226997091,"Painted, varnished or coated with plastics on at least one side, excluding so-called ""sandwich panels"" of a kind used fo",552,CN,11775,Changshu Everbright Material Technology Co.Ltd.
20048192,2029-05-04,7226997091,"Painted, varnished or coated with plastics on at least one side, excluding so-called ""sandwich panels"" of a kind used fo",552,CN,11776,Changzhou Changsong Metal Composite Material Co.Ltd.
20048120,2029-05-04,7226997091,"Painted, varnished or coated with plastics on at least one side, excluding so-called ""sandwich panels"" of a kind used fo",552,CN,11777,Cibao Modern Steel Sheet Jiangsu Co Ltd.
20048201,2029-05-04,7226997091,"Painted, varnished or coated with plastics on at least one side, excluding so-called ""sandwich panels"" of a kind used fo",552,CN,11778,Inner Mongolia Baotou Steel Union Co.Ltd.
20048129,2029-05-04,7226997091,"Painted, varnished or coated with plastics on at least one side, excluding so-called ""sandwich panels"" of a kind used fo",552,CN,11779,Jiangyin Ninesky Technology Co.Ltd.
20048138,2029-05-04,7226997091,"Painted, varnished or coated with plastics on at least one side, excluding so-called ""sandwich panels"" of a kind used fo",552,CN,11780,Jiangyin Zhongjiang Prepainted Steel Mfg Co.Ltd.
20048210,2029-05-04,7226997091,"Painted, varnished or coated with plastics on at least one side, excluding so-called ""sandwich panels"" of a kind used fo",552,CN,11781,"Jigang Group Co., Ltd."
20048219,2029-05-04,7226997091,"Painted, varnished or coated with plastics on at least one side, excluding so-called ""sandwich panels"" of a kind used fo",552,CN,11782,Maanshan Iron&amp;Steel Company Limited
20048228,2029-05-04,7226997091,"Painted, varnished or coated with plastics on at least one side, excluding so-called ""sandwich panels"" of a kind used fo",552,CN,11783,Qingdao Hangang Color Coated Sheet Co. Ltd.
20048399,2029-05-04,7226997091,"Painted, varnished or coated with plastics on at least one side, excluding so-called ""sandwich panels"" of a kind used fo",552,CN,11784,Shandong Guanzhou Co. Ltd.
20048237,2029-05-04,7226997091,"Painted, varnished or coated with plastics on at least one side, excluding so-called ""sandwich panels"" of a kind used fo",552,CN,11785,Shenzen Sino Master Steel Sheet Co.Ltd.
20048246,2029-05-04,7226997091,"Painted, varnished or coated with plastics on at least one side, excluding so-called ""sandwich panels"" of a kind used fo",552,CN,11786,Tangshan Iron And Steel Group Co.Ltd.
20048255,2029-05-04,7226997091,"Painted, varnished or coated with plastics on at least one side, excluding so-called ""sandwich panels"" of a kind used fo",552,CN,11787,Tianjin Xinyu Color Plate Co.Ltd.
20048489,2029-05-04,7226997091,"Painted, varnished or coated with plastics on at least one side, excluding so-called ""sandwich panels"" of a kind used fo",552,CN,11788,Wuhan Iron And Steel Company Limited
20048147,2029-05-04,7226997091,"Painted, varnished or coated with plastics on at least one side, excluding so-called ""sandwich panels"" of a kind used fo",552,CN,11789,Wuxi Zhongcai New Materials Co.Ltd.
20048516,2029-05-04,7226997091,"Painted, varnished or coated with plastics on at least one side, excluding so-called ""sandwich panels"" of a kind used fo",552,CN,11790,Xinyu Iron And Steel Co.Ltd.
20048498,2029-05-04,7226997091,"Painted, varnished or coated with plastics on at least one side, excluding so-called ""sandwich panels"" of a kind used fo",552,CN,11791,Zhejiang Tiannu Color Steel Co. Ltd.
20042388,2029-05-04,7226997091,"Painted, varnished or coated with plastics on at least one side, excluding so-called ""sandwich panels"" of a kind used fo",552,CN,11386,All other overseas exporters (residual amount)
20048264,2029-05-04,7226997091,"Painted, varnished or coated with plastics on at least one side, excluding so-called ""sandwich panels"" of a kind used fo",554,CN,11819,Union Steel China
20048273,2029-05-04,7226997091,"Painted, varnished or coated with plastics on at least one side, excluding so-called ""sandwich panels"" of a kind used fo",554,CN,11820,"Zhangjiagang Panhua Steel Strip Co., Ltd.; Chongqing Wanda Steel Strip Co., Ltd.; Zhangjiagang Free Trade Zone Jiaxinda "
20048282,2029-05-04,7226997091,"Painted, varnished or coated with plastics on at least one side, excluding so-called ""sandwich panels"" of a kind used fo",554,CN,11770,Zhejiang Huadong Light Steel Building Material Co. Ltd; Hangzhou P.R.P.T. Metal Material Company Ltd
20048291,2029-05-04,7226997091,"Painted, varnished or coated with plastics on at least one side, excluding so-called ""sandwich panels"" of a kind used fo",554,CN,11771,Angang Steel Company Limited
20048300,2029-05-04,7226997091,"Painted, varnished or coated with plastics on at least one side, excluding so-called ""sandwich panels"" of a kind used fo",554,CN,11772,Anyang Iron Steel Co. Ltd
20048453,2029-05-04,7226997091,"Painted, varnished or coated with plastics on at least one side, excluding so-called ""sandwich panels"" of a kind used fo",554,CN,11773,Baoshan Iron &amp; Steel Co. Ltd
20048471,2029-05-04,7226997091,"Painted, varnished or coated with plastics on at least one side, excluding so-called ""sandwich panels"" of a kind used fo",554,CN,11774,Baoutou City Jialong Metal Works Co. Ltd.
20048480,2029-05-04,7226997091,"Painted, varnished or coated with plastics on at least one side, excluding so-called ""sandwich panels"" of a kind used fo",554,CN,11775,Changshu Everbright Material Technology Co.Ltd.
20048309,2029-05-04,7226997091,"Painted, varnished or coated with plastics on at least one side, excluding so-called ""sandwich panels"" of a kind used fo",554,CN,11776,Changzhou Changsong Metal Composite Material Co.Ltd.
20048462,2029-05-04,7226997091,"Painted, varnished or coated with plastics on at least one side, excluding so-called ""sandwich panels"" of a kind used fo",554,CN,11777,Cibao Modern Steel Sheet Jiangsu Co Ltd.
20048318,2029-05-04,7226997091,"Painted, varnished or coated with plastics on at least one side, excluding so-called ""sandwich panels"" of a kind used fo",554,CN,11778,Inner Mongolia Baotou Steel Union Co.Ltd.
20048426,2029-05-04,7226997091,"Painted, varnished or coated with plastics on at least one side, excluding so-called ""sandwich panels"" of a kind used fo",554,CN,11779,Jiangyin Ninesky Technology Co.Ltd.
20048327,2029-05-04,7226997091,"Painted, varnished or coated with plastics on at least one side, excluding so-called ""sandwich panels"" of a kind used fo",554,CN,11780,Jiangyin Zhongjiang Prepainted Steel Mfg Co.Ltd.
20048435,2029-05-04,7226997091,"Painted, varnished or coated with plastics on at least one side, excluding so-called ""sandwich panels"" of a kind used fo",554,CN,11781,"Jigang Group Co., Ltd."
20048336,2029-05-04,7226997091,"Painted, varnished or coated with plastics on at least one side, excluding so-called ""sandwich panels"" of a kind used fo",554,CN,11782,Maanshan Iron&amp;Steel Company Limited
20048444,2029-05-04,7226997091,"Painted, varnished or coated with plastics on at least one side, excluding so-called ""sandwich panels"" of a kind used fo",554,CN,11783,Qingdao Hangang Color Coated Sheet Co. Ltd.
20048345,2029-05-04,7226997091,"Painted, varnished or coated with plastics on at least one side, excluding so-called ""sandwich panels"" of a kind used fo",554,CN,11784,Shandong Guanzhou Co. Ltd.
20048354,2029-05-04,7226997091,"Painted, varnished or coated with plastics on at least one side, excluding so-called ""sandwich panels"" of a kind used fo",554,CN,11785,Shenzen Sino Master Steel Sheet Co.Ltd.
20048363,2029-05-04,7226997091,"Painted, varnished or coated with plastics on at least one side, excluding so-called ""sandwich panels"" of a kind used fo",554,CN,11786,Tangshan Iron And Steel Group Co.Ltd.
20048408,2029-05-04,7226997091,"Painted, varnished or coated with plastics on at least one side, excluding so-called ""sandwich panels"" of a kind used fo",554,CN,11787,Tianjin Xinyu Color Plate Co.Ltd.
20048372,2029-05-04,7226997091,"Painted, varnished or coated with plastics on at least one side, excluding so-called ""sandwich panels"" of a kind used fo",554,CN,11788,Wuhan Iron And Steel Company Limited
20048381,2029-05-04,7226997091,"Painted, varnished or coated with plastics on at least one side, excluding so-called ""sandwich panels"" of a kind used fo",554,CN,11789,Wuxi Zhongcai New Materials Co.Ltd.
20048390,2029-05-04,7226997091,"Painted, varnished or coated with plastics on at least one side, excluding so-called ""sandwich panels"" of a kind used fo",554,CN,11790,Xinyu Iron And Steel Co.Ltd.
20048417,2029-05-04,7226997091,"Painted, varnished or coated with plastics on at least one side, excluding so-called ""sandwich panels"" of a kind used fo",554,CN,11791,Zhejiang Tiannu Color Steel Co. Ltd.
20042877,2029-05-04,7226997091,"Painted, varnished or coated with plastics on at least one side, excluding so-called ""sandwich panels"" of a kind used fo",554,CN,11386,All other overseas exporters (residual amount)
20128612,2029-06-06,7607111111,Consigned from Thailand,552,CN,11756,"CeDo (Shanghai) Ltd, Shanghai"
20128613,2029-06-06,7607111111,Consigned from Thailand,552,CN,11757,"Ningbo Times Aluminium Foil Technology Co. Ltd, Ningbo"
20128615,2029-06-06,7607111111,Consigned from Thailand,552,CN,11758,"Ningbo Favored Commodity Co. Ltd., Yuyao City"
20128611,2029-06-06,7607111111,Consigned from Thailand,552,CN,11759,"Able Packaging Co., Ltd, Shanghai"
20128610,2029-06-06,7607111111,Consigned from Thailand,552,CN,11760,"Guangzhou Chuanlong Aluminium Foil Product Co. Ltd, Guangzhou"
20128616,2029-06-06,7607111111,Consigned from Thailand,552,CN,11761,"Ningbo Ashburn Aluminium Foil Products Co. Ltd, Yuyao City"
20128609,2029-06-06,7607111111,Consigned from Thailand,552,CN,11762,"Shanghai Blue Diamond Aluminium Foil Manufacturing Co. Ltd, Shanghai"
20128608,2029-06-06,7607111111,Consigned from Thailand,552,CN,11763,"Weifang Quanxin Aluminium Foil Co. Ltd, Linqu"
20128614,2029-06-06,7607111111,Consigned from Thailand,552,CN,11764,"Zhengzhou Zhuoshi Tech Co. Ltd, Zhengzhou City"
20128617,2029-06-06,7607111111,Consigned from Thailand,552,CN,11765,"Zhuozhou Haoyuan Foil Industry Co. Ltd, Zhouzhou City"
20128607,2029-06-06,7607111111,Consigned from Thailand,552,CN,11766,"Zibo Hengzhou Aluminium Plastic Packing Material Co. Ltd, Zibo"
20128606,2029-06-06,7607111111,Consigned from Thailand,552,CN,11767,"Yuyao Caelurn Aluminium Foil Products Co. Ltd, Yuyao"
20128605,2029-06-06,7607111111,Consigned from Thailand,552,CN,11386,All other overseas exporters (residual amount)
20128641,2029-06-06,7607111119,Other,552,CN,11756,"CeDo (Shanghai) Ltd, Shanghai"
20128642,2029-06-06,7607111119,Other,552,CN,11757,"Ningbo Times Aluminium Foil Technology Co. Ltd, Ningbo"
20128644,2029-06-06,7607111119,Other,552,CN,11758,"Ningbo Favored Commodity Co. Ltd., Yuyao City"
20128640,2029-06-06,7607111119,Other,552,CN,11759,"Able Packaging Co., Ltd, Shanghai"
20128639,2029-06-06,7607111119,Other,552,CN,11760,"Guangzhou Chuanlong Aluminium Foil Product Co. Ltd, Guangzhou"
20128645,2029-06-06,7607111119,Other,552,CN,11761,"Ningbo Ashburn Aluminium Foil Products Co. Ltd, Yuyao City"
20128638,2029-06-06,7607111119,Other,552,CN,11762,"Shanghai Blue Diamond Aluminium Foil Manufacturing Co. Ltd, Shanghai"
20128637,2029-06-06,7607111119,Other,552,CN,11763,"Weifang Quanxin Aluminium Foil Co. Ltd, Linqu"
20128643,2029-06-06,7607111119,Other,552,CN,11764,"Zhengzhou Zhuoshi Tech Co. Ltd, Zhengzhou City"
20128646,2029-06-06,7607111119,Other,552,CN,11765,"Zhuozhou Haoyuan Foil Industry Co. Ltd, Zhouzhou City"
20128636,2029-06-06,7607111119,Other,552,CN,11766,"Zibo Hengzhou Aluminium Plastic Packing Material Co. Ltd, Zibo"
20128635,2029-06-06,7607111119,Other,552,CN,11767,"Yuyao Caelurn Aluminium Foil Products Co. Ltd, Yuyao"
20128634,2029-06-06,7607111119,Other,552,CN,11386,All other overseas exporters (residual amount)
20128663,2029-06-06,7607191011,Consigned from Thailand,552,CN,11756,"CeDo (Shanghai) Ltd, Shanghai"
20128665,2029-06-06,7607191011,Consigned from Thailand,552,CN,11757,"Ningbo Times Aluminium Foil Technology Co. Ltd, Ningbo"
20128669,2029-06-06,7607191011,Consigned from Thailand,552,CN,11758,"Ningbo Favored Commodity Co. Ltd., Yuyao City"
20128673,2029-06-06,7607191011,Consigned from Thailand,552,CN,11759,"Able Packaging Co., Ltd, Shanghai"
20128660,2029-06-06,7607191011,Consigned from Thailand,552,CN,11760,"Guangzhou Chuanlong Aluminium Foil Product Co. Ltd, Guangzhou"
20128670,2029-06-06,7607191011,Consigned from Thailand,552,CN,11761,"Ningbo Ashburn Aluminium Foil Products Co. Ltd, Yuyao City"
20128658,2029-06-06,7607191011,Consigned from Thailand,552,CN,11762,"Shanghai Blue Diamond Aluminium Foil Manufacturing Co. Ltd, Shanghai"
20128656,2029-06-06,7607191011,Consigned from Thailand,552,CN,11763,"Weifang Quanxin Aluminium Foil Co. Ltd, Linqu"
20128667,2029-06-06,7607191011,Consigned from Thailand,552,CN,11764,"Zhengzhou Zhuoshi Tech Co. Ltd, Zhengzhou City"
20128671,2029-06-06,7607191011,Consigned from Thailand,552,CN,11765,"Zhuozhou Haoyuan Foil Industry Co. Ltd, Zhouzhou City"
20128654,2029-06-06,7607191011,Consigned from Thailand,552,CN,11766,"Zibo Hengzhou Aluminium Plastic Packing Material Co. Ltd, Zibo"
20128652,2029-06-06,7607191011,Consigned from Thailand,552,CN,11767,"Yuyao Caelurn Aluminium Foil Products Co. Ltd, Yuyao"
20128650,2029-06-06,7607191011,Consigned from Thailand,552,CN,11386,All other overseas exporters (residual amount)
20128692,2029-06-06,7607191019,Other,552,CN,11756,"CeDo (Shanghai) Ltd, Shanghai"
20128694,2029-06-06,7607191019,Other,552,CN,11757,"Ningbo Times Aluminium Foil Technology Co. Ltd, Ningbo"
20128698,2029-06-06,7607191019,Other,552,CN,11758,"Ningbo Favored Commodity Co. Ltd., Yuyao City"
20128702,2029-06-06,7607191019,Other,552,CN,11759,"Able Packaging Co., Ltd, Shanghai"
20128689,2029-06-06,7607191019,Other,552,CN,11760,"Guangzhou Chuanlong Aluminium Foil Product Co. Ltd, Guangzhou"
20128699,2029-06-06,7607191019,Other,552,CN,11761,"Ningbo Ashburn Aluminium Foil Products Co. Ltd, Yuyao City"
20128687,2029-06-06,7607191019,Other,552,CN,11762,"Shanghai Blue Diamond Aluminium Foil Manufacturing Co. Ltd, Shanghai"
20128685,2029-06-06,7607191019,Other,552,CN,11763,"Weifang Quanxin Aluminium Foil Co. Ltd, Linqu"
20128696,2029-06-06,7607191019,Other,552,CN,11764,"Zhengzhou Zhuoshi Tech Co. Ltd, Zhengzhou City"
20128700,2029-06-06,7607191019,Other,552,CN,11765,"Zhuozhou Haoyuan Foil Industry Co. Ltd, Zhouzhou City"
20128683,2029-06-06,7607191019,Other,552,CN,11766,"Zibo Hengzhou Aluminium Plastic Packing Material Co. Ltd, Zibo"
20128681,2029-06-06,7607191019,Other,552,CN,11767,"Yuyao Caelurn Aluminium Foil Products Co. Ltd, Yuyao"
20128679,2029-06-06,7607191019,Other,552,CN,11386,All other overseas exporters (residual amount)
20270715,2029-07-31,3907610080,Other,554,IN,6520,Reliance Industries Limited
20270714,2029-07-31,3907610080,Other,554,IN,6521,Pearl Engineering Polymers Ltd.
20270716,2029-07-31,3907610080,Other,554,IN,10400,Senpet Ltd
20270712,2029-07-31,3907610080,Other,554,IN,10401,Futura Polyesters Ltd
20042608,2029-07-31,3907610080,Other,554,IN,5433,Other
20270713,2029-07-31,3907610080,Other,554,IN,12961,IVL Dhunseri Petrochem Industries Private Limited
20130639,2029-08-30,8712003010,"Consigned from Indonesia, Malaysia, Sri Lanka or Tunisia",552,CN,12353,Zhejiang Baoguilai Vehicle Co. Ltd.
20130643,2029-08-30,8712003010,"Consigned from Indonesia, Malaysia, Sri Lanka or Tunisia",552,CN,12354,"Oyama Technology (Jiangsu) Co., Ltd"
20130635,2029-08-30,8712003010,"Consigned from Indonesia, Malaysia, Sri Lanka or Tunisia",552,CN,12355,"Ideal (Dongguan) Bike Co., Ltd"
20130631,2029-08-30,8712003010,"Consigned from Indonesia, Malaysia, Sri Lanka or Tunisia",552,CN,11386,All other overseas exporters (residual amount)
20136380,2029-08-30,8712003010,"Consigned from Indonesia, Malaysia, Sri Lanka or Tunisia",552,CN,12905,Giant (China) Co. Ltd.
20130379,2029-08-30,8712003010,"Consigned from Indonesia, Malaysia, Sri Lanka or Tunisia",552,CN,13034,Universal Cycle Corporation (Guang Zhou)
20285937,2029-08-30,8712003010,"Consigned from Indonesia, Malaysia, Sri Lanka or Tunisia",552,1011,,
20130651,2029-08-30,8712003010,"Consigned from Indonesia, Malaysia, Sri Lanka or Tunisia",552,ID,12383,"P.T. Insera Sena, 393 Jawa Street, Buduran, Sidoarjo 61252, Indonesia"
20130653,2029-08-30,8712003010,"Consigned from Indonesia, Malaysia, Sri Lanka or Tunisia",552,ID,12384,"PT Wijaya Indonesia Makmur Bicycle Industries (Wim Cycle), Raya Bambe KM. 20, Driyorejo, Gresik 61177, Jawa Timur, Indon"
20130657,2029-08-30,8712003010,"Consigned from Indonesia, Malaysia, Sri Lanka or Tunisia",552,ID,11386,All other overseas exporters (residual amount)
20130661,2029-08-30,8712003010,"Consigned from Indonesia, Malaysia, Sri Lanka or Tunisia",552,LK,12387,"Asiabike Industrial Limited, No 114, Galle Road, Henamulla, Panadura, Sri Lanka"
20130663,2029-08-30,8712003010,"Consigned from Indonesia, Malaysia, Sri Lanka or Tunisia",552,LK,12388,"BSH Ventures (Private) Limited, No. 84, Campbell Place, Colombo-10, Sri Lanka"
20130665,2029-08-30,8712003010,"Consigned from Indonesia, Malaysia, Sri Lanka or Tunisia",552,LK,12389,"Samson Bikes (Pvt) Ltd., No 110, Kumaran Rathnam Road, Colombo 02, Sri Lanka"
20130667,2029-08-30,8712003010,"Consigned from Indonesia, Malaysia, Sri Lanka or Tunisia",552,LK,11386,All other overseas exporters (residual amount)
20284749,2029-08-30,8712003010,"Consigned from Indonesia, Malaysia, Sri Lanka or Tunisia",552,MY,11386,All other overseas exporters (residual amount)
20130669,2029-08-30,8712003010,"Consigned from Indonesia, Malaysia, Sri Lanka or Tunisia",552,TN,12390,"Euro Cycles SA, Zone Industrielle Kelaa Kebira, 4060, Sousse, Tunisia"
20130671,2029-08-30,8712003010,"Consigned from Indonesia, Malaysia, Sri Lanka or Tunisia",552,TN,11386,All other overseas exporters (residual amount)
20130677,2029-08-30,8712003020,"Consigned from Cambodia, Pakistan or the Philippines",552,KH,12553,"A and J (Cambodia) Co., Ltd, Special Economic Zone Tai Seng Bavet, Sangkar Bavet, Krong Baver, Ket Svay Rieng, KH"
20130675,2029-08-30,8712003020,"Consigned from Cambodia, Pakistan or the Philippines",552,KH,12554,"Smart Tech (Cambodia) Co., Ltd, Tai Seng Bavet Special Economic Zone, National Road No 1, Bavet City, Svay Rieng, KH"
20130681,2029-08-30,8712003020,"Consigned from Cambodia, Pakistan or the Philippines",552,KH,12555,"Speedtech Industrial Co., Ltd, Manhattan (Svay Rieng) Special Economic Zone, National Road No 1, Sangkat Bavet, Krong Ba"
20130679,2029-08-30,8712003020,"Consigned from Cambodia, Pakistan or the Philippines",552,KH,12524,All Other Overseas Exporters (Residual Rate)
20130683,2029-08-30,8712003020,"Consigned from Cambodia, Pakistan or the Philippines",552,PH,12556,"Procycle Industrial Inc., Hong Chang Compound, Brgy. Lantic, Carmona, Cavite, PH"
20130685,2029-08-30,8712003020,"Consigned from Cambodia, Pakistan or the Philippines",552,PH,12524,All Other Overseas Exporters (Residual Rate)
20284752,2029-08-30,8712003020,"Consigned from Cambodia, Pakistan or the Philippines",552,PK,11386,All other overseas exporters (residual amount)
20285938,2029-08-30,8712007091,"Consigned from Indonesia, Malaysia, Sri Lanka or Tunisia",552,1011,,
20130640,2029-08-30,8712007091,"Consigned from Indonesia, Malaysia, Sri Lanka or Tunisia",552,CN,12353,Zhejiang Baoguilai Vehicle Co. Ltd.
20130644,2029-08-30,8712007091,"Consigned from Indonesia, Malaysia, Sri Lanka or Tunisia",552,CN,12354,"Oyama Technology (Jiangsu) Co., Ltd"
20130636,2029-08-30,8712007091,"Consigned from Indonesia, Malaysia, Sri Lanka or Tunisia",552,CN,12355,"Ideal (Dongguan) Bike Co., Ltd"
20130632,2029-08-30,8712007091,"Consigned from Indonesia, Malaysia, Sri Lanka or Tunisia",552,CN,11386,All other overseas exporters (residual amount)
20136381,2029-08-30,8712007091,"Consigned from Indonesia, Malaysia, Sri Lanka or Tunisia",552,CN,12905,Giant (China) Co. Ltd.
20130380,2029-08-30,8712007091,"Consigned from Indonesia, Malaysia, Sri Lanka or Tunisia",552,CN,13034,Universal Cycle Corporation (Guang Zhou)
20130652,2029-08-30,8712007091,"Consigned from Indonesia, Malaysia, Sri Lanka or Tunisia",552,ID,12383,"P.T. Insera Sena, 393 Jawa Street, Buduran, Sidoarjo 61252, Indonesia"
20130654,2029-08-30,8712007091,"Consigned from Indonesia, Malaysia, Sri Lanka or Tunisia",552,ID,12384,"PT Wijaya Indonesia Makmur Bicycle Industries (Wim Cycle), Raya Bambe KM. 20, Driyorejo, Gresik 61177, Jawa Timur, Indon"
20130658,2029-08-30,8712007091,"Consigned from Indonesia, Malaysia, Sri Lanka or Tunisia",552,ID,11386,All other overseas exporters (residual amount)
20130662,2029-08-30,8712007091,"Consigned from Indonesia, Malaysia, Sri Lanka or Tunisia",552,LK,12387,"Asiabike Industrial Limited, No 114, Galle Road, Henamulla, Panadura, Sri Lanka"
20130664,2029-08-30,8712007091,"Consigned from Indonesia, Malaysia, Sri Lanka or Tunisia",552,LK,12388,"BSH Ventures (Private) Limited, No. 84, Campbell Place, Colombo-10, Sri Lanka"
20130666,2029-08-30,8712007091,"Consigned from Indonesia, Malaysia, Sri Lanka or Tunisia",552,LK,12389,"Samson Bikes (Pvt) Ltd., No 110, Kumaran Rathnam Road, Colombo 02, Sri Lanka"
20130668,2029-08-30,8712007091,"Consigned from Indonesia, Malaysia, Sri Lanka or Tunisia",552,LK,11386,All other overseas exporters (residual amount)
20284755,2029-08-30,8712007091,"Consigned from Indonesia, Malaysia, Sri Lanka or Tunisia",552,MY,11386,All other overseas exporters (residual amount)
20130670,2029-08-30,8712007091,"Consigned from Indonesia, Malaysia, Sri Lanka or Tunisia",552,TN,12390,"Euro Cycles SA, Zone Industrielle Kelaa Kebira, 4060, Sousse, Tunisia"
20130672,2029-08-30,8712007091,"Consigned from Indonesia, Malaysia, Sri Lanka or Tunisia",552,TN,11386,All other overseas exporters (residual amount)
20130674,2029-08-30,8712007091,"Consigned from Indonesia, Malaysia, Sri Lanka or Tunisia",552,TN,12776,Look Design System S.A.
20286028,2029-08-30,8712007092,"Consigned from Cambodia, Pakistan or the Philippines",552,1011,,
20130641,2029-08-30,8712007092,"Consigned from Cambodia, Pakistan or the Philippines",552,CN,12353,Zhejiang Baoguilai Vehicle Co. Ltd.
20130645,2029-08-30,8712007092,"Consigned from Cambodia, Pakistan or the Philippines",552,CN,12354,"Oyama Technology (Jiangsu) Co., Ltd"
20130637,2029-08-30,8712007092,"Consigned from Cambodia, Pakistan or the Philippines",552,CN,12355,"Ideal (Dongguan) Bike Co., Ltd"
20130633,2029-08-30,8712007092,"Consigned from Cambodia, Pakistan or the Philippines",552,CN,11386,All other overseas exporters (residual amount)
20136382,2029-08-30,8712007092,"Consigned from Cambodia, Pakistan or the Philippines",552,CN,12905,Giant (China) Co. Ltd.
20130381,2029-08-30,8712007092,"Consigned from Cambodia, Pakistan or the Philippines",552,CN,13034,Universal Cycle Corporation (Guang Zhou)
20130678,2029-08-30,8712007092,"Consigned from Cambodia, Pakistan or the Philippines",552,KH,12553,"A and J (Cambodia) Co., Ltd, Special Economic Zone Tai Seng Bavet, Sangkar Bavet, Krong Baver, Ket Svay Rieng, KH"
20130676,2029-08-30,8712007092,"Consigned from Cambodia, Pakistan or the Philippines",552,KH,12554,"Smart Tech (Cambodia) Co., Ltd, Tai Seng Bavet Special Economic Zone, National Road No 1, Bavet City, Svay Rieng, KH"
20130682,2029-08-30,8712007092,"Consigned from Cambodia, Pakistan or the Philippines",552,KH,12555,"Speedtech Industrial Co., Ltd, Manhattan (Svay Rieng) Special Economic Zone, National Road No 1, Sangkat Bavet, Krong Ba"
20130680,2029-08-30,8712007092,"Consigned from Cambodia, Pakistan or the Philippines",552,KH,12524,All Other Overseas Exporters (Residual Rate)
20130684,2029-08-30,8712007092,"Consigned from Cambodia, Pakistan or the Philippines",552,PH,12556,"Procycle Industrial Inc., Hong Chang Compound, Brgy. Lantic, Carmona, Cavite, PH"
20284758,2029-08-30,8712007092,"Consigned from Cambodia, Pakistan or the Philippines",552,PK,11386,All other overseas exporters (residual amount)
20130642,2029-08-30,8712007099,Other,552,CN,12353,Zhejiang Baoguilai Vehicle Co. Ltd.
20130646,2029-08-30,8712007099,Other,552,CN,12354,"Oyama Technology (Jiangsu) Co., Ltd"
20130638,2029-08-30,8712007099,Other,552,CN,12355,"Ideal (Dongguan) Bike Co., Ltd"
20130634,2029-08-30,8712007099,Other,552,CN,11386,All other overseas exporters (residual amount)
20136383,2029-08-30,8712007099,Other,552,CN,12905,Giant (China) Co. Ltd.
20130382,2029-08-30,8712007099,Other,552,CN,13034,Universal Cycle Corporation (Guang Zhou)
20286092,2029-08-30,8714911031,"Constructed from carbon fibres and artificial resin, for use in the manufacture of bicycles (including e-bikes)",552,CN,11821,The goods are used in the assembly of cycles fitted with an auxiliary motor. An authorised use authorisation is required
20285940,2029-08-30,8714911031,"Constructed from carbon fibres and artificial resin, for use in the manufacture of bicycles (including e-bikes)",552,CN,14035,"MiRider Limited, Disklok House, Preston Road, Charnock Richard, Chorley, England, PR7 5HH"
20286106,2029-08-30,8714911031,"Constructed from carbon fibres and artificial resin, for use in the manufacture of bicycles (including e-bikes)",552,CN,14041,Frog Bikes Limited
20285954,2029-08-30,8714911031,"Constructed from carbon fibres and artificial resin, for use in the manufacture of bicycles (including e-bikes)",552,CN,14046,Winlong Garments Ltd
20286182,2029-08-30,8714911031,"Constructed from carbon fibres and artificial resin, for use in the manufacture of bicycles (including e-bikes)",552,CN,11816,"Planet X Ltd, Unit 38-41, Aldwarke Wharfe Business Park, Waddington Way, Rotherham, South Yorkshire GB-S65 3SH, UK"
20284857,2029-08-30,8714911031,"Constructed from carbon fibres and artificial resin, for use in the manufacture of bicycles (including e-bikes)",552,CN,12353,Zhejiang Baoguilai Vehicle Co. Ltd.
20284804,2029-08-30,8714911031,"Constructed from carbon fibres and artificial resin, for use in the manufacture of bicycles (including e-bikes)",552,CN,12354,"Oyama Technology (Jiangsu) Co., Ltd"
20284790,2029-08-30,8714911031,"Constructed from carbon fibres and artificial resin, for use in the manufacture of bicycles (including e-bikes)",552,CN,12355,"Ideal (Dongguan) Bike Co., Ltd"
20284871,2029-08-30,8714911031,"Constructed from carbon fibres and artificial resin, for use in the manufacture of bicycles (including e-bikes)",552,CN,11386,All other overseas exporters (residual amount)
20286168,2029-08-30,8714911031,"Constructed from carbon fibres and artificial resin, for use in the manufacture of bicycles (including e-bikes)",552,CN,12557,"Cycles Sport North Ltd, 363 Leach Place, Walton Summit Center, GB-PR5 8AS Preston"
20286154,2029-08-30,8714911031,"Constructed from carbon fibres and artificial resin, for use in the manufacture of bicycles (including e-bikes)",552,CN,14031,"The Martlet Group Ltd, Units 7-8b Mid Sussex Business Park Folders Lane East, Ditchling, Hassocks, West Sussex, BN6 8SE."
20284776,2029-08-30,8714911031,"Constructed from carbon fibres and artificial resin, for use in the manufacture of bicycles (including e-bikes)",552,CN,12905,Giant (China) Co. Ltd.
20284843,2029-08-30,8714911031,"Constructed from carbon fibres and artificial resin, for use in the manufacture of bicycles (including e-bikes)",552,CN,13034,Universal Cycle Corporation (Guang Zhou)
20286196,2029-08-30,8714911031,"Constructed from carbon fibres and artificial resin, for use in the manufacture of bicycles (including e-bikes)",552,CN,13086,"Frog Bikes Manufacturing Ltd' ('FBML'), Unit A, Mamhilad Park Estate, Pontypool, Torfaen, NP4 0HZ, UK"
20286078,2029-08-30,8714911031,"Constructed from carbon fibres and artificial resin, for use in the manufacture of bicycles (including e-bikes)",552,CN,13154,"The goods are used in the assembly of vehicles other than cycles, whether or not fitted with an auxiliary motor. An auth"
20286105,2029-08-30,8714911035,"Frame, constructed from aluminium or aluminium and carbon fibres and artificial resin, for the use in the manufacture of",552,CN,11821,The goods are used in the assembly of cycles fitted with an auxiliary motor. An authorised use authorisation is required
20285943,2029-08-30,8714911035,"Frame, constructed from aluminium or aluminium and carbon fibres and artificial resin, for the use in the manufacture of",552,CN,14035,"MiRider Limited, Disklok House, Preston Road, Charnock Richard, Chorley, England, PR7 5HH"
20286107,2029-08-30,8714911035,"Frame, constructed from aluminium or aluminium and carbon fibres and artificial resin, for the use in the manufacture of",552,CN,14041,Frog Bikes Limited
20285955,2029-08-30,8714911035,"Frame, constructed from aluminium or aluminium and carbon fibres and artificial resin, for the use in the manufacture of",552,CN,14046,Winlong Garments Ltd
20286195,2029-08-30,8714911035,"Frame, constructed from aluminium or aluminium and carbon fibres and artificial resin, for the use in the manufacture of",552,CN,11816,"Planet X Ltd, Unit 38-41, Aldwarke Wharfe Business Park, Waddington Way, Rotherham, South Yorkshire GB-S65 3SH, UK"
20284858,2029-08-30,8714911035,"Frame, constructed from aluminium or aluminium and carbon fibres and artificial resin, for the use in the manufacture of",552,CN,12353,Zhejiang Baoguilai Vehicle Co. Ltd.
20284805,2029-08-30,8714911035,"Frame, constructed from aluminium or aluminium and carbon fibres and artificial resin, for the use in the manufacture of",552,CN,12354,"Oyama Technology (Jiangsu) Co., Ltd"
20284791,2029-08-30,8714911035,"Frame, constructed from aluminium or aluminium and carbon fibres and artificial resin, for the use in the manufacture of",552,CN,12355,"Ideal (Dongguan) Bike Co., Ltd"
20284872,2029-08-30,8714911035,"Frame, constructed from aluminium or aluminium and carbon fibres and artificial resin, for the use in the manufacture of",552,CN,11386,All other overseas exporters (residual amount)
20286181,2029-08-30,8714911035,"Frame, constructed from aluminium or aluminium and carbon fibres and artificial resin, for the use in the manufacture of",552,CN,12557,"Cycles Sport North Ltd, 363 Leach Place, Walton Summit Center, GB-PR5 8AS Preston"
20286157,2029-08-30,8714911035,"Frame, constructed from aluminium or aluminium and carbon fibres and artificial resin, for the use in the manufacture of",552,CN,14031,"The Martlet Group Ltd, Units 7-8b Mid Sussex Business Park Folders Lane East, Ditchling, Hassocks, West Sussex, BN6 8SE."
20284777,2029-08-30,8714911035,"Frame, constructed from aluminium or aluminium and carbon fibres and artificial resin, for the use in the manufacture of",552,CN,12905,Giant (China) Co. Ltd.
20284844,2029-08-30,8714911035,"Frame, constructed from aluminium or aluminium and carbon fibres and artificial resin, for the use in the manufacture of",552,CN,13034,Universal Cycle Corporation (Guang Zhou)
20286197,2029-08-30,8714911035,"Frame, constructed from aluminium or aluminium and carbon fibres and artificial resin, for the use in the manufacture of",552,CN,13086,"Frog Bikes Manufacturing Ltd' ('FBML'), Unit A, Mamhilad Park Estate, Pontypool, Torfaen, NP4 0HZ, UK"
20286079,2029-08-30,8714911035,"Frame, constructed from aluminium or aluminium and carbon fibres and artificial resin, for the use in the manufacture of",552,CN,13154,"The goods are used in the assembly of vehicles other than cycles, whether or not fitted with an auxiliary motor. An auth"
20286093,2029-08-30,8714911039,Other,552,CN,11821,The goods are used in the assembly of cycles fitted with an auxiliary motor. An authorised use authorisation is required
20285946,2029-08-30,8714911039,Other,552,CN,14035,"MiRider Limited, Disklok House, Preston Road, Charnock Richard, Chorley, England, PR7 5HH"
20286108,2029-08-30,8714911039,Other,552,CN,14041,Frog Bikes Limited
20285956,2029-08-30,8714911039,Other,552,CN,14046,Winlong Garments Ltd
20286183,2029-08-30,8714911039,Other,552,CN,11816,"Planet X Ltd, Unit 38-41, Aldwarke Wharfe Business Park, Waddington Way, Rotherham, South Yorkshire GB-S65 3SH, UK"
20284859,2029-08-30,8714911039,Other,552,CN,12353,Zhejiang Baoguilai Vehicle Co. Ltd.
20284806,2029-08-30,8714911039,Other,552,CN,12354,"Oyama Technology (Jiangsu) Co., Ltd"
20284792,2029-08-30,8714911039,Other,552,CN,12355,"Ideal (Dongguan) Bike Co., Ltd"
20284873,2029-08-30,8714911039,Other,552,CN,11386,All other overseas exporters (residual amount)
20286169,2029-08-30,8714911039,Other,552,CN,12557,"Cycles Sport North Ltd, 363 Leach Place, Walton Summit Center, GB-PR5 8AS Preston"
20286160,2029-08-30,8714911039,Other,552,CN,14031,"The Martlet Group Ltd, Units 7-8b Mid Sussex Business Park Folders Lane East, Ditchling, Hassocks, West Sussex, BN6 8SE."
20284778,2029-08-30,8714911039,Other,552,CN,12905,Giant (China) Co. Ltd.
20284845,2029-08-30,8714911039,Other,552,CN,13034,Universal Cycle Corporation (Guang Zhou)
20286198,2029-08-30,8714911039,Other,552,CN,13086,"Frog Bikes Manufacturing Ltd' ('FBML'), Unit A, Mamhilad Park Estate, Pontypool, Torfaen, NP4 0HZ, UK"
20286080,2029-08-30,8714911039,Other,552,CN,13154,"The goods are used in the assembly of vehicles other than cycles, whether or not fitted with an auxiliary motor. An auth"
20286094,2029-08-30,8714913035,"Front forks, except rigid (non-telescopic) front forks made entirely of steel, for use in the manufacture of bicycles (i",552,CN,11821,The goods are used in the assembly of cycles fitted with an auxiliary motor. An authorised use authorisation is required
20285949,2029-08-30,8714913035,"Front forks, except rigid (non-telescopic) front forks made entirely of steel, for use in the manufacture of bicycles (i",552,CN,14035,"MiRider Limited, Disklok House, Preston Road, Charnock Richard, Chorley, England, PR7 5HH"
20286109,2029-08-30,8714913035,"Front forks, except rigid (non-telescopic) front forks made entirely of steel, for use in the manufacture of bicycles (i",552,CN,14041,Frog Bikes Limited
20285957,2029-08-30,8714913035,"Front forks, except rigid (non-telescopic) front forks made entirely of steel, for use in the manufacture of bicycles (i",552,CN,14046,Winlong Garments Ltd
20286184,2029-08-30,8714913035,"Front forks, except rigid (non-telescopic) front forks made entirely of steel, for use in the manufacture of bicycles (i",552,CN,11816,"Planet X Ltd, Unit 38-41, Aldwarke Wharfe Business Park, Waddington Way, Rotherham, South Yorkshire GB-S65 3SH, UK"
20284860,2029-08-30,8714913035,"Front forks, except rigid (non-telescopic) front forks made entirely of steel, for use in the manufacture of bicycles (i",552,CN,12353,Zhejiang Baoguilai Vehicle Co. Ltd.
20284807,2029-08-30,8714913035,"Front forks, except rigid (non-telescopic) front forks made entirely of steel, for use in the manufacture of bicycles (i",552,CN,12354,"Oyama Technology (Jiangsu) Co., Ltd"
20284793,2029-08-30,8714913035,"Front forks, except rigid (non-telescopic) front forks made entirely of steel, for use in the manufacture of bicycles (i",552,CN,12355,"Ideal (Dongguan) Bike Co., Ltd"
20284874,2029-08-30,8714913035,"Front forks, except rigid (non-telescopic) front forks made entirely of steel, for use in the manufacture of bicycles (i",552,CN,11386,All other overseas exporters (residual amount)
20286170,2029-08-30,8714913035,"Front forks, except rigid (non-telescopic) front forks made entirely of steel, for use in the manufacture of bicycles (i",552,CN,12557,"Cycles Sport North Ltd, 363 Leach Place, Walton Summit Center, GB-PR5 8AS Preston"
20286163,2029-08-30,8714913035,"Front forks, except rigid (non-telescopic) front forks made entirely of steel, for use in the manufacture of bicycles (i",552,CN,14031,"The Martlet Group Ltd, Units 7-8b Mid Sussex Business Park Folders Lane East, Ditchling, Hassocks, West Sussex, BN6 8SE."
20284779,2029-08-30,8714913035,"Front forks, except rigid (non-telescopic) front forks made entirely of steel, for use in the manufacture of bicycles (i",552,CN,12905,Giant (China) Co. Ltd.
20284846,2029-08-30,8714913035,"Front forks, except rigid (non-telescopic) front forks made entirely of steel, for use in the manufacture of bicycles (i",552,CN,13034,Universal Cycle Corporation (Guang Zhou)
20286199,2029-08-30,8714913035,"Front forks, except rigid (non-telescopic) front forks made entirely of steel, for use in the manufacture of bicycles (i",552,CN,13086,"Frog Bikes Manufacturing Ltd' ('FBML'), Unit A, Mamhilad Park Estate, Pontypool, Torfaen, NP4 0HZ, UK"
20286081,2029-08-30,8714913035,"Front forks, except rigid (non-telescopic) front forks made entirely of steel, for use in the manufacture of bicycles (i",552,CN,13154,"The goods are used in the assembly of vehicles other than cycles, whether or not fitted with an auxiliary motor. An auth"
20286095,2029-08-30,8714913039,Other,552,CN,11821,The goods are used in the assembly of cycles fitted with an auxiliary motor. An authorised use authorisation is required
20285952,2029-08-30,8714913039,Other,552,CN,14035,"MiRider Limited, Disklok House, Preston Road, Charnock Richard, Chorley, England, PR7 5HH"
20286110,2029-08-30,8714913039,Other,552,CN,14041,Frog Bikes Limited
20285958,2029-08-30,8714913039,Other,552,CN,14046,Winlong Garments Ltd
20286185,2029-08-30,8714913039,Other,552,CN,11816,"Planet X Ltd, Unit 38-41, Aldwarke Wharfe Business Park, Waddington Way, Rotherham, South Yorkshire GB-S65 3SH, UK"
20284861,2029-08-30,8714913039,Other,552,CN,12353,Zhejiang Baoguilai Vehicle Co. Ltd.
20284808,2029-08-30,8714913039,Other,552,CN,12354,"Oyama Technology (Jiangsu) Co., Ltd"
20284794,2029-08-30,8714913039,Other,552,CN,12355,"Ideal (Dongguan) Bike Co., Ltd"
20284875,2029-08-30,8714913039,Other,552,CN,11386,All other overseas exporters (residual amount)
20286171,2029-08-30,8714913039,Other,552,CN,12557,"Cycles Sport North Ltd, 363 Leach Place, Walton Summit Center, GB-PR5 8AS Preston"
20286166,2029-08-30,8714913039,Other,552,CN,14031,"The Martlet Group Ltd, Units 7-8b Mid Sussex Business Park Folders Lane East, Ditchling, Hassocks, West Sussex, BN6 8SE."
20284780,2029-08-30,8714913039,Other,552,CN,12905,Giant (China) Co. Ltd.
20284847,2029-08-30,8714913039,Other,552,CN,13034,Universal Cycle Corporation (Guang Zhou)
20286200,2029-08-30,8714913039,Other,552,CN,13086,"Frog Bikes Manufacturing Ltd' ('FBML'), Unit A, Mamhilad Park Estate, Pontypool, Torfaen, NP4 0HZ, UK"
20286082,2029-08-30,8714913039,Other,552,CN,13154,"The goods are used in the assembly of vehicles other than cycles, whether or not fitted with an auxiliary motor. An auth"
20286096,2029-08-30,8714930019,Other,552,CN,11821,The goods are used in the assembly of cycles fitted with an auxiliary motor. An authorised use authorisation is required
20285941,2029-08-30,8714930019,Other,552,CN,14035,"MiRider Limited, Disklok House, Preston Road, Charnock Richard, Chorley, England, PR7 5HH"
20286111,2029-08-30,8714930019,Other,552,CN,14041,Frog Bikes Limited
20285959,2029-08-30,8714930019,Other,552,CN,14046,Winlong Garments Ltd
20286186,2029-08-30,8714930019,Other,552,CN,11816,"Planet X Ltd, Unit 38-41, Aldwarke Wharfe Business Park, Waddington Way, Rotherham, South Yorkshire GB-S65 3SH, UK"
20284862,2029-08-30,8714930019,Other,552,CN,12353,Zhejiang Baoguilai Vehicle Co. Ltd.
20284809,2029-08-30,8714930019,Other,552,CN,12354,"Oyama Technology (Jiangsu) Co., Ltd"
20284795,2029-08-30,8714930019,Other,552,CN,12355,"Ideal (Dongguan) Bike Co., Ltd"
20284876,2029-08-30,8714930019,Other,552,CN,11386,All other overseas exporters (residual amount)
20286172,2029-08-30,8714930019,Other,552,CN,12557,"Cycles Sport North Ltd, 363 Leach Place, Walton Summit Center, GB-PR5 8AS Preston"
20286155,2029-08-30,8714930019,Other,552,CN,14031,"The Martlet Group Ltd, Units 7-8b Mid Sussex Business Park Folders Lane East, Ditchling, Hassocks, West Sussex, BN6 8SE."
20284781,2029-08-30,8714930019,Other,552,CN,12905,Giant (China) Co. Ltd.
20284848,2029-08-30,8714930019,Other,552,CN,13034,Universal Cycle Corporation (Guang Zhou)
20286201,2029-08-30,8714930019,Other,552,CN,13086,"Frog Bikes Manufacturing Ltd' ('FBML'), Unit A, Mamhilad Park Estate, Pontypool, Torfaen, NP4 0HZ, UK"
20286083,2029-08-30,8714930019,Other,552,CN,13154,"The goods are used in the assembly of vehicles other than cycles, whether or not fitted with an auxiliary motor. An auth"
20286097,2029-08-30,8714942099,Other,552,CN,11821,The goods are used in the assembly of cycles fitted with an auxiliary motor. An authorised use authorisation is required
20285944,2029-08-30,8714942099,Other,552,CN,14035,"MiRider Limited, Disklok House, Preston Road, Charnock Richard, Chorley, England, PR7 5HH"
20286112,2029-08-30,8714942099,Other,552,CN,14041,Frog Bikes Limited
20285960,2029-08-30,8714942099,Other,552,CN,14046,Winlong Garments Ltd
20286187,2029-08-30,8714942099,Other,552,CN,11816,"Planet X Ltd, Unit 38-41, Aldwarke Wharfe Business Park, Waddington Way, Rotherham, South Yorkshire GB-S65 3SH, UK"
20284863,2029-08-30,8714942099,Other,552,CN,12353,Zhejiang Baoguilai Vehicle Co. Ltd.
20284810,2029-08-30,8714942099,Other,552,CN,12354,"Oyama Technology (Jiangsu) Co., Ltd"
20284796,2029-08-30,8714942099,Other,552,CN,12355,"Ideal (Dongguan) Bike Co., Ltd"
20284877,2029-08-30,8714942099,Other,552,CN,11386,All other overseas exporters (residual amount)
20286173,2029-08-30,8714942099,Other,552,CN,12557,"Cycles Sport North Ltd, 363 Leach Place, Walton Summit Center, GB-PR5 8AS Preston"
20286158,2029-08-30,8714942099,Other,552,CN,14031,"The Martlet Group Ltd, Units 7-8b Mid Sussex Business Park Folders Lane East, Ditchling, Hassocks, West Sussex, BN6 8SE."
20284782,2029-08-30,8714942099,Other,552,CN,12905,Giant (China) Co. Ltd.
20284849,2029-08-30,8714942099,Other,552,CN,13034,Universal Cycle Corporation (Guang Zhou)
20286202,2029-08-30,8714942099,Other,552,CN,13086,"Frog Bikes Manufacturing Ltd' ('FBML'), Unit A, Mamhilad Park Estate, Pontypool, Torfaen, NP4 0HZ, UK"
20286084,2029-08-30,8714942099,Other,552,CN,13154,"The goods are used in the assembly of vehicles other than cycles, whether or not fitted with an auxiliary motor. An auth"
20286098,2029-08-30,8714949019,Other,552,CN,11821,The goods are used in the assembly of cycles fitted with an auxiliary motor. An authorised use authorisation is required
20285947,2029-08-30,8714949019,Other,552,CN,14035,"MiRider Limited, Disklok House, Preston Road, Charnock Richard, Chorley, England, PR7 5HH"
20286113,2029-08-30,8714949019,Other,552,CN,14041,Frog Bikes Limited
20285961,2029-08-30,8714949019,Other,552,CN,14046,Winlong Garments Ltd
20286188,2029-08-30,8714949019,Other,552,CN,11816,"Planet X Ltd, Unit 38-41, Aldwarke Wharfe Business Park, Waddington Way, Rotherham, South Yorkshire GB-S65 3SH, UK"
20284864,2029-08-30,8714949019,Other,552,CN,12353,Zhejiang Baoguilai Vehicle Co. Ltd.
20284811,2029-08-30,8714949019,Other,552,CN,12354,"Oyama Technology (Jiangsu) Co., Ltd"
20284797,2029-08-30,8714949019,Other,552,CN,12355,"Ideal (Dongguan) Bike Co., Ltd"
20284878,2029-08-30,8714949019,Other,552,CN,11386,All other overseas exporters (residual amount)
20286174,2029-08-30,8714949019,Other,552,CN,12557,"Cycles Sport North Ltd, 363 Leach Place, Walton Summit Center, GB-PR5 8AS Preston"
20286161,2029-08-30,8714949019,Other,552,CN,14031,"The Martlet Group Ltd, Units 7-8b Mid Sussex Business Park Folders Lane East, Ditchling, Hassocks, West Sussex, BN6 8SE."
20284783,2029-08-30,8714949019,Other,552,CN,12905,Giant (China) Co. Ltd.
20284850,2029-08-30,8714949019,Other,552,CN,13034,Universal Cycle Corporation (Guang Zhou)
20286203,2029-08-30,8714949019,Other,552,CN,13086,"Frog Bikes Manufacturing Ltd' ('FBML'), Unit A, Mamhilad Park Estate, Pontypool, Torfaen, NP4 0HZ, UK"
20286085,2029-08-30,8714949019,Other,552,CN,13154,"The goods are used in the assembly of vehicles other than cycles, whether or not fitted with an auxiliary motor. An auth"
20286099,2029-08-30,8714963090,Other,552,CN,11821,The goods are used in the assembly of cycles fitted with an auxiliary motor. An authorised use authorisation is required
20285950,2029-08-30,8714963090,Other,552,CN,14035,"MiRider Limited, Disklok House, Preston Road, Charnock Richard, Chorley, England, PR7 5HH"
20286114,2029-08-30,8714963090,Other,552,CN,14041,Frog Bikes Limited
20285962,2029-08-30,8714963090,Other,552,CN,14046,Winlong Garments Ltd
20286189,2029-08-30,8714963090,Other,552,CN,11816,"Planet X Ltd, Unit 38-41, Aldwarke Wharfe Business Park, Waddington Way, Rotherham, South Yorkshire GB-S65 3SH, UK"
20284865,2029-08-30,8714963090,Other,552,CN,12353,Zhejiang Baoguilai Vehicle Co. Ltd.
20284812,2029-08-30,8714963090,Other,552,CN,12354,"Oyama Technology (Jiangsu) Co., Ltd"
20284798,2029-08-30,8714963090,Other,552,CN,12355,"Ideal (Dongguan) Bike Co., Ltd"
20284879,2029-08-30,8714963090,Other,552,CN,11386,All other overseas exporters (residual amount)
20286175,2029-08-30,8714963090,Other,552,CN,12557,"Cycles Sport North Ltd, 363 Leach Place, Walton Summit Center, GB-PR5 8AS Preston"
20286164,2029-08-30,8714963090,Other,552,CN,14031,"The Martlet Group Ltd, Units 7-8b Mid Sussex Business Park Folders Lane East, Ditchling, Hassocks, West Sussex, BN6 8SE."
20284784,2029-08-30,8714963090,Other,552,CN,12905,Giant (China) Co. Ltd.
20284851,2029-08-30,8714963090,Other,552,CN,13034,Universal Cycle Corporation (Guang Zhou)
20286204,2029-08-30,8714963090,Other,552,CN,13086,"Frog Bikes Manufacturing Ltd' ('FBML'), Unit A, Mamhilad Park Estate, Pontypool, Torfaen, NP4 0HZ, UK"
20286086,2029-08-30,8714963090,Other,552,CN,13154,"The goods are used in the assembly of vehicles other than cycles, whether or not fitted with an auxiliary motor. An auth"
20286100,2029-08-30,8714991089,"Bicycle handlebars,<br>- with or without integrated stem,<br>- either made out of carbon fibres and synthetic resin or m",552,CN,11821,The goods are used in the assembly of cycles fitted with an auxiliary motor. An authorised use authorisation is required
20285953,2029-08-30,8714991089,"Bicycle handlebars,<br>- with or without integrated stem,<br>- either made out of carbon fibres and synthetic resin or m",552,CN,14035,"MiRider Limited, Disklok House, Preston Road, Charnock Richard, Chorley, England, PR7 5HH"
20286115,2029-08-30,8714991089,"Bicycle handlebars,<br>- with or without integrated stem,<br>- either made out of carbon fibres and synthetic resin or m",552,CN,14041,Frog Bikes Limited
20285963,2029-08-30,8714991089,"Bicycle handlebars,<br>- with or without integrated stem,<br>- either made out of carbon fibres and synthetic resin or m",552,CN,14046,Winlong Garments Ltd
20286190,2029-08-30,8714991089,"Bicycle handlebars,<br>- with or without integrated stem,<br>- either made out of carbon fibres and synthetic resin or m",552,CN,11816,"Planet X Ltd, Unit 38-41, Aldwarke Wharfe Business Park, Waddington Way, Rotherham, South Yorkshire GB-S65 3SH, UK"
20284866,2029-08-30,8714991089,"Bicycle handlebars,<br>- with or without integrated stem,<br>- either made out of carbon fibres and synthetic resin or m",552,CN,12353,Zhejiang Baoguilai Vehicle Co. Ltd.
20284813,2029-08-30,8714991089,"Bicycle handlebars,<br>- with or without integrated stem,<br>- either made out of carbon fibres and synthetic resin or m",552,CN,12354,"Oyama Technology (Jiangsu) Co., Ltd"
20284799,2029-08-30,8714991089,"Bicycle handlebars,<br>- with or without integrated stem,<br>- either made out of carbon fibres and synthetic resin or m",552,CN,12355,"Ideal (Dongguan) Bike Co., Ltd"
20284880,2029-08-30,8714991089,"Bicycle handlebars,<br>- with or without integrated stem,<br>- either made out of carbon fibres and synthetic resin or m",552,CN,11386,All other overseas exporters (residual amount)
20286176,2029-08-30,8714991089,"Bicycle handlebars,<br>- with or without integrated stem,<br>- either made out of carbon fibres and synthetic resin or m",552,CN,12557,"Cycles Sport North Ltd, 363 Leach Place, Walton Summit Center, GB-PR5 8AS Preston"
20286167,2029-08-30,8714991089,"Bicycle handlebars,<br>- with or without integrated stem,<br>- either made out of carbon fibres and synthetic resin or m",552,CN,14031,"The Martlet Group Ltd, Units 7-8b Mid Sussex Business Park Folders Lane East, Ditchling, Hassocks, West Sussex, BN6 8SE."
20284785,2029-08-30,8714991089,"Bicycle handlebars,<br>- with or without integrated stem,<br>- either made out of carbon fibres and synthetic resin or m",552,CN,12905,Giant (China) Co. Ltd.
20284852,2029-08-30,8714991089,"Bicycle handlebars,<br>- with or without integrated stem,<br>- either made out of carbon fibres and synthetic resin or m",552,CN,13034,Universal Cycle Corporation (Guang Zhou)
20286205,2029-08-30,8714991089,"Bicycle handlebars,<br>- with or without integrated stem,<br>- either made out of carbon fibres and synthetic resin or m",552,CN,13086,"Frog Bikes Manufacturing Ltd' ('FBML'), Unit A, Mamhilad Park Estate, Pontypool, Torfaen, NP4 0HZ, UK"
20286087,2029-08-30,8714991089,"Bicycle handlebars,<br>- with or without integrated stem,<br>- either made out of carbon fibres and synthetic resin or m",552,CN,13154,"The goods are used in the assembly of vehicles other than cycles, whether or not fitted with an auxiliary motor. An auth"
20286101,2029-08-30,8714991099,Other,552,CN,11821,The goods are used in the assembly of cycles fitted with an auxiliary motor. An authorised use authorisation is required
20285942,2029-08-30,8714991099,Other,552,CN,14035,"MiRider Limited, Disklok House, Preston Road, Charnock Richard, Chorley, England, PR7 5HH"
20286116,2029-08-30,8714991099,Other,552,CN,14041,Frog Bikes Limited
20285964,2029-08-30,8714991099,Other,552,CN,14046,Winlong Garments Ltd
20286191,2029-08-30,8714991099,Other,552,CN,11816,"Planet X Ltd, Unit 38-41, Aldwarke Wharfe Business Park, Waddington Way, Rotherham, South Yorkshire GB-S65 3SH, UK"
20284867,2029-08-30,8714991099,Other,552,CN,12353,Zhejiang Baoguilai Vehicle Co. Ltd.
20284814,2029-08-30,8714991099,Other,552,CN,12354,"Oyama Technology (Jiangsu) Co., Ltd"
20284800,2029-08-30,8714991099,Other,552,CN,12355,"Ideal (Dongguan) Bike Co., Ltd"
20284881,2029-08-30,8714991099,Other,552,CN,11386,All other overseas exporters (residual amount)
20286177,2029-08-30,8714991099,Other,552,CN,12557,"Cycles Sport North Ltd, 363 Leach Place, Walton Summit Center, GB-PR5 8AS Preston"
20286156,2029-08-30,8714991099,Other,552,CN,14031,"The Martlet Group Ltd, Units 7-8b Mid Sussex Business Park Folders Lane East, Ditchling, Hassocks, West Sussex, BN6 8SE."
20284786,2029-08-30,8714991099,Other,552,CN,12905,Giant (China) Co. Ltd.
20284853,2029-08-30,8714991099,Other,552,CN,13034,Universal Cycle Corporation (Guang Zhou)
20286206,2029-08-30,8714991099,Other,552,CN,13086,"Frog Bikes Manufacturing Ltd' ('FBML'), Unit A, Mamhilad Park Estate, Pontypool, Torfaen, NP4 0HZ, UK"
20286088,2029-08-30,8714991099,Other,552,CN,13154,"The goods are used in the assembly of vehicles other than cycles, whether or not fitted with an auxiliary motor. An auth"
20286102,2029-08-30,8714995091,"Derailleur gears, consisting of:<br>-rear derailleur and mounting articles,<br>-with or without front derailleur,<br>for",552,CN,11821,The goods are used in the assembly of cycles fitted with an auxiliary motor. An authorised use authorisation is required
20285945,2029-08-30,8714995091,"Derailleur gears, consisting of:<br>-rear derailleur and mounting articles,<br>-with or without front derailleur,<br>for",552,CN,14035,"MiRider Limited, Disklok House, Preston Road, Charnock Richard, Chorley, England, PR7 5HH"
20286117,2029-08-30,8714995091,"Derailleur gears, consisting of:<br>-rear derailleur and mounting articles,<br>-with or without front derailleur,<br>for",552,CN,14041,Frog Bikes Limited
20285965,2029-08-30,8714995091,"Derailleur gears, consisting of:<br>-rear derailleur and mounting articles,<br>-with or without front derailleur,<br>for",552,CN,14046,Winlong Garments Ltd
20286192,2029-08-30,8714995091,"Derailleur gears, consisting of:<br>-rear derailleur and mounting articles,<br>-with or without front derailleur,<br>for",552,CN,11816,"Planet X Ltd, Unit 38-41, Aldwarke Wharfe Business Park, Waddington Way, Rotherham, South Yorkshire GB-S65 3SH, UK"
20284868,2029-08-30,8714995091,"Derailleur gears, consisting of:<br>-rear derailleur and mounting articles,<br>-with or without front derailleur,<br>for",552,CN,12353,Zhejiang Baoguilai Vehicle Co. Ltd.
20284815,2029-08-30,8714995091,"Derailleur gears, consisting of:<br>-rear derailleur and mounting articles,<br>-with or without front derailleur,<br>for",552,CN,12354,"Oyama Technology (Jiangsu) Co., Ltd"
20284801,2029-08-30,8714995091,"Derailleur gears, consisting of:<br>-rear derailleur and mounting articles,<br>-with or without front derailleur,<br>for",552,CN,12355,"Ideal (Dongguan) Bike Co., Ltd"
20284882,2029-08-30,8714995091,"Derailleur gears, consisting of:<br>-rear derailleur and mounting articles,<br>-with or without front derailleur,<br>for",552,CN,11386,All other overseas exporters (residual amount)
20286178,2029-08-30,8714995091,"Derailleur gears, consisting of:<br>-rear derailleur and mounting articles,<br>-with or without front derailleur,<br>for",552,CN,12557,"Cycles Sport North Ltd, 363 Leach Place, Walton Summit Center, GB-PR5 8AS Preston"
20286159,2029-08-30,8714995091,"Derailleur gears, consisting of:<br>-rear derailleur and mounting articles,<br>-with or without front derailleur,<br>for",552,CN,14031,"The Martlet Group Ltd, Units 7-8b Mid Sussex Business Park Folders Lane East, Ditchling, Hassocks, West Sussex, BN6 8SE."
20284787,2029-08-30,8714995091,"Derailleur gears, consisting of:<br>-rear derailleur and mounting articles,<br>-with or without front derailleur,<br>for",552,CN,12905,Giant (China) Co. Ltd.
20284854,2029-08-30,8714995091,"Derailleur gears, consisting of:<br>-rear derailleur and mounting articles,<br>-with or without front derailleur,<br>for",552,CN,13034,Universal Cycle Corporation (Guang Zhou)
20286207,2029-08-30,8714995091,"Derailleur gears, consisting of:<br>-rear derailleur and mounting articles,<br>-with or without front derailleur,<br>for",552,CN,13086,"Frog Bikes Manufacturing Ltd' ('FBML'), Unit A, Mamhilad Park Estate, Pontypool, Torfaen, NP4 0HZ, UK"
20286089,2029-08-30,8714995091,"Derailleur gears, consisting of:<br>-rear derailleur and mounting articles,<br>-with or without front derailleur,<br>for",552,CN,13154,"The goods are used in the assembly of vehicles other than cycles, whether or not fitted with an auxiliary motor. An auth"
20286103,2029-08-30,8714995099,Other,552,CN,11821,The goods are used in the assembly of cycles fitted with an auxiliary motor. An authorised use authorisation is required
20285948,2029-08-30,8714995099,Other,552,CN,14035,"MiRider Limited, Disklok House, Preston Road, Charnock Richard, Chorley, England, PR7 5HH"
20286118,2029-08-30,8714995099,Other,552,CN,14041,Frog Bikes Limited
20285966,2029-08-30,8714995099,Other,552,CN,14046,Winlong Garments Ltd
20286193,2029-08-30,8714995099,Other,552,CN,11816,"Planet X Ltd, Unit 38-41, Aldwarke Wharfe Business Park, Waddington Way, Rotherham, South Yorkshire GB-S65 3SH, UK"
20284869,2029-08-30,8714995099,Other,552,CN,12353,Zhejiang Baoguilai Vehicle Co. Ltd.
20284816,2029-08-30,8714995099,Other,552,CN,12354,"Oyama Technology (Jiangsu) Co., Ltd"
20284802,2029-08-30,8714995099,Other,552,CN,12355,"Ideal (Dongguan) Bike Co., Ltd"
20284883,2029-08-30,8714995099,Other,552,CN,11386,All other overseas exporters (residual amount)
20286179,2029-08-30,8714995099,Other,552,CN,12557,"Cycles Sport North Ltd, 363 Leach Place, Walton Summit Center, GB-PR5 8AS Preston"
20286162,2029-08-30,8714995099,Other,552,CN,14031,"The Martlet Group Ltd, Units 7-8b Mid Sussex Business Park Folders Lane East, Ditchling, Hassocks, West Sussex, BN6 8SE."
20284788,2029-08-30,8714995099,Other,552,CN,12905,Giant (China) Co. Ltd.
20284855,2029-08-30,8714995099,Other,552,CN,13034,Universal Cycle Corporation (Guang Zhou)
20286208,2029-08-30,8714995099,Other,552,CN,13086,"Frog Bikes Manufacturing Ltd' ('FBML'), Unit A, Mamhilad Park Estate, Pontypool, Torfaen, NP4 0HZ, UK"
20286090,2029-08-30,8714995099,Other,552,CN,13154,"The goods are used in the assembly of vehicles other than cycles, whether or not fitted with an auxiliary motor. An auth"
20286104,2029-08-30,8714999019,Other,552,CN,11821,The goods are used in the assembly of cycles fitted with an auxiliary motor. An authorised use authorisation is required
20285951,2029-08-30,8714999019,Other,552,CN,14035,"MiRider Limited, Disklok House, Preston Road, Charnock Richard, Chorley, England, PR7 5HH"
20286119,2029-08-30,8714999019,Other,552,CN,14041,Frog Bikes Limited
20285967,2029-08-30,8714999019,Other,552,CN,14046,Winlong Garments Ltd
20286194,2029-08-30,8714999019,Other,552,CN,11816,"Planet X Ltd, Unit 38-41, Aldwarke Wharfe Business Park, Waddington Way, Rotherham, South Yorkshire GB-S65 3SH, UK"
20284870,2029-08-30,8714999019,Other,552,CN,12353,Zhejiang Baoguilai Vehicle Co. Ltd.
20284817,2029-08-30,8714999019,Other,552,CN,12354,"Oyama Technology (Jiangsu) Co., Ltd"
20284803,2029-08-30,8714999019,Other,552,CN,12355,"Ideal (Dongguan) Bike Co., Ltd"
20284884,2029-08-30,8714999019,Other,552,CN,11386,All other overseas exporters (residual amount)
20286180,2029-08-30,8714999019,Other,552,CN,12557,"Cycles Sport North Ltd, 363 Leach Place, Walton Summit Center, GB-PR5 8AS Preston"
20286165,2029-08-30,8714999019,Other,552,CN,14031,"The Martlet Group Ltd, Units 7-8b Mid Sussex Business Park Folders Lane East, Ditchling, Hassocks, West Sussex, BN6 8SE."
20284789,2029-08-30,8714999019,Other,552,CN,12905,Giant (China) Co. Ltd.
20284856,2029-08-30,8714999019,Other,552,CN,13034,Universal Cycle Corporation (Guang Zhou)
20286209,2029-08-30,8714999019,Other,552,CN,13086,"Frog Bikes Manufacturing Ltd' ('FBML'), Unit A, Mamhilad Park Estate, Pontypool, Torfaen, NP4 0HZ, UK"
20286091,2029-08-30,8714999019,Other,552,CN,13154,"The goods are used in the assembly of vehicles other than cycles, whether or not fitted with an auxiliary motor. An auth"
20042611,2029-10-03,3924900010,"Ironing boards, including sleeve boards, whether or not free standing, and legs and tops thereof",552,CN,10120,"Foshan City Gaoming Lihe<br>Daily Necessities Co. Ltd.,<br>Foshan<br>"
20042617,2029-10-03,3924900010,"Ironing boards, including sleeve boards, whether or not free standing, and legs and tops thereof",552,CN,10121,"Guangzhou Power Team Houseware Co. Ltd., Guangzhou"
20042623,2029-10-03,3924900010,"Ironing boards, including sleeve boards, whether or not free standing, and legs and tops thereof",552,CN,10122,"Since Hardware (Guangzhou) Co., Ltd., Guangzhou"
20042629,2029-10-03,3924900010,"Ironing boards, including sleeve boards, whether or not free standing, and legs and tops thereof",552,CN,10123,"Guangdong Wireking Household Supplies Co. Ltd, Foshan"
20042635,2029-10-03,3924900010,"Ironing boards, including sleeve boards, whether or not free standing, and legs and tops thereof",552,CN,10124,"Zhejiang Harmonic Hardware Products Co. Ltd., Guzhou"
20042641,2029-10-03,3924900010,"Ironing boards, including sleeve boards, whether or not free standing, and legs and tops thereof",552,CN,11052,"Greenwood Houseware (Zhuhai) Ltd, Guangdong"
20042312,2029-10-03,3924900010,"Ironing boards, including sleeve boards, whether or not free standing, and legs and tops thereof",552,CN,5433,Other
20042612,2029-10-03,4421999910,"Ironing boards, including sleeve boards, whether or not free standing, and legs and tops thereof",552,CN,10120,"Foshan City Gaoming Lihe<br>Daily Necessities Co. Ltd.,<br>Foshan<br>"
20042618,2029-10-03,4421999910,"Ironing boards, including sleeve boards, whether or not free standing, and legs and tops thereof",552,CN,10121,"Guangzhou Power Team Houseware Co. Ltd., Guangzhou"
20042624,2029-10-03,4421999910,"Ironing boards, including sleeve boards, whether or not free standing, and legs and tops thereof",552,CN,10122,"Since Hardware (Guangzhou) Co., Ltd., Guangzhou"
20042630,2029-10-03,4421999910,"Ironing boards, including sleeve boards, whether or not free standing, and legs and tops thereof",552,CN,10123,"Guangdong Wireking Household Supplies Co. Ltd, Foshan"
20042636,2029-10-03,4421999910,"Ironing boards, including sleeve boards, whether or not free standing, and legs and tops thereof",552,CN,10124,"Zhejiang Harmonic Hardware Products Co. Ltd., Guzhou"
20042642,2029-10-03,4421999910,"Ironing boards, including sleeve boards, whether or not free standing, and legs and tops thereof",552,CN,11052,"Greenwood Houseware (Zhuhai) Ltd, Guangdong"
20042313,2029-10-03,4421999910,"Ironing boards, including sleeve boards, whether or not free standing, and legs and tops thereof",552,CN,5433,Other
20042613,2029-10-03,7323930010,"Ironing boards, including sleeve boards, whether or not free standing, and legs, tops and iron rests thereof",552,CN,10120,"Foshan City Gaoming Lihe<br>Daily Necessities Co. Ltd.,<br>Foshan<br>"
20042619,2029-10-03,7323930010,"Ironing boards, including sleeve boards, whether or not free standing, and legs, tops and iron rests thereof",552,CN,10121,"Guangzhou Power Team Houseware Co. Ltd., Guangzhou"
20042625,2029-10-03,7323930010,"Ironing boards, including sleeve boards, whether or not free standing, and legs, tops and iron rests thereof",552,CN,10122,"Since Hardware (Guangzhou) Co., Ltd., Guangzhou"
20042631,2029-10-03,7323930010,"Ironing boards, including sleeve boards, whether or not free standing, and legs, tops and iron rests thereof",552,CN,10123,"Guangdong Wireking Household Supplies Co. Ltd, Foshan"
20042637,2029-10-03,7323930010,"Ironing boards, including sleeve boards, whether or not free standing, and legs, tops and iron rests thereof",552,CN,10124,"Zhejiang Harmonic Hardware Products Co. Ltd., Guzhou"
20042643,2029-10-03,7323930010,"Ironing boards, including sleeve boards, whether or not free standing, and legs, tops and iron rests thereof",552,CN,11052,"Greenwood Houseware (Zhuhai) Ltd, Guangdong"
20042340,2029-10-03,7323930010,"Ironing boards, including sleeve boards, whether or not free standing, and legs, tops and iron rests thereof",552,CN,5433,Other
20042614,2029-10-03,7323990010,"Ironing boards, including sleeve boards, whether or not free standing, and legs, tops and iron rests thereof",552,CN,10120,"Foshan City Gaoming Lihe<br>Daily Necessities Co. Ltd.,<br>Foshan<br>"
20042620,2029-10-03,7323990010,"Ironing boards, including sleeve boards, whether or not free standing, and legs, tops and iron rests thereof",552,CN,10121,"Guangzhou Power Team Houseware Co. Ltd., Guangzhou"
20042626,2029-10-03,7323990010,"Ironing boards, including sleeve boards, whether or not free standing, and legs, tops and iron rests thereof",552,CN,10122,"Since Hardware (Guangzhou) Co., Ltd., Guangzhou"
20042632,2029-10-03,7323990010,"Ironing boards, including sleeve boards, whether or not free standing, and legs, tops and iron rests thereof",552,CN,10123,"Guangdong Wireking Household Supplies Co. Ltd, Foshan"
20042638,2029-10-03,7323990010,"Ironing boards, including sleeve boards, whether or not free standing, and legs, tops and iron rests thereof",552,CN,10124,"Zhejiang Harmonic Hardware Products Co. Ltd., Guzhou"
20042644,2029-10-03,7323990010,"Ironing boards, including sleeve boards, whether or not free standing, and legs, tops and iron rests thereof",552,CN,11052,"Greenwood Houseware (Zhuhai) Ltd, Guangdong"
20042341,2029-10-03,7323990010,"Ironing boards, including sleeve boards, whether or not free standing, and legs, tops and iron rests thereof",552,CN,5433,Other
20042615,2029-10-03,8516797010,"Ironing boards, including sleeve boards, whether or not free standing, with a steam soaking and/or heating top and/or bl",552,CN,10120,"Foshan City Gaoming Lihe<br>Daily Necessities Co. Ltd.,<br>Foshan<br>"
20042621,2029-10-03,8516797010,"Ironing boards, including sleeve boards, whether or not free standing, with a steam soaking and/or heating top and/or bl",552,CN,10121,"Guangzhou Power Team Houseware Co. Ltd., Guangzhou"
20042627,2029-10-03,8516797010,"Ironing boards, including sleeve boards, whether or not free standing, with a steam soaking and/or heating top and/or bl",552,CN,10122,"Since Hardware (Guangzhou) Co., Ltd., Guangzhou"
20042633,2029-10-03,8516797010,"Ironing boards, including sleeve boards, whether or not free standing, with a steam soaking and/or heating top and/or bl",552,CN,10123,"Guangdong Wireking Household Supplies Co. Ltd, Foshan"
20042639,2029-10-03,8516797010,"Ironing boards, including sleeve boards, whether or not free standing, with a steam soaking and/or heating top and/or bl",552,CN,10124,"Zhejiang Harmonic Hardware Products Co. Ltd., Guzhou"
20042645,2029-10-03,8516797010,"Ironing boards, including sleeve boards, whether or not free standing, with a steam soaking and/or heating top and/or bl",552,CN,11052,"Greenwood Houseware (Zhuhai) Ltd, Guangdong"
20042342,2029-10-03,8516797010,"Ironing boards, including sleeve boards, whether or not free standing, with a steam soaking and/or heating top and/or bl",552,CN,5433,Other
20042616,2029-10-03,8516900051,"Legs, tops and iron rests of ironing boards, including of sleeve boards, whether or not free standing, with a steam soak",552,CN,10120,"Foshan City Gaoming Lihe<br>Daily Necessities Co. Ltd.,<br>Foshan<br>"
20042622,2029-10-03,8516900051,"Legs, tops and iron rests of ironing boards, including of sleeve boards, whether or not free standing, with a steam soak",552,CN,10121,"Guangzhou Power Team Houseware Co. Ltd., Guangzhou"
20042628,2029-10-03,8516900051,"Legs, tops and iron rests of ironing boards, including of sleeve boards, whether or not free standing, with a steam soak",552,CN,10122,"Since Hardware (Guangzhou) Co., Ltd., Guangzhou"
20042634,2029-10-03,8516900051,"Legs, tops and iron rests of ironing boards, including of sleeve boards, whether or not free standing, with a steam soak",552,CN,10123,"Guangdong Wireking Household Supplies Co. Ltd, Foshan"
20042640,2029-10-03,8516900051,"Legs, tops and iron rests of ironing boards, including of sleeve boards, whether or not free standing, with a steam soak",552,CN,10124,"Zhejiang Harmonic Hardware Products Co. Ltd., Guzhou"
20042646,2029-10-03,8516900051,"Legs, tops and iron rests of ironing boards, including of sleeve boards, whether or not free standing, with a steam soak",552,CN,11052,"Greenwood Houseware (Zhuhai) Ltd, Guangdong"
20042343,2029-10-03,8516900051,"Legs, tops and iron rests of ironing boards, including of sleeve boards, whether or not free standing, with a steam soak",552,CN,5433,Other
20285084,2029-12-10,1516209821,Consigned from Canada,554,ID,12241,PT Ciliandra Perkasa
20285117,2029-12-10,1516209821,Consigned from Canada,554,ID,12242,PT Intibenua Perkasatama and PT Musim Mas (Musim Mas Group)
20285150,2029-12-10,1516209821,Consigned from Canada,554,ID,12243,PT Pelita Agung Agrindustri and PT Permata Hijau Palm Oleo (Permata Group)
20285183,2029-12-10,1516209821,Consigned from Canada,554,ID,12244,PT Wilmar Nabati Indonesia and PT Wilmar Bioenergi Indonesia (Wilmar Group)
20285085,2029-12-10,1516209829,Other,554,ID,12241,PT Ciliandra Perkasa
20285118,2029-12-10,1516209829,Other,554,ID,12242,PT Intibenua Perkasatama and PT Musim Mas (Musim Mas Group)
20285151,2029-12-10,1516209829,Other,554,ID,12243,PT Pelita Agung Agrindustri and PT Permata Hijau Palm Oleo (Permata Group)
20285184,2029-12-10,1516209829,Other,554,ID,12244,PT Wilmar Nabati Indonesia and PT Wilmar Bioenergi Indonesia (Wilmar Group)
20285086,2029-12-10,1516209833,Blends containing by weight 20% or less of fatty-acid mono-alkyl esters and/or paraffinic gasoil obtained from synthesis,554,ID,12241,PT Ciliandra Perkasa
20285119,2029-12-10,1516209833,Blends containing by weight 20% or less of fatty-acid mono-alkyl esters and/or paraffinic gasoil obtained from synthesis,554,ID,12242,PT Intibenua Perkasatama and PT Musim Mas (Musim Mas Group)
20285152,2029-12-10,1516209833,Blends containing by weight 20% or less of fatty-acid mono-alkyl esters and/or paraffinic gasoil obtained from synthesis,554,ID,12243,PT Pelita Agung Agrindustri and PT Permata Hijau Palm Oleo (Permata Group)
20285185,2029-12-10,1516209833,Blends containing by weight 20% or less of fatty-acid mono-alkyl esters and/or paraffinic gasoil obtained from synthesis,554,ID,12244,PT Wilmar Nabati Indonesia and PT Wilmar Bioenergi Indonesia (Wilmar Group)
20285087,2029-12-10,1518009121,Consigned from Canada,554,ID,12241,PT Ciliandra Perkasa
20285120,2029-12-10,1518009121,Consigned from Canada,554,ID,12242,PT Intibenua Perkasatama and PT Musim Mas (Musim Mas Group)
20285153,2029-12-10,1518009121,Consigned from Canada,554,ID,12243,PT Pelita Agung Agrindustri and PT Permata Hijau Palm Oleo (Permata Group)
20285186,2029-12-10,1518009121,Consigned from Canada,554,ID,12244,PT Wilmar Nabati Indonesia and PT Wilmar Bioenergi Indonesia (Wilmar Group)
20285088,2029-12-10,1518009129,Other,554,ID,12241,PT Ciliandra Perkasa
20285121,2029-12-10,1518009129,Other,554,ID,12242,PT Intibenua Perkasatama and PT Musim Mas (Musim Mas Group)
20285154,2029-12-10,1518009129,Other,554,ID,12243,PT Pelita Agung Agrindustri and PT Permata Hijau Palm Oleo (Permata Group)
20285187,2029-12-10,1518009129,Other,554,ID,12244,PT Wilmar Nabati Indonesia and PT Wilmar Bioenergi Indonesia (Wilmar Group)
20285089,2029-12-10,1518009133,Blends containing by weight 20% or less of fatty-acid mono-alkyl esters and/or paraffinic gasoil obtained from synthesis,554,ID,12241,PT Ciliandra Perkasa
20285122,2029-12-10,1518009133,Blends containing by weight 20% or less of fatty-acid mono-alkyl esters and/or paraffinic gasoil obtained from synthesis,554,ID,12242,PT Intibenua Perkasatama and PT Musim Mas (Musim Mas Group)
20285155,2029-12-10,1518009133,Blends containing by weight 20% or less of fatty-acid mono-alkyl esters and/or paraffinic gasoil obtained from synthesis,554,ID,12243,PT Pelita Agung Agrindustri and PT Permata Hijau Palm Oleo (Permata Group)
20285188,2029-12-10,1518009133,Blends containing by weight 20% or less of fatty-acid mono-alkyl esters and/or paraffinic gasoil obtained from synthesis,554,ID,12244,PT Wilmar Nabati Indonesia and PT Wilmar Bioenergi Indonesia (Wilmar Group)
20285090,2029-12-10,1518009521,Blends containing by weight 20% or less of fatty-acid mono-alkyl esters and/or paraffinic gasoil obtained from synthesis,554,ID,12241,PT Ciliandra Perkasa
20285123,2029-12-10,1518009521,Blends containing by weight 20% or less of fatty-acid mono-alkyl esters and/or paraffinic gasoil obtained from synthesis,554,ID,12242,PT Intibenua Perkasatama and PT Musim Mas (Musim Mas Group)
20285156,2029-12-10,1518009521,Blends containing by weight 20% or less of fatty-acid mono-alkyl esters and/or paraffinic gasoil obtained from synthesis,554,ID,12243,PT Pelita Agung Agrindustri and PT Permata Hijau Palm Oleo (Permata Group)
20285189,2029-12-10,1518009521,Blends containing by weight 20% or less of fatty-acid mono-alkyl esters and/or paraffinic gasoil obtained from synthesis,554,ID,12244,PT Wilmar Nabati Indonesia and PT Wilmar Bioenergi Indonesia (Wilmar Group)
20285091,2029-12-10,1518009921,Consigned from Canada,554,ID,12241,PT Ciliandra Perkasa
20285124,2029-12-10,1518009921,Consigned from Canada,554,ID,12242,PT Intibenua Perkasatama and PT Musim Mas (Musim Mas Group)
20285157,2029-12-10,1518009921,Consigned from Canada,554,ID,12243,PT Pelita Agung Agrindustri and PT Permata Hijau Palm Oleo (Permata Group)
20285190,2029-12-10,1518009921,Consigned from Canada,554,ID,12244,PT Wilmar Nabati Indonesia and PT Wilmar Bioenergi Indonesia (Wilmar Group)
20285092,2029-12-10,1518009929,Other,554,ID,12241,PT Ciliandra Perkasa
20285125,2029-12-10,1518009929,Other,554,ID,12242,PT Intibenua Perkasatama and PT Musim Mas (Musim Mas Group)
20285158,2029-12-10,1518009929,Other,554,ID,12243,PT Pelita Agung Agrindustri and PT Permata Hijau Palm Oleo (Permata Group)
20285191,2029-12-10,1518009929,Other,554,ID,12244,PT Wilmar Nabati Indonesia and PT Wilmar Bioenergi Indonesia (Wilmar Group)
20285093,2029-12-10,1518009933,Blends containing by weight 20% or less of fatty-acid mono-alkyl esters and/or paraffinic gasoil obtained from synthesis,554,ID,12241,PT Ciliandra Perkasa
20285126,2029-12-10,1518009933,Blends containing by weight 20% or less of fatty-acid mono-alkyl esters and/or paraffinic gasoil obtained from synthesis,554,ID,12242,PT Intibenua Perkasatama and PT Musim Mas (Musim Mas Group)
20285159,2029-12-10,1518009933,Blends containing by weight 20% or less of fatty-acid mono-alkyl esters and/or paraffinic gasoil obtained from synthesis,554,ID,12243,PT Pelita Agung Agrindustri and PT Permata Hijau Palm Oleo (Permata Group)
20285192,2029-12-10,1518009933,Blends containing by weight 20% or less of fatty-acid mono-alkyl esters and/or paraffinic gasoil obtained from synthesis,554,ID,12244,PT Wilmar Nabati Indonesia and PT Wilmar Bioenergi Indonesia (Wilmar Group)
20285094,2029-12-10,2710194221,Consigned from Canada,554,ID,12241,PT Ciliandra Perkasa
20285127,2029-12-10,2710194221,Consigned from Canada,554,ID,12242,PT Intibenua Perkasatama and PT Musim Mas (Musim Mas Group)
20285160,2029-12-10,2710194221,Consigned from Canada,554,ID,12243,PT Pelita Agung Agrindustri and PT Permata Hijau Palm Oleo (Permata Group)
20285193,2029-12-10,2710194221,Consigned from Canada,554,ID,12244,PT Wilmar Nabati Indonesia and PT Wilmar Bioenergi Indonesia (Wilmar Group)
20285095,2029-12-10,2710194229,Other,554,ID,12241,PT Ciliandra Perkasa
20285128,2029-12-10,2710194229,Other,554,ID,12242,PT Intibenua Perkasatama and PT Musim Mas (Musim Mas Group)
20285161,2029-12-10,2710194229,Other,554,ID,12243,PT Pelita Agung Agrindustri and PT Permata Hijau Palm Oleo (Permata Group)
20285194,2029-12-10,2710194229,Other,554,ID,12244,PT Wilmar Nabati Indonesia and PT Wilmar Bioenergi Indonesia (Wilmar Group)
20285096,2029-12-10,2710194290,Other,554,ID,12241,PT Ciliandra Perkasa
20285129,2029-12-10,2710194290,Other,554,ID,12242,PT Intibenua Perkasatama and PT Musim Mas (Musim Mas Group)
20285162,2029-12-10,2710194290,Other,554,ID,12243,PT Pelita Agung Agrindustri and PT Permata Hijau Palm Oleo (Permata Group)
20285195,2029-12-10,2710194290,Other,554,ID,12244,PT Wilmar Nabati Indonesia and PT Wilmar Bioenergi Indonesia (Wilmar Group)
20285097,2029-12-10,2710194421,Consigned from Canada,554,ID,12241,PT Ciliandra Perkasa
20285130,2029-12-10,2710194421,Consigned from Canada,554,ID,12242,PT Intibenua Perkasatama and PT Musim Mas (Musim Mas Group)
20285163,2029-12-10,2710194421,Consigned from Canada,554,ID,12243,PT Pelita Agung Agrindustri and PT Permata Hijau Palm Oleo (Permata Group)
20285196,2029-12-10,2710194421,Consigned from Canada,554,ID,12244,PT Wilmar Nabati Indonesia and PT Wilmar Bioenergi Indonesia (Wilmar Group)
20285098,2029-12-10,2710194429,Other,554,ID,12241,PT Ciliandra Perkasa
20285131,2029-12-10,2710194429,Other,554,ID,12242,PT Intibenua Perkasatama and PT Musim Mas (Musim Mas Group)
20285164,2029-12-10,2710194429,Other,554,ID,12243,PT Pelita Agung Agrindustri and PT Permata Hijau Palm Oleo (Permata Group)
20285197,2029-12-10,2710194429,Other,554,ID,12244,PT Wilmar Nabati Indonesia and PT Wilmar Bioenergi Indonesia (Wilmar Group)
20285099,2029-12-10,2710194433,"Blends containing by weight 20 % or less of paraffinic gasoil obtained from synthesis and/or hydro-treatment, of non-fos",554,ID,12241,PT Ciliandra Perkasa
20285132,2029-12-10,2710194433,"Blends containing by weight 20 % or less of paraffinic gasoil obtained from synthesis and/or hydro-treatment, of non-fos",554,ID,12242,PT Intibenua Perkasatama and PT Musim Mas (Musim Mas Group)
20285165,2029-12-10,2710194433,"Blends containing by weight 20 % or less of paraffinic gasoil obtained from synthesis and/or hydro-treatment, of non-fos",554,ID,12243,PT Pelita Agung Agrindustri and PT Permata Hijau Palm Oleo (Permata Group)
20285198,2029-12-10,2710194433,"Blends containing by weight 20 % or less of paraffinic gasoil obtained from synthesis and/or hydro-treatment, of non-fos",554,ID,12244,PT Wilmar Nabati Indonesia and PT Wilmar Bioenergi Indonesia (Wilmar Group)
20285100,2029-12-10,2710194621,Consigned from Canada,554,ID,12241,PT Ciliandra Perkasa
20285133,2029-12-10,2710194621,Consigned from Canada,554,ID,12242,PT Intibenua Perkasatama and PT Musim Mas (Musim Mas Group)
20285166,2029-12-10,2710194621,Consigned from Canada,554,ID,12243,PT Pelita Agung Agrindustri and PT Permata Hijau Palm Oleo (Permata Group)
20285199,2029-12-10,2710194621,Consigned from Canada,554,ID,12244,PT Wilmar Nabati Indonesia and PT Wilmar Bioenergi Indonesia (Wilmar Group)
20285101,2029-12-10,2710194629,Other,554,ID,12241,PT Ciliandra Perkasa
20285134,2029-12-10,2710194629,Other,554,ID,12242,PT Intibenua Perkasatama and PT Musim Mas (Musim Mas Group)
20285167,2029-12-10,2710194629,Other,554,ID,12243,PT Pelita Agung Agrindustri and PT Permata Hijau Palm Oleo (Permata Group)
20285200,2029-12-10,2710194629,Other,554,ID,12244,PT Wilmar Nabati Indonesia and PT Wilmar Bioenergi Indonesia (Wilmar Group)
20285102,2029-12-10,2710194633,"Blends containing by weight 20% or less of paraffinic gasoil obtained from synthesis and/or hydro-treatment, of non-foss",554,ID,12241,PT Ciliandra Perkasa
20285135,2029-12-10,2710194633,"Blends containing by weight 20% or less of paraffinic gasoil obtained from synthesis and/or hydro-treatment, of non-foss",554,ID,12242,PT Intibenua Perkasatama and PT Musim Mas (Musim Mas Group)
20285168,2029-12-10,2710194633,"Blends containing by weight 20% or less of paraffinic gasoil obtained from synthesis and/or hydro-treatment, of non-foss",554,ID,12243,PT Pelita Agung Agrindustri and PT Permata Hijau Palm Oleo (Permata Group)
20285201,2029-12-10,2710194633,"Blends containing by weight 20% or less of paraffinic gasoil obtained from synthesis and/or hydro-treatment, of non-foss",554,ID,12244,PT Wilmar Nabati Indonesia and PT Wilmar Bioenergi Indonesia (Wilmar Group)
20285103,2029-12-10,2710194721,Consigned from Canada,554,ID,12241,PT Ciliandra Perkasa
20285136,2029-12-10,2710194721,Consigned from Canada,554,ID,12242,PT Intibenua Perkasatama and PT Musim Mas (Musim Mas Group)
20285169,2029-12-10,2710194721,Consigned from Canada,554,ID,12243,PT Pelita Agung Agrindustri and PT Permata Hijau Palm Oleo (Permata Group)
20285202,2029-12-10,2710194721,Consigned from Canada,554,ID,12244,PT Wilmar Nabati Indonesia and PT Wilmar Bioenergi Indonesia (Wilmar Group)
20285104,2029-12-10,2710194729,Other,554,ID,12241,PT Ciliandra Perkasa
20285137,2029-12-10,2710194729,Other,554,ID,12242,PT Intibenua Perkasatama and PT Musim Mas (Musim Mas Group)
20285170,2029-12-10,2710194729,Other,554,ID,12243,PT Pelita Agung Agrindustri and PT Permata Hijau Palm Oleo (Permata Group)
20285203,2029-12-10,2710194729,Other,554,ID,12244,PT Wilmar Nabati Indonesia and PT Wilmar Bioenergi Indonesia (Wilmar Group)
20285105,2029-12-10,2710194733,"Blends containing by weight 20% or less of paraffinic gasoil obtained from synthesis and/or hydro-treatment, of non-foss",554,ID,12241,PT Ciliandra Perkasa
20285138,2029-12-10,2710194733,"Blends containing by weight 20% or less of paraffinic gasoil obtained from synthesis and/or hydro-treatment, of non-foss",554,ID,12242,PT Intibenua Perkasatama and PT Musim Mas (Musim Mas Group)
20285171,2029-12-10,2710194733,"Blends containing by weight 20% or less of paraffinic gasoil obtained from synthesis and/or hydro-treatment, of non-foss",554,ID,12243,PT Pelita Agung Agrindustri and PT Permata Hijau Palm Oleo (Permata Group)
20285204,2029-12-10,2710194733,"Blends containing by weight 20% or less of paraffinic gasoil obtained from synthesis and/or hydro-treatment, of non-foss",554,ID,12244,PT Wilmar Nabati Indonesia and PT Wilmar Bioenergi Indonesia (Wilmar Group)
20285106,2029-12-10,2710194890,Other,554,ID,12241,PT Ciliandra Perkasa
20285139,2029-12-10,2710194890,Other,554,ID,12242,PT Intibenua Perkasatama and PT Musim Mas (Musim Mas Group)
20285172,2029-12-10,2710194890,Other,554,ID,12243,PT Pelita Agung Agrindustri and PT Permata Hijau Palm Oleo (Permata Group)
20285205,2029-12-10,2710194890,Other,554,ID,12244,PT Wilmar Nabati Indonesia and PT Wilmar Bioenergi Indonesia (Wilmar Group)
20285107,2029-12-10,2710201133,"Blends containing by weight 20% or less of paraffinic gasoil obtained from synthesis and/or hydro-treatment, of non-foss",554,ID,12241,PT Ciliandra Perkasa
20285140,2029-12-10,2710201133,"Blends containing by weight 20% or less of paraffinic gasoil obtained from synthesis and/or hydro-treatment, of non-foss",554,ID,12242,PT Intibenua Perkasatama and PT Musim Mas (Musim Mas Group)
20285173,2029-12-10,2710201133,"Blends containing by weight 20% or less of paraffinic gasoil obtained from synthesis and/or hydro-treatment, of non-foss",554,ID,12243,PT Pelita Agung Agrindustri and PT Permata Hijau Palm Oleo (Permata Group)
20285206,2029-12-10,2710201133,"Blends containing by weight 20% or less of paraffinic gasoil obtained from synthesis and/or hydro-treatment, of non-foss",554,ID,12244,PT Wilmar Nabati Indonesia and PT Wilmar Bioenergi Indonesia (Wilmar Group)
20285108,2029-12-10,2710201693,"With a sulphur content exceeding 0,05 % by weight but not exceeding 0,1 % by weight",554,ID,12241,PT Ciliandra Perkasa
20285141,2029-12-10,2710201693,"With a sulphur content exceeding 0,05 % by weight but not exceeding 0,1 % by weight",554,ID,12242,PT Intibenua Perkasatama and PT Musim Mas (Musim Mas Group)
20285174,2029-12-10,2710201693,"With a sulphur content exceeding 0,05 % by weight but not exceeding 0,1 % by weight",554,ID,12243,PT Pelita Agung Agrindustri and PT Permata Hijau Palm Oleo (Permata Group)
20285207,2029-12-10,2710201693,"With a sulphur content exceeding 0,05 % by weight but not exceeding 0,1 % by weight",554,ID,12244,PT Wilmar Nabati Indonesia and PT Wilmar Bioenergi Indonesia (Wilmar Group)
20285109,2029-12-10,2710201910,"With a sulphur content not exceeding 0,2 % by weight",554,ID,12241,PT Ciliandra Perkasa
20285142,2029-12-10,2710201910,"With a sulphur content not exceeding 0,2 % by weight",554,ID,12242,PT Intibenua Perkasatama and PT Musim Mas (Musim Mas Group)
20285175,2029-12-10,2710201910,"With a sulphur content not exceeding 0,2 % by weight",554,ID,12243,PT Pelita Agung Agrindustri and PT Permata Hijau Palm Oleo (Permata Group)
20285208,2029-12-10,2710201910,"With a sulphur content not exceeding 0,2 % by weight",554,ID,12244,PT Wilmar Nabati Indonesia and PT Wilmar Bioenergi Indonesia (Wilmar Group)
20285110,2029-12-10,3824999210,Consigned from Canada,554,ID,12241,PT Ciliandra Perkasa
20285143,2029-12-10,3824999210,Consigned from Canada,554,ID,12242,PT Intibenua Perkasatama and PT Musim Mas (Musim Mas Group)
20285176,2029-12-10,3824999210,Consigned from Canada,554,ID,12243,PT Pelita Agung Agrindustri and PT Permata Hijau Palm Oleo (Permata Group)
20285209,2029-12-10,3824999210,Consigned from Canada,554,ID,12244,PT Wilmar Nabati Indonesia and PT Wilmar Bioenergi Indonesia (Wilmar Group)
20285111,2029-12-10,3824999214,Other,554,ID,12241,PT Ciliandra Perkasa
20285144,2029-12-10,3824999214,Other,554,ID,12242,PT Intibenua Perkasatama and PT Musim Mas (Musim Mas Group)
20285177,2029-12-10,3824999214,Other,554,ID,12243,PT Pelita Agung Agrindustri and PT Permata Hijau Palm Oleo (Permata Group)
20285210,2029-12-10,3824999214,Other,554,ID,12244,PT Wilmar Nabati Indonesia and PT Wilmar Bioenergi Indonesia (Wilmar Group)
20285217,2029-12-10,3824999217,"Blends containing by weight 20% or less of paraffinic gasoil obtained from synthesis and/or hydro-treatment, of non-foss",554,ID,14075,Sustainable Aviation Fuel is excluded from the measure
20285112,2029-12-10,3824999217,"Blends containing by weight 20% or less of paraffinic gasoil obtained from synthesis and/or hydro-treatment, of non-foss",554,ID,12241,PT Ciliandra Perkasa
20285145,2029-12-10,3824999217,"Blends containing by weight 20% or less of paraffinic gasoil obtained from synthesis and/or hydro-treatment, of non-foss",554,ID,12242,PT Intibenua Perkasatama and PT Musim Mas (Musim Mas Group)
20285178,2029-12-10,3824999217,"Blends containing by weight 20% or less of paraffinic gasoil obtained from synthesis and/or hydro-treatment, of non-foss",554,ID,12243,PT Pelita Agung Agrindustri and PT Permata Hijau Palm Oleo (Permata Group)
20285211,2029-12-10,3824999217,"Blends containing by weight 20% or less of paraffinic gasoil obtained from synthesis and/or hydro-treatment, of non-foss",554,ID,12244,PT Wilmar Nabati Indonesia and PT Wilmar Bioenergi Indonesia (Wilmar Group)
20285216,2029-12-10,3824999217,"Blends containing by weight 20% or less of paraffinic gasoil obtained from synthesis and/or hydro-treatment, of non-foss",554,ID,12524,All Other Overseas Exporters (Residual Rate)
20285218,2029-12-10,3826001050,Consigned from Canada,554,ID,14075,Sustainable Aviation Fuel is excluded from the measure
20285113,2029-12-10,3826001050,Consigned from Canada,554,ID,12241,PT Ciliandra Perkasa
20285146,2029-12-10,3826001050,Consigned from Canada,554,ID,12242,PT Intibenua Perkasatama and PT Musim Mas (Musim Mas Group)
20285179,2029-12-10,3826001050,Consigned from Canada,554,ID,12243,PT Pelita Agung Agrindustri and PT Permata Hijau Palm Oleo (Permata Group)
20285212,2029-12-10,3826001050,Consigned from Canada,554,ID,12244,PT Wilmar Nabati Indonesia and PT Wilmar Bioenergi Indonesia (Wilmar Group)
20285114,2029-12-10,3826009011,Consigned from Canada,554,ID,12241,PT Ciliandra Perkasa
20285147,2029-12-10,3826009011,Consigned from Canada,554,ID,12242,PT Intibenua Perkasatama and PT Musim Mas (Musim Mas Group)
20285180,2029-12-10,3826009011,Consigned from Canada,554,ID,12243,PT Pelita Agung Agrindustri and PT Permata Hijau Palm Oleo (Permata Group)
20285213,2029-12-10,3826009011,Consigned from Canada,554,ID,12244,PT Wilmar Nabati Indonesia and PT Wilmar Bioenergi Indonesia (Wilmar Group)
20285115,2029-12-10,3826009019,Other,554,ID,12241,PT Ciliandra Perkasa
20285148,2029-12-10,3826009019,Other,554,ID,12242,PT Intibenua Perkasatama and PT Musim Mas (Musim Mas Group)
20285181,2029-12-10,3826009019,Other,554,ID,12243,PT Pelita Agung Agrindustri and PT Permata Hijau Palm Oleo (Permata Group)
20285214,2029-12-10,3826009019,Other,554,ID,12244,PT Wilmar Nabati Indonesia and PT Wilmar Bioenergi Indonesia (Wilmar Group)
20285116,2029-12-10,3826009033,Blends containing by weight 20% or less of fatty-acid mono-alkyl esters or of a mixture of fatty-acid mono-alkyl esters ,554,ID,12241,PT Ciliandra Perkasa
20285149,2029-12-10,3826009033,Blends containing by weight 20% or less of fatty-acid mono-alkyl esters or of a mixture of fatty-acid mono-alkyl esters ,554,ID,12242,PT Intibenua Perkasatama and PT Musim Mas (Musim Mas Group)
20285182,2029-12-10,3826009033,Blends containing by weight 20% or less of fatty-acid mono-alkyl esters or of a mixture of fatty-acid mono-alkyl esters ,554,ID,12243,PT Pelita Agung Agrindustri and PT Permata Hijau Palm Oleo (Permata Group)
20285215,2029-12-10,3826009033,Blends containing by weight 20% or less of fatty-acid mono-alkyl esters or of a mixture of fatty-acid mono-alkyl esters ,554,ID,12244,PT Wilmar Nabati Indonesia and PT Wilmar Bioenergi Indonesia (Wilmar Group)
20262778,2030-05-14,8429521000,Track-laying excavators,552,CN,14050,Excavators with an operating weight of below 11.000 kg
20262779,2030-05-14,8429521000,Track-laying excavators,552,CN,14051,Excavators with an operating weight of 80.000 kg and above
20262772,2030-05-14,8429521000,Track-laying excavators,552,CN,14057,"Excavators from Liugong Group (Liugong Changzhou Machinery Co., Ltd , Liuzhou Liugong Excavator Co., Ltd, Guangxi Liugon"
20262773,2030-05-14,8429521000,Track-laying excavators,552,CN,14058,Excavators from Sany Group (Sany Heavy Machinery Company Limited and Sany Heavy Machinery Limited). Limited with an oper
20262774,2030-05-14,8429521000,Track-laying excavators,552,CN,14059,"Excavators from XCMG Group (XCMG Excavator Machinery Co., Ltd, Xuzhou Construction Machinery Group Imp. &amp; Exp. Co., "
20262780,2030-05-14,8429521000,Track-laying excavators,552,CN,14060,"Excavators from Sunward Intelligent Equipment Co., Ltd with an operating weight of 11.000 kg and above, but below 80.000"
20262777,2030-05-14,8429521000,Track-laying excavators,552,CN,14061,"Excavators from all other overseas exporters with an operating weight of 11.000 kg and above, but below 80.000 kg."
20262781,2030-05-14,8429521000,Track-laying excavators,552,CN,14076,"Excavators from Caterpillar Group  - Caterpillar SARL (Switzerland) , Caterpillar SARL Singapore Branch, Caterpillar (Xu"
20262788,2030-05-14,8429521000,Track-laying excavators,554,CN,14050,Excavators with an operating weight of below 11.000 kg
20262789,2030-05-14,8429521000,Track-laying excavators,554,CN,14051,Excavators with an operating weight of 80.000 kg and above
20262783,2030-05-14,8429521000,Track-laying excavators,554,CN,14057,"Excavators from Liugong Group (Liugong Changzhou Machinery Co., Ltd , Liuzhou Liugong Excavator Co., Ltd, Guangxi Liugon"
20262784,2030-05-14,8429521000,Track-laying excavators,554,CN,14058,Excavators from Sany Group (Sany Heavy Machinery Company Limited and Sany Heavy Machinery Limited). Limited with an oper
20262785,2030-05-14,8429521000,Track-laying excavators,554,CN,14059,"Excavators from XCMG Group (XCMG Excavator Machinery Co., Ltd, Xuzhou Construction Machinery Group Imp. &amp; Exp. Co., "
20262786,2030-05-14,8429521000,Track-laying excavators,554,CN,14060,"Excavators from Sunward Intelligent Equipment Co., Ltd with an operating weight of 11.000 kg and above, but below 80.000"
20262787,2030-05-14,8429521000,Track-laying excavators,554,CN,14061,"Excavators from all other overseas exporters with an operating weight of 11.000 kg and above, but below 80.000 kg."
20262782,2030-05-14,8429521000,Track-laying excavators,554,CN,14076,"Excavators from Caterpillar Group  - Caterpillar SARL (Switzerland) , Caterpillar SARL Singapore Branch, Caterpillar (Xu"
20042508,2030-12-17,3102290010,Solid fertilisers with an ammonium nitrate content exceeding 80% by weight,552,RU,10761,"For goods produced by Open Joint Stock Company (OJSC) ""Azot"", Novomoskovsk, Russia or by Open Joint Stock Company (OJSC)"
20042482,2030-12-17,3102290010,Solid fertilisers with an ammonium nitrate content exceeding 80% by weight,552,RU,11160,KCKK Branch of Joint Stock Company United Chemical Company Uralchem in Kirovo-Chepetsk
20042534,2030-12-17,3102290010,Solid fertilisers with an ammonium nitrate content exceeding 80% by weight,552,RU,5433,Other
20042509,2030-12-17,3102309000,Other,552,RU,10761,"For goods produced by Open Joint Stock Company (OJSC) ""Azot"", Novomoskovsk, Russia or by Open Joint Stock Company (OJSC)"
20042483,2030-12-17,3102309000,Other,552,RU,11160,KCKK Branch of Joint Stock Company United Chemical Company Uralchem in Kirovo-Chepetsk
20042535,2030-12-17,3102309000,Other,552,RU,5433,Other
20042510,2030-12-17,3102409000,With a nitrogen content exceeding 28 % by weight,552,RU,10761,"For goods produced by Open Joint Stock Company (OJSC) ""Azot"", Novomoskovsk, Russia or by Open Joint Stock Company (OJSC)"
20042484,2030-12-17,3102409000,With a nitrogen content exceeding 28 % by weight,552,RU,11160,KCKK Branch of Joint Stock Company United Chemical Company Uralchem in Kirovo-Chepetsk
20042536,2030-12-17,3102409000,With a nitrogen content exceeding 28 % by weight,552,RU,5433,Other
20042511,2030-12-17,3102600010,Solid fertilisers with an ammonium nitrate content exceeding 80% by weight,552,RU,10761,"For goods produced by Open Joint Stock Company (OJSC) ""Azot"", Novomoskovsk, Russia or by Open Joint Stock Company (OJSC)"
20042485,2030-12-17,3102600010,Solid fertilisers with an ammonium nitrate content exceeding 80% by weight,552,RU,11160,KCKK Branch of Joint Stock Company United Chemical Company Uralchem in Kirovo-Chepetsk
20042537,2030-12-17,3102600010,Solid fertilisers with an ammonium nitrate content exceeding 80% by weight,552,RU,5433,Other
20042512,2030-12-17,3102900010,Solid fertilisers with an ammonium nitrate content exceeding 80% by weight,552,RU,10761,"For goods produced by Open Joint Stock Company (OJSC) ""Azot"", Novomoskovsk, Russia or by Open Joint Stock Company (OJSC)"
20042486,2030-12-17,3102900010,Solid fertilisers with an ammonium nitrate content exceeding 80% by weight,552,RU,11160,KCKK Branch of Joint Stock Company United Chemical Company Uralchem in Kirovo-Chepetsk
20042538,2030-12-17,3102900010,Solid fertilisers with an ammonium nitrate content exceeding 80% by weight,552,RU,5433,Other
20042513,2030-12-17,3105100010,"Solid fertilisers with an ammonium nitrate content exceeding 80% by weight, with no phosphorus and no potassium content",552,RU,10761,"For goods produced by Open Joint Stock Company (OJSC) ""Azot"", Novomoskovsk, Russia or by Open Joint Stock Company (OJSC)"
20042487,2030-12-17,3105100010,"Solid fertilisers with an ammonium nitrate content exceeding 80% by weight, with no phosphorus and no potassium content",552,RU,11160,KCKK Branch of Joint Stock Company United Chemical Company Uralchem in Kirovo-Chepetsk
20042539,2030-12-17,3105100010,"Solid fertilisers with an ammonium nitrate content exceeding 80% by weight, with no phosphorus and no potassium content",552,RU,5433,Other
20042514,2030-12-17,3105100020,"Solid fertilisers with an ammonium nitrate content exceeding 80% by weight, and a phosphorus content evaluated as P₂O₅ a",552,RU,10761,"For goods produced by Open Joint Stock Company (OJSC) ""Azot"", Novomoskovsk, Russia or by Open Joint Stock Company (OJSC)"
20042488,2030-12-17,3105100020,"Solid fertilisers with an ammonium nitrate content exceeding 80% by weight, and a phosphorus content evaluated as P₂O₅ a",552,RU,11160,KCKK Branch of Joint Stock Company United Chemical Company Uralchem in Kirovo-Chepetsk
20042540,2030-12-17,3105100020,"Solid fertilisers with an ammonium nitrate content exceeding 80% by weight, and a phosphorus content evaluated as P₂O₅ a",552,RU,5433,Other
20042515,2030-12-17,3105100030,"Solid fertilisers with an ammonium nitrate content exceeding 80% by weight, and a phosphorus content evaluated as P<sub>",552,RU,10761,"For goods produced by Open Joint Stock Company (OJSC) ""Azot"", Novomoskovsk, Russia or by Open Joint Stock Company (OJSC)"
20042489,2030-12-17,3105100030,"Solid fertilisers with an ammonium nitrate content exceeding 80% by weight, and a phosphorus content evaluated as P<sub>",552,RU,11160,KCKK Branch of Joint Stock Company United Chemical Company Uralchem in Kirovo-Chepetsk
20042541,2030-12-17,3105100030,"Solid fertilisers with an ammonium nitrate content exceeding 80% by weight, and a phosphorus content evaluated as P<sub>",552,RU,5433,Other
20042516,2030-12-17,3105100040,"Solid fertilisers with an ammonium nitrate content exceeding 80% by weight, and a phosphorus content evaluated as P<sub>",552,RU,10761,"For goods produced by Open Joint Stock Company (OJSC) ""Azot"", Novomoskovsk, Russia or by Open Joint Stock Company (OJSC)"
20042490,2030-12-17,3105100040,"Solid fertilisers with an ammonium nitrate content exceeding 80% by weight, and a phosphorus content evaluated as P<sub>",552,RU,11160,KCKK Branch of Joint Stock Company United Chemical Company Uralchem in Kirovo-Chepetsk
20042542,2030-12-17,3105100040,"Solid fertilisers with an ammonium nitrate content exceeding 80% by weight, and a phosphorus content evaluated as P<sub>",552,RU,5433,Other
20042517,2030-12-17,3105100050,"Solid fertilisers with an ammonium nitrate content exceeding 80% by weight, and a phosphorus content evaluated as P<sub>",552,RU,10761,"For goods produced by Open Joint Stock Company (OJSC) ""Azot"", Novomoskovsk, Russia or by Open Joint Stock Company (OJSC)"
20042491,2030-12-17,3105100050,"Solid fertilisers with an ammonium nitrate content exceeding 80% by weight, and a phosphorus content evaluated as P<sub>",552,RU,11160,KCKK Branch of Joint Stock Company United Chemical Company Uralchem in Kirovo-Chepetsk
20042543,2030-12-17,3105100050,"Solid fertilisers with an ammonium nitrate content exceeding 80% by weight, and a phosphorus content evaluated as P<sub>",552,RU,5433,Other
20042518,2030-12-17,3105201030,"Solid fertilisers with an ammonium nitrate content exceeding 80% by weight, and a phosphorus content evaluated as P<sub>",552,RU,10761,"For goods produced by Open Joint Stock Company (OJSC) ""Azot"", Novomoskovsk, Russia or by Open Joint Stock Company (OJSC)"
20042492,2030-12-17,3105201030,"Solid fertilisers with an ammonium nitrate content exceeding 80% by weight, and a phosphorus content evaluated as P<sub>",552,RU,11160,KCKK Branch of Joint Stock Company United Chemical Company Uralchem in Kirovo-Chepetsk
20042544,2030-12-17,3105201030,"Solid fertilisers with an ammonium nitrate content exceeding 80% by weight, and a phosphorus content evaluated as P<sub>",552,RU,5433,Other
20042519,2030-12-17,3105201040,"Solid fertilisers with an ammonium nitrate content exceeding 80% by weight, and a phosphorus content evaluated as P<sub>",552,RU,10761,"For goods produced by Open Joint Stock Company (OJSC) ""Azot"", Novomoskovsk, Russia or by Open Joint Stock Company (OJSC)"
20042493,2030-12-17,3105201040,"Solid fertilisers with an ammonium nitrate content exceeding 80% by weight, and a phosphorus content evaluated as P<sub>",552,RU,11160,KCKK Branch of Joint Stock Company United Chemical Company Uralchem in Kirovo-Chepetsk
20042545,2030-12-17,3105201040,"Solid fertilisers with an ammonium nitrate content exceeding 80% by weight, and a phosphorus content evaluated as P<sub>",552,RU,5433,Other
20042520,2030-12-17,3105201050,"Solid fertilisers with an ammonium nitrate content exceeding 80% by weight, and a phosphorus content evaluated as P<sub>",552,RU,10761,"For goods produced by Open Joint Stock Company (OJSC) ""Azot"", Novomoskovsk, Russia or by Open Joint Stock Company (OJSC)"
20042494,2030-12-17,3105201050,"Solid fertilisers with an ammonium nitrate content exceeding 80% by weight, and a phosphorus content evaluated as P<sub>",552,RU,11160,KCKK Branch of Joint Stock Company United Chemical Company Uralchem in Kirovo-Chepetsk
20042546,2030-12-17,3105201050,"Solid fertilisers with an ammonium nitrate content exceeding 80% by weight, and a phosphorus content evaluated as P<sub>",552,RU,5433,Other
20042521,2030-12-17,3105201060,"Solid fertilisers with an ammonium nitrate content exceeding 80% by weight, and a phosphorus content evaluated as P<sub>",552,RU,10761,"For goods produced by Open Joint Stock Company (OJSC) ""Azot"", Novomoskovsk, Russia or by Open Joint Stock Company (OJSC)"
20042495,2030-12-17,3105201060,"Solid fertilisers with an ammonium nitrate content exceeding 80% by weight, and a phosphorus content evaluated as P<sub>",552,RU,11160,KCKK Branch of Joint Stock Company United Chemical Company Uralchem in Kirovo-Chepetsk
20042547,2030-12-17,3105201060,"Solid fertilisers with an ammonium nitrate content exceeding 80% by weight, and a phosphorus content evaluated as P<sub>",552,RU,5433,Other
20042522,2030-12-17,3105510010,"Solid fertilisers with an ammonium nitrate content exceeding 80% by weight, and a phosphorus content evaluated as P<sub>",552,RU,10761,"For goods produced by Open Joint Stock Company (OJSC) ""Azot"", Novomoskovsk, Russia or by Open Joint Stock Company (OJSC)"
20042496,2030-12-17,3105510010,"Solid fertilisers with an ammonium nitrate content exceeding 80% by weight, and a phosphorus content evaluated as P<sub>",552,RU,11160,KCKK Branch of Joint Stock Company United Chemical Company Uralchem in Kirovo-Chepetsk
20042548,2030-12-17,3105510010,"Solid fertilisers with an ammonium nitrate content exceeding 80% by weight, and a phosphorus content evaluated as P<sub>",552,RU,5433,Other
20042523,2030-12-17,3105510020,"Solid fertilisers with an ammonium nitrate content exceeding 80% by weight, and a phosphorus content evaluated as P<sub>",552,RU,10761,"For goods produced by Open Joint Stock Company (OJSC) ""Azot"", Novomoskovsk, Russia or by Open Joint Stock Company (OJSC)"
20042497,2030-12-17,3105510020,"Solid fertilisers with an ammonium nitrate content exceeding 80% by weight, and a phosphorus content evaluated as P<sub>",552,RU,11160,KCKK Branch of Joint Stock Company United Chemical Company Uralchem in Kirovo-Chepetsk
20042549,2030-12-17,3105510020,"Solid fertilisers with an ammonium nitrate content exceeding 80% by weight, and a phosphorus content evaluated as P<sub>",552,RU,5433,Other
20042524,2030-12-17,3105510030,"Solid fertilisers with an ammonium nitrate content exceeding 80% by weight, <br>and a phosphorus content evaluated as P<",552,RU,10761,"For goods produced by Open Joint Stock Company (OJSC) ""Azot"", Novomoskovsk, Russia or by Open Joint Stock Company (OJSC)"
20042498,2030-12-17,3105510030,"Solid fertilisers with an ammonium nitrate content exceeding 80% by weight, <br>and a phosphorus content evaluated as P<",552,RU,11160,KCKK Branch of Joint Stock Company United Chemical Company Uralchem in Kirovo-Chepetsk
20042550,2030-12-17,3105510030,"Solid fertilisers with an ammonium nitrate content exceeding 80% by weight, <br>and a phosphorus content evaluated as P<",552,RU,5433,Other
20042525,2030-12-17,3105510040,"Solid fertilisers with an ammonium nitrate content exceeding 80% by weight, and a phosphorus content evaluated as P<sub>",552,RU,10761,"For goods produced by Open Joint Stock Company (OJSC) ""Azot"", Novomoskovsk, Russia or by Open Joint Stock Company (OJSC)"
20042499,2030-12-17,3105510040,"Solid fertilisers with an ammonium nitrate content exceeding 80% by weight, and a phosphorus content evaluated as P<sub>",552,RU,11160,KCKK Branch of Joint Stock Company United Chemical Company Uralchem in Kirovo-Chepetsk
20042551,2030-12-17,3105510040,"Solid fertilisers with an ammonium nitrate content exceeding 80% by weight, and a phosphorus content evaluated as P<sub>",552,RU,5433,Other
20042526,2030-12-17,3105590010,"Solid fertilisers with an ammonium nitrate content exceeding 80% by weight, and a phosphorus content evaluated as P<sub>",552,RU,10761,"For goods produced by Open Joint Stock Company (OJSC) ""Azot"", Novomoskovsk, Russia or by Open Joint Stock Company (OJSC)"
20042500,2030-12-17,3105590010,"Solid fertilisers with an ammonium nitrate content exceeding 80% by weight, and a phosphorus content evaluated as P<sub>",552,RU,11160,KCKK Branch of Joint Stock Company United Chemical Company Uralchem in Kirovo-Chepetsk
20042552,2030-12-17,3105590010,"Solid fertilisers with an ammonium nitrate content exceeding 80% by weight, and a phosphorus content evaluated as P<sub>",552,RU,5433,Other
20042527,2030-12-17,3105590020,"Solid fertilisers with an ammonium nitrate content exceeding 80% by weight, and a phosphorus content evaluated as P<sub>",552,RU,10761,"For goods produced by Open Joint Stock Company (OJSC) ""Azot"", Novomoskovsk, Russia or by Open Joint Stock Company (OJSC)"
20042501,2030-12-17,3105590020,"Solid fertilisers with an ammonium nitrate content exceeding 80% by weight, and a phosphorus content evaluated as P<sub>",552,RU,11160,KCKK Branch of Joint Stock Company United Chemical Company Uralchem in Kirovo-Chepetsk
20042553,2030-12-17,3105590020,"Solid fertilisers with an ammonium nitrate content exceeding 80% by weight, and a phosphorus content evaluated as P<sub>",552,RU,5433,Other
20042528,2030-12-17,3105590030,"Solid fertilisers with an ammonium nitrate content exceeding 80% by weight, and a phosphorus content evaluated as P₂O₅ o",552,RU,10761,"For goods produced by Open Joint Stock Company (OJSC) ""Azot"", Novomoskovsk, Russia or by Open Joint Stock Company (OJSC)"
20042502,2030-12-17,3105590030,"Solid fertilisers with an ammonium nitrate content exceeding 80% by weight, and a phosphorus content evaluated as P₂O₅ o",552,RU,11160,KCKK Branch of Joint Stock Company United Chemical Company Uralchem in Kirovo-Chepetsk
20042554,2030-12-17,3105590030,"Solid fertilisers with an ammonium nitrate content exceeding 80% by weight, and a phosphorus content evaluated as P₂O₅ o",552,RU,5433,Other
20042529,2030-12-17,3105590040,"Solid fertilisers with an ammonium nitrate content exceeding 80% by weight, and a phosphorus content evaluated as P₂O₅ o",552,RU,10761,"For goods produced by Open Joint Stock Company (OJSC) ""Azot"", Novomoskovsk, Russia or by Open Joint Stock Company (OJSC)"
20042503,2030-12-17,3105590040,"Solid fertilisers with an ammonium nitrate content exceeding 80% by weight, and a phosphorus content evaluated as P₂O₅ o",552,RU,11160,KCKK Branch of Joint Stock Company United Chemical Company Uralchem in Kirovo-Chepetsk
20042555,2030-12-17,3105590040,"Solid fertilisers with an ammonium nitrate content exceeding 80% by weight, and a phosphorus content evaluated as P₂O₅ o",552,RU,5433,Other
20042530,2030-12-17,3105902030,"Solid fertilisers with an ammonium nitrate content exceeding 80% by weight, and a potassium content evaluated as K<sub>2",552,RU,10761,"For goods produced by Open Joint Stock Company (OJSC) ""Azot"", Novomoskovsk, Russia or by Open Joint Stock Company (OJSC)"
20042504,2030-12-17,3105902030,"Solid fertilisers with an ammonium nitrate content exceeding 80% by weight, and a potassium content evaluated as K<sub>2",552,RU,11160,KCKK Branch of Joint Stock Company United Chemical Company Uralchem in Kirovo-Chepetsk
20042556,2030-12-17,3105902030,"Solid fertilisers with an ammonium nitrate content exceeding 80% by weight, and a potassium content evaluated as K<sub>2",552,RU,5433,Other
20042531,2030-12-17,3105902040,"Solid fertilisers with an ammonium nitrate content exceeding 80% by weight, and a potassium content evaluated as K<sub>2",552,RU,10761,"For goods produced by Open Joint Stock Company (OJSC) ""Azot"", Novomoskovsk, Russia or by Open Joint Stock Company (OJSC)"
20042505,2030-12-17,3105902040,"Solid fertilisers with an ammonium nitrate content exceeding 80% by weight, and a potassium content evaluated as K<sub>2",552,RU,11160,KCKK Branch of Joint Stock Company United Chemical Company Uralchem in Kirovo-Chepetsk
20042557,2030-12-17,3105902040,"Solid fertilisers with an ammonium nitrate content exceeding 80% by weight, and a potassium content evaluated as K<sub>2",552,RU,5433,Other
20042532,2030-12-17,3105902050,"Solid fertilisers with an ammonium nitrate content exceeding 80% by weight, and a potassium content evaluated as K<sub>2",552,RU,10761,"For goods produced by Open Joint Stock Company (OJSC) ""Azot"", Novomoskovsk, Russia or by Open Joint Stock Company (OJSC)"
20042506,2030-12-17,3105902050,"Solid fertilisers with an ammonium nitrate content exceeding 80% by weight, and a potassium content evaluated as K<sub>2",552,RU,11160,KCKK Branch of Joint Stock Company United Chemical Company Uralchem in Kirovo-Chepetsk
20042558,2030-12-17,3105902050,"Solid fertilisers with an ammonium nitrate content exceeding 80% by weight, and a potassium content evaluated as K<sub>2",552,RU,5433,Other
20042533,2030-12-17,3105902060,"Solid fertilisers with an ammonium nitrate content exceeding 80% by weight, and a potassium content evaluated as K<sub>2",552,RU,10761,"For goods produced by Open Joint Stock Company (OJSC) ""Azot"", Novomoskovsk, Russia or by Open Joint Stock Company (OJSC)"
20042507,2030-12-17,3105902060,"Solid fertilisers with an ammonium nitrate content exceeding 80% by weight, and a potassium content evaluated as K<sub>2",552,RU,11160,KCKK Branch of Joint Stock Company United Chemical Company Uralchem in Kirovo-Chepetsk
20042559,2030-12-17,3105902060,"Solid fertilisers with an ammonium nitrate content exceeding 80% by weight, and a potassium content evaluated as K<sub>2",552,RU,5433,Other
20274117,2030-12-17,3602000010,Free flowing porous prills predominantly based on ammonium nitrate with the following composition (in percentage by weig,552,RU,10761,"For goods produced by Open Joint Stock Company (OJSC) ""Azot"", Novomoskovsk, Russia or by Open Joint Stock Company (OJSC)"
20274116,2030-12-17,3602000010,Free flowing porous prills predominantly based on ammonium nitrate with the following composition (in percentage by weig,552,RU,11160,KCKK Branch of Joint Stock Company United Chemical Company Uralchem in Kirovo-Chepetsk
20274118,2030-12-17,3602000010,Free flowing porous prills predominantly based on ammonium nitrate with the following composition (in percentage by weig,552,RU,5433,Other
20286824,2031-01-30,7306304120,"Tubes and pipes of an external diameter not exceeding 168,3 mm",552,BY,14116,Goods which do not fall within the goods description are excluded from the measure. <br><br>Excluded goods:<ul><li>line 
20286815,2031-01-30,7306304120,"Tubes and pipes of an external diameter not exceeding 168,3 mm",552,BY,14117,All overseas exporters (Belarus)
20286823,2031-01-30,7306304120,"Tubes and pipes of an external diameter not exceeding 168,3 mm",552,CN,14116,Goods which do not fall within the goods description are excluded from the measure. <br><br>Excluded goods:<ul><li>line 
20286819,2031-01-30,7306304120,"Tubes and pipes of an external diameter not exceeding 168,3 mm",552,CN,14118,All overseas exporters (China)
20286830,2031-01-30,7306304920,"Tubes and pipes of an external diameter not exceeding 168,3 mm",552,BY,14116,Goods which do not fall within the goods description are excluded from the measure. <br><br>Excluded goods:<ul><li>line 
20286818,2031-01-30,7306304920,"Tubes and pipes of an external diameter not exceeding 168,3 mm",552,BY,14117,All overseas exporters (Belarus)
20286829,2031-01-30,7306304920,"Tubes and pipes of an external diameter not exceeding 168,3 mm",552,CN,14116,Goods which do not fall within the goods description are excluded from the measure. <br><br>Excluded goods:<ul><li>line 
20286822,2031-01-30,7306304920,"Tubes and pipes of an external diameter not exceeding 168,3 mm",552,CN,14118,All overseas exporters (China)
20286826,2031-01-30,7306307280,Tubes and pipes,552,BY,14116,Goods which do not fall within the goods description are excluded from the measure. <br><br>Excluded goods:<ul><li>line 
20286816,2031-01-30,7306307280,Tubes and pipes,552,BY,14117,All overseas exporters (Belarus)
20286825,2031-01-30,7306307280,Tubes and pipes,552,CN,14116,Goods which do not fall within the goods description are excluded from the measure. <br><br>Excluded goods:<ul><li>line 
20286820,2031-01-30,7306307280,Tubes and pipes,552,CN,14118,All overseas exporters (China)
20286828,2031-01-30,7306307780,Tubes and pipes,552,BY,14116,Goods which do not fall within the goods description are excluded from the measure. <br><br>Excluded goods:<ul><li>line 
20286817,2031-01-30,7306307780,Tubes and pipes,552,BY,14117,All overseas exporters (Belarus)
20286827,2031-01-30,7306307780,Tubes and pipes,552,CN,14116,Goods which do not fall within the goods description are excluded from the measure. <br><br>Excluded goods:<ul><li>line 
20286821,2031-01-30,7306307780,Tubes and pipes,552,CN,14118,All overseas exporters (China)
20274372,2031-03-12,7210110010,Not further worked than surface-treated or simply cut into shapes other than rectangular (including square),552,CN,7291,All other overseas exporters (residual amount)
20274325,2031-03-12,7210110010,Not further worked than surface-treated or simply cut into shapes other than rectangular (including square),552,CN,14094,"Shougang Group (Including:<br><br>Shougang Jingtang United Iron &amp; Steel Co., Ltd, <br><br>Shou Gang Casey Steel Co.,"
20274373,2031-03-12,7210110090,Other,552,CN,7291,All other overseas exporters (residual amount)
20274326,2031-03-12,7210110090,Other,552,CN,14094,"Shougang Group (Including:<br><br>Shougang Jingtang United Iron &amp; Steel Co., Ltd, <br><br>Shou Gang Casey Steel Co.,"
20274374,2031-03-12,7210122010,Not further worked than surface-treated or simply cut into shapes other than rectangular (including square),552,CN,7291,All other overseas exporters (residual amount)
20274327,2031-03-12,7210122010,Not further worked than surface-treated or simply cut into shapes other than rectangular (including square),552,CN,14094,"Shougang Group (Including:<br><br>Shougang Jingtang United Iron &amp; Steel Co., Ltd, <br><br>Shou Gang Casey Steel Co.,"
20274375,2031-03-12,7210122090,Other,552,CN,7291,All other overseas exporters (residual amount)
20274328,2031-03-12,7210122090,Other,552,CN,14094,"Shougang Group (Including:<br><br>Shougang Jingtang United Iron &amp; Steel Co., Ltd, <br><br>Shou Gang Casey Steel Co.,"
20274376,2031-03-12,7210128010,Not further worked than surface-treated or simply cut into shapes other than rectangular (including square),552,CN,7291,All other overseas exporters (residual amount)
20274329,2031-03-12,7210128010,Not further worked than surface-treated or simply cut into shapes other than rectangular (including square),552,CN,14094,"Shougang Group (Including:<br><br>Shougang Jingtang United Iron &amp; Steel Co., Ltd, <br><br>Shou Gang Casey Steel Co.,"
20274377,2031-03-12,7210128090,Other,552,CN,7291,All other overseas exporters (residual amount)
20274330,2031-03-12,7210128090,Other,552,CN,14094,"Shougang Group (Including:<br><br>Shougang Jingtang United Iron &amp; Steel Co., Ltd, <br><br>Shou Gang Casey Steel Co.,"
20274378,2031-03-12,7210500010,Not further worked than surface-treated or simply cut into shapes other than rectangular (including square),552,CN,7291,All other overseas exporters (residual amount)
20274331,2031-03-12,7210500010,Not further worked than surface-treated or simply cut into shapes other than rectangular (including square),552,CN,14094,"Shougang Group (Including:<br><br>Shougang Jingtang United Iron &amp; Steel Co., Ltd, <br><br>Shou Gang Casey Steel Co.,"
20274379,2031-03-12,7210500090,Other,552,CN,7291,All other overseas exporters (residual amount)
20274332,2031-03-12,7210500090,Other,552,CN,14094,"Shougang Group (Including:<br><br>Shougang Jingtang United Iron &amp; Steel Co., Ltd, <br><br>Shou Gang Casey Steel Co.,"
20274380,2031-03-12,7210701015,Not painted,552,CN,7291,All other overseas exporters (residual amount)
20274333,2031-03-12,7210701015,Not painted,552,CN,14094,"Shougang Group (Including:<br><br>Shougang Jingtang United Iron &amp; Steel Co., Ltd, <br><br>Shou Gang Casey Steel Co.,"
20274381,2031-03-12,7210701019,Other,552,CN,7291,All other overseas exporters (residual amount)
20274334,2031-03-12,7210701019,Other,552,CN,14094,"Shougang Group (Including:<br><br>Shougang Jingtang United Iron &amp; Steel Co., Ltd, <br><br>Shou Gang Casey Steel Co.,"
20274382,2031-03-12,7210701091,Other,552,CN,7291,All other overseas exporters (residual amount)
20274335,2031-03-12,7210701091,Other,552,CN,14094,"Shougang Group (Including:<br><br>Shougang Jingtang United Iron &amp; Steel Co., Ltd, <br><br>Shou Gang Casey Steel Co.,"
20274383,2031-03-12,7210708020,Not painted,552,CN,7291,All other overseas exporters (residual amount)
20274336,2031-03-12,7210708020,Not painted,552,CN,14094,"Shougang Group (Including:<br><br>Shougang Jingtang United Iron &amp; Steel Co., Ltd, <br><br>Shou Gang Casey Steel Co.,"
20274384,2031-03-12,7210708023,Other,552,CN,7291,All other overseas exporters (residual amount)
20274337,2031-03-12,7210708023,Other,552,CN,14094,"Shougang Group (Including:<br><br>Shougang Jingtang United Iron &amp; Steel Co., Ltd, <br><br>Shou Gang Casey Steel Co.,"
20274385,2031-03-12,7210708025,Other,552,CN,7291,All other overseas exporters (residual amount)
20274338,2031-03-12,7210708025,Other,552,CN,14094,"Shougang Group (Including:<br><br>Shougang Jingtang United Iron &amp; Steel Co., Ltd, <br><br>Shou Gang Casey Steel Co.,"
20274386,2031-03-12,7210708092,Not painted,552,CN,7291,All other overseas exporters (residual amount)
20274339,2031-03-12,7210708092,Not painted,552,CN,14094,"Shougang Group (Including:<br><br>Shougang Jingtang United Iron &amp; Steel Co., Ltd, <br><br>Shou Gang Casey Steel Co.,"
20274387,2031-03-12,7210708093,Other,552,CN,7291,All other overseas exporters (residual amount)
20274340,2031-03-12,7210708093,Other,552,CN,14094,"Shougang Group (Including:<br><br>Shougang Jingtang United Iron &amp; Steel Co., Ltd, <br><br>Shou Gang Casey Steel Co.,"
20274388,2031-03-12,7210708095,Other,552,CN,7291,All other overseas exporters (residual amount)
20274341,2031-03-12,7210708095,Other,552,CN,14094,"Shougang Group (Including:<br><br>Shougang Jingtang United Iron &amp; Steel Co., Ltd, <br><br>Shou Gang Casey Steel Co.,"
20274389,2031-03-12,7210903010,"Not further worked than surface-treated, including cladding, or simply cut into shapes other than rectangular (including",552,CN,7291,All other overseas exporters (residual amount)
20274342,2031-03-12,7210903010,"Not further worked than surface-treated, including cladding, or simply cut into shapes other than rectangular (including",552,CN,14094,"Shougang Group (Including:<br><br>Shougang Jingtang United Iron &amp; Steel Co., Ltd, <br><br>Shou Gang Casey Steel Co.,"
20274390,2031-03-12,7210904010,"Not further worked than surface-treated, including cladding, or simply cut into shapes other than rectangular (including",552,CN,7291,All other overseas exporters (residual amount)
20274343,2031-03-12,7210904010,"Not further worked than surface-treated, including cladding, or simply cut into shapes other than rectangular (including",552,CN,14094,"Shougang Group (Including:<br><br>Shougang Jingtang United Iron &amp; Steel Co., Ltd, <br><br>Shou Gang Casey Steel Co.,"
20274391,2031-03-12,7210904090,Other,552,CN,7291,All other overseas exporters (residual amount)
20274344,2031-03-12,7210904090,Other,552,CN,14094,"Shougang Group (Including:<br><br>Shougang Jingtang United Iron &amp; Steel Co., Ltd, <br><br>Shou Gang Casey Steel Co.,"
20274392,2031-03-12,7210908020,Not painted,552,CN,7291,All other overseas exporters (residual amount)
20274345,2031-03-12,7210908020,Not painted,552,CN,14094,"Shougang Group (Including:<br><br>Shougang Jingtang United Iron &amp; Steel Co., Ltd, <br><br>Shou Gang Casey Steel Co.,"
20274393,2031-03-12,7210908029,Other,552,CN,7291,All other overseas exporters (residual amount)
20274346,2031-03-12,7210908029,Other,552,CN,14094,"Shougang Group (Including:<br><br>Shougang Jingtang United Iron &amp; Steel Co., Ltd, <br><br>Shou Gang Casey Steel Co.,"
20274394,2031-03-12,7210908091,"Not further worked than surface-treated, including cladding, or simply cut into shapes other than rectangular (including",552,CN,7291,All other overseas exporters (residual amount)
20274347,2031-03-12,7210908091,"Not further worked than surface-treated, including cladding, or simply cut into shapes other than rectangular (including",552,CN,14094,"Shougang Group (Including:<br><br>Shougang Jingtang United Iron &amp; Steel Co., Ltd, <br><br>Shou Gang Casey Steel Co.,"
20274395,2031-03-12,7210908099,Other,552,CN,7291,All other overseas exporters (residual amount)
20274348,2031-03-12,7210908099,Other,552,CN,14094,"Shougang Group (Including:<br><br>Shougang Jingtang United Iron &amp; Steel Co., Ltd, <br><br>Shou Gang Casey Steel Co.,"
20274396,2031-03-12,7212101000,"Tinplate, not further worked than surface-treated",552,CN,7291,All other overseas exporters (residual amount)
20274349,2031-03-12,7212101000,"Tinplate, not further worked than surface-treated",552,CN,14094,"Shougang Group (Including:<br><br>Shougang Jingtang United Iron &amp; Steel Co., Ltd, <br><br>Shou Gang Casey Steel Co.,"
20274397,2031-03-12,7212109011,Not further worked than surface-treated,552,CN,7291,All other overseas exporters (residual amount)
20274350,2031-03-12,7212109011,Not further worked than surface-treated,552,CN,14094,"Shougang Group (Including:<br><br>Shougang Jingtang United Iron &amp; Steel Co., Ltd, <br><br>Shou Gang Casey Steel Co.,"
20274398,2031-03-12,7212109019,Other,552,CN,7291,All other overseas exporters (residual amount)
20274351,2031-03-12,7212109019,Other,552,CN,14094,"Shougang Group (Including:<br><br>Shougang Jingtang United Iron &amp; Steel Co., Ltd, <br><br>Shou Gang Casey Steel Co.,"
20274399,2031-03-12,7212109090,Of a width not exceeding 500 mm,552,CN,7291,All other overseas exporters (residual amount)
20274352,2031-03-12,7212109090,Of a width not exceeding 500 mm,552,CN,14094,"Shougang Group (Including:<br><br>Shougang Jingtang United Iron &amp; Steel Co., Ltd, <br><br>Shou Gang Casey Steel Co.,"
20274400,2031-03-12,7212402010,Not painted,552,CN,7291,All other overseas exporters (residual amount)
20274353,2031-03-12,7212402010,Not painted,552,CN,14094,"Shougang Group (Including:<br><br>Shougang Jingtang United Iron &amp; Steel Co., Ltd, <br><br>Shou Gang Casey Steel Co.,"
20274401,2031-03-12,7212402019,Other,552,CN,7291,All other overseas exporters (residual amount)
20274354,2031-03-12,7212402019,Other,552,CN,14094,"Shougang Group (Including:<br><br>Shougang Jingtang United Iron &amp; Steel Co., Ltd, <br><br>Shou Gang Casey Steel Co.,"
20274402,2031-03-12,7212402091,Not further worked than surface-treated,552,CN,7291,All other overseas exporters (residual amount)
20274355,2031-03-12,7212402091,Not further worked than surface-treated,552,CN,14094,"Shougang Group (Including:<br><br>Shougang Jingtang United Iron &amp; Steel Co., Ltd, <br><br>Shou Gang Casey Steel Co.,"
20274403,2031-03-12,7212402093,Other,552,CN,7291,All other overseas exporters (residual amount)
20274356,2031-03-12,7212402093,Other,552,CN,14094,"Shougang Group (Including:<br><br>Shougang Jingtang United Iron &amp; Steel Co., Ltd, <br><br>Shou Gang Casey Steel Co.,"
20274404,2031-03-12,7212402099,Of a width not exceeding 500 mm,552,CN,7291,All other overseas exporters (residual amount)
20274357,2031-03-12,7212402099,Of a width not exceeding 500 mm,552,CN,14094,"Shougang Group (Including:<br><br>Shougang Jingtang United Iron &amp; Steel Co., Ltd, <br><br>Shou Gang Casey Steel Co.,"
20274405,2031-03-12,7212408012,Not painted,552,CN,7291,All other overseas exporters (residual amount)
20274358,2031-03-12,7212408012,Not painted,552,CN,14094,"Shougang Group (Including:<br><br>Shougang Jingtang United Iron &amp; Steel Co., Ltd, <br><br>Shou Gang Casey Steel Co.,"
20274406,2031-03-12,7212408014,Other,552,CN,7291,All other overseas exporters (residual amount)
20274359,2031-03-12,7212408014,Other,552,CN,14094,"Shougang Group (Including:<br><br>Shougang Jingtang United Iron &amp; Steel Co., Ltd, <br><br>Shou Gang Casey Steel Co.,"
20274407,2031-03-12,7212408015,Other,552,CN,7291,All other overseas exporters (residual amount)
20274360,2031-03-12,7212408015,Other,552,CN,14094,"Shougang Group (Including:<br><br>Shougang Jingtang United Iron &amp; Steel Co., Ltd, <br><br>Shou Gang Casey Steel Co.,"
20274408,2031-03-12,7212408030,Not painted,552,CN,7291,All other overseas exporters (residual amount)
20274361,2031-03-12,7212408030,Not painted,552,CN,14094,"Shougang Group (Including:<br><br>Shougang Jingtang United Iron &amp; Steel Co., Ltd, <br><br>Shou Gang Casey Steel Co.,"
20274409,2031-03-12,7212408033,Other,552,CN,7291,All other overseas exporters (residual amount)
20274362,2031-03-12,7212408033,Other,552,CN,14094,"Shougang Group (Including:<br><br>Shougang Jingtang United Iron &amp; Steel Co., Ltd, <br><br>Shou Gang Casey Steel Co.,"
20274410,2031-03-12,7212408035,Other,552,CN,7291,All other overseas exporters (residual amount)
20274363,2031-03-12,7212408035,Other,552,CN,14094,"Shougang Group (Including:<br><br>Shougang Jingtang United Iron &amp; Steel Co., Ltd, <br><br>Shou Gang Casey Steel Co.,"
20274411,2031-03-12,7212408080,Not painted,552,CN,7291,All other overseas exporters (residual amount)
20274364,2031-03-12,7212408080,Not painted,552,CN,14094,"Shougang Group (Including:<br><br>Shougang Jingtang United Iron &amp; Steel Co., Ltd, <br><br>Shou Gang Casey Steel Co.,"
20274412,2031-03-12,7212408081,Other,552,CN,7291,All other overseas exporters (residual amount)
20274365,2031-03-12,7212408081,Other,552,CN,14094,"Shougang Group (Including:<br><br>Shougang Jingtang United Iron &amp; Steel Co., Ltd, <br><br>Shou Gang Casey Steel Co.,"
20274413,2031-03-12,7212408085,Not painted,552,CN,7291,All other overseas exporters (residual amount)
20274366,2031-03-12,7212408085,Not painted,552,CN,14094,"Shougang Group (Including:<br><br>Shougang Jingtang United Iron &amp; Steel Co., Ltd, <br><br>Shou Gang Casey Steel Co.,"
20274414,2031-03-12,7212408086,Other,552,CN,7291,All other overseas exporters (residual amount)
20274367,2031-03-12,7212408086,Other,552,CN,14094,"Shougang Group (Including:<br><br>Shougang Jingtang United Iron &amp; Steel Co., Ltd, <br><br>Shou Gang Casey Steel Co.,"
20274415,2031-03-12,7212408087,Other,552,CN,7291,All other overseas exporters (residual amount)
20274368,2031-03-12,7212408087,Other,552,CN,14094,"Shougang Group (Including:<br><br>Shougang Jingtang United Iron &amp; Steel Co., Ltd, <br><br>Shou Gang Casey Steel Co.,"
20274416,2031-03-12,7212502011,Not further worked than surface-treated,552,CN,7291,All other overseas exporters (residual amount)
20274369,2031-03-12,7212502011,Not further worked than surface-treated,552,CN,14094,"Shougang Group (Including:<br><br>Shougang Jingtang United Iron &amp; Steel Co., Ltd, <br><br>Shou Gang Casey Steel Co.,"
20274417,2031-03-12,7212502019,Other,552,CN,7291,All other overseas exporters (residual amount)
20274370,2031-03-12,7212502019,Other,552,CN,14094,"Shougang Group (Including:<br><br>Shougang Jingtang United Iron &amp; Steel Co., Ltd, <br><br>Shou Gang Casey Steel Co.,"
20274418,2031-03-12,7212502090,Of a width not exceeding 500 mm,552,CN,7291,All other overseas exporters (residual amount)
20274371,2031-03-12,7212502090,Of a width not exceeding 500 mm,552,CN,14094,"Shougang Group (Including:<br><br>Shougang Jingtang United Iron &amp; Steel Co., Ltd, <br><br>Shou Gang Casey Steel Co.,"
